Index,  Easting,  Northing,  Elevation,  X,  Y,  Deformation (mm),  Range (m)
0, 1969.98404048361, 855.39824847551, 10.5663142153562, 1, 59, 0.1393814, 2147.709
1, 1946.51286516221, 825.375164225715, 10.4019475098598, 2, 59, -31.27481, 2114.3
2, 2014.01997242101, 833.629913053409, 10.7239714383989, 3, 59, -10.81703, 2179.755
3, 1990.7722757594, 804.015288887625, 10.5629594741293, 4, 59, -6.336662, 2147.027
4, 2001.42227143162, 788.356674023892, 10.5830855192413, 5, 59, 30.72097, 2151.118
5, 1988.39972699931, 763.531107147316, 10.47909935133, 6, 59, -33.23253, 2129.982
6, 1998.08809001767, 747.589741610547, 10.4958706552151, 7, 59, -16.79189, 2133.391
7, 2024.30516431601, 737.60715811321, 10.599858024251, 8, 59, -18.06807, 2154.527
8, 2054.99503255041, 728.823554371294, 10.7273261796258, 9, 59, -24.6945, 2180.437
9, 277.775174279184, 95.8331802892621, 1.4456627027077, 10, 59, 2.483704, 293.8454
10, 277.943021304939, 93.2229246999502, 1.44230841190257, 11, 59, -21.61585, 293.1636
11, 286.51390398242, 93.3630124552633, 1.48256125282937, 12, 59, -21.47013, 301.3454
12, 338.660858088963, 107.141293878595, 1.74755998557254, 13, 59, 32.19837, 355.2091
13, 794.526181245234, 243.862318767077, 4.08894069782616, 14, 59, -27.7118, 831.1182
14, 795.941399762738, 236.822953855253, 4.08558625688045, 15, 59, -20.57827, 830.4363
15, 646.610934756643, 186.350895751834, 3.31071670432523, 16, 59, -16.61261, 672.9363
16, 517.497947923806, 144.330534048466, 2.64318836118934, 17, 59, 3.969429, 537.2545
17, 317.281657353694, 85.5548585263231, 1.61673783967381, 18, 59, 21.43725, 328.6182
18, 318.006005655236, 82.8218828436539, 1.61673783967381, 19, 59, -9.15461, 328.6182
19, 318.706813332946, 80.0827762113975, 1.61673783967381, 20, 59, -21.81667, 328.6182
20, 420.108240194539, 101.727761996376, 2.12660880962645, 21, 59, -9.983749, 432.2545
21, 401.047460606892, 93.4668909665607, 2.02597633195797, 22, 59, 13.03923, 411.8
22, 529.578647711532, 118.627573013731, 2.67002388875504, 23, 59, 17.67068, 542.7091
23, 531.912797942407, 114.353424156715, 2.6767324703653, 24, 59, -0.1287918, 544.0727
24, 538.219324942178, 110.873276432272, 2.70356799793101, 25, 59, -17.71769, 549.5273
25, 521.09173675483, 102.679493185282, 2.61299869295909, 26, 59, -20.19817, 531.1182
26, 513.24513615017, 96.5536563651167, 2.56939126094598, 27, 59, -36.50238, 522.2545
27, 538.888172594454, 96.5847628736558, 2.69350467509387, 28, 59, -34.59079, 547.4818
28, 527.600971614799, 89.8836415821097, 2.63312533863337, 29, 59, -55.72573, 535.2091
29, 605.086574224317, 97.7348534666875, 3.01552830335182, 30, 59, 2.985336, 612.9363
30, 568.161241220344, 86.7615268905775, 2.82768111179772, 31, 59, -18.93951, 574.7545
31, 684.962180975582, 98.5747385401988, 3.40464045024287, 32, 59, 2.594498, 692.0273
32, 740.514003798682, 100.074008746494, 3.67634776459629, 33, 59, -19.27403, 747.2545
33, 731.87765063004, 92.5022042789508, 3.62938619191864, 34, 59, -44.4238, 737.7091
34, 733.323510667384, 86.2815596195767, 3.63274033258318, 35, 59, -20.69373, 738.3909
35, 729.971943172942, 79.5259911805739, 3.61261398719007, 36, 59, 2.305532, 734.3
36, 748.946235370616, 75.0787711899087, 3.70318329216199, 37, 59, 24.18157, 752.7091
37, 708.826262574378, 64.9021469203621, 3.50191833682504, 38, 59, -13.00207, 711.8
38, 654.320569468621, 54.2389079254923, 3.23021072219045, 39, 59, -0.8103943, 656.5727
39, 1153.15827176789, 85.6064021569388, 5.68899611684112, 40, 59, -60.07819, 1156.345
40, 1232.77253037165, 80.8581893447504, 6.07810826373217, 41, 59, -13.4788, 1235.436
41, 1233.42258481429, 70.2487415764787, 6.07810826373217, 42, 59, -27.43404, 1235.436
42, 1106.63150067643, 53.4797120942287, 5.45083291166366, 43, 59, -1.428894, 1107.936
43, 1119.31356036503, 44.4434729238464, 5.51121224812416, 44, 59, -5.626205, 1120.209
44, 1119.65451147738, 34.8115445063541, 5.51121224812416, 45, 59, -2.335857, 1120.209
45, 1071.51633595205, 24.0890308991975, 5.2730490429467, 46, 59, 16.81697, 1071.8
46, 1071.00224300442, 14.8596326749999, 5.26969490228216, 47, 59, 13.70564, 1071.118
47, 968.820281226334, 5.10551157043257, 4.7665323637992, 48, 59, -25.92357, 968.8455
48, 948.374120303037, -3.16195958305981, 4.66589973599014, 49, 59, -13.9785, 948.3909
49, 899.225024333075, -10.7353854489488, 4.42438208986697, 50, 59, 13.1177, 899.3
50, 899.099376971899, -18.4716868829151, 4.42438208986697, 51, 59, 3.318483, 899.3
51, 1057.70148988391, -30.8360894632481, 5.20596082459477, 52, 59, -24.37006, 1058.164
52, 1084.64998107381, -40.9644102065026, 5.34013726129863, 53, 59, 5.195633, 1085.436
53, 1039.98741152915, -48.2414102759954, 5.12210070179545, 54, 59, -4.535751, 1041.118
54, 1033.40672621776, -56.8503372053759, 5.09191043300286, 55, 59, -30.55333, 1034.982
55, 1013.82725116328, -64.5267924059049, 4.9979869873664, 56, 59, -18.07552, 1015.891
56, 1026.15520974078, -74.181149745199, 5.06172076477261, 57, 59, -22.7882, 1028.845
57, 1015.28522388673, -82.1820447591526, 5.01140475114925, 58, 59, -34.46901, 1018.618
58, 1406.3748263257, -126.027012714474, 6.94690156220501, 59, 59, -57.61007, 1412.027
59, 1452.73629589235, -142.791045774909, 7.18171062671793, 60, 59, -44.05429, 1459.755
60, 1407.38775977499, -150.57027330345, 6.96367346665241, 61, 59, -38.23575, 1415.436
61, 1328.15165204196, -153.662090750078, 6.57791606098824, 62, 59, -25.7809, 1337.027
62, 1351.81437862872, -168.198302953968, 6.70202947513613, 63, 59, -33.04461, 1362.255
63, 1363.83406682138, -181.622787442923, 6.76911769348806, 64, 59, -9.676956, 1375.891
64, 1363.57105115139, -193.541769081793, 6.77582657537948, 65, 59, 41.02455, 1377.255
65, 1295.11012348178, -195.206198152501, 6.44373962428439, 66, 59, 56.0224, 1309.755
66, 1301.46217480192, -207.630738216204, 6.48399231507061, 67, 59, 23.33613, 1317.936
67, 1339.96835115226, -225.612736014599, 6.68525697012639, 68, 59, 20.52956, 1358.845
68, 1327.90752770105, -235.348373950645, 6.6349412567842, 69, 59, 40.6663, 1348.618
69, 846.56965026989, -157.56386480517, 4.23653489831287, 70, 59, 16.90062, 861.1182
70, 926.825173988688, -180.764987196754, 4.64577339059703, 71, 59, 11.44002, 944.3
71, 913.878740231141, -186.41584907621, 4.58874849508224, 72, 59, 37.6366, 932.7091
72, 842.888005364398, -179.502235950359, 4.23988933925858, 73, 59, 47.21084, 861.8
73, 995.733724716983, -221.024748234165, 5.01811303247834, 74, 59, 16.94571, 1019.982
74, 993.795230180561, -229.583602073618, 5.01811303247834, 75, 59, 14.90807, 1019.982
75, 1575.85856433357, -378.36097492001, 7.97335208372054, 76, 59, 2.319832, 1620.664
76, 1527.55784331228, -380.693695966134, 7.74525190109905, 77, 59, -17.57657, 1574.3
77, 1216.60464666039, -314.340581670428, 6.18209503220577, 78, 59, 1.527832, 1256.573
78, 1249.42169994609, -334.312998710881, 6.36323364214961, 79, 59, -5.049206, 1293.391
79, 1194.58829155213, -330.680602880621, 6.09823490940645, 80, 59, -22.86533, 1239.527
80, 1185.14383727346, -339.070856333996, 6.06469049994931, 81, 59, -1.685303, 1232.709
81, 1167.79751564382, -345.005129776684, 5.99089339970596, 82, 59, -22.90054, 1217.709
82, 1164.78595750156, -355.039786958139, 5.99089339970596, 83, 59, -21.42223, 1217.709
83, 1324.95136843182, -416.351885281, 6.8328511706131, 84, 59, 29.65158, 1388.845
84, 1321.32014460441, -427.736012686551, 6.8328511706131, 85, 59, 10.09632, 1388.845
85, 1191.45783522183, -397.054444445979, 6.17874089154123, 86, 59, 12.6393, 1255.891
86, 1186.70765380311, -406.848505764017, 6.1720320096498, 87, 59, 30.13351, 1254.527
87, 1170.94564590592, -412.737066754002, 6.10829793196242, 88, 59, 27.04121, 1241.573
88, 1174.40287135011, -425.350299019252, 6.14519648208409, 89, 59, -5.379883, 1249.073
89, 1315.76130577983, -489.394071412051, 6.90664827085645, 90, 59, -6.716339, 1403.845
90, 1314.68691353137, -501.91234662801, 6.92342077586619, 91, 59, -1.424774, 1407.255
91, 1607.43109181564, -629.572706615001, 8.49328592608856, 92, 59, -51.64066, 1726.345
92, 1602.58766804879, -643.633451100466, 8.49664066731544, 93, 59, -46.91075, 1727.027
93, 2065.43772478607, -850.233115332653, 10.9889695705797, 94, 59, -5.203796, 2233.618
94, 2124.00978830416, -895.792042815989, 11.3411837679114, 95, 59, -69.5385, 2305.209
95, 2112.46833873065, -912.411177330804, 11.3210565216748, 96, 59, 7.383926, 2301.118
96, 2077.72645150882, -918.696540385566, 11.176817062415, 97, 59, 18.00228, 2271.8
97, 2076.5782695157, -939.630595364605, 11.2137156125367, 98, 59, 15.40227, 2279.3
98, 2351.79801324849, -1088.63808505276, 12.7500369538642, 99, 59, -17.2798, 2591.573
99, 2278.25466983471, -1078.49280227837, 12.4011774977594, 100, 59, -22.78738, 2520.664
100, 2268.8912728856, -1098.05439619968, 12.4011774977594, 101, 59, -14.93645, 2520.664
101, 2194.57933771464, -1085.49264477134, 12.0456097603255, 102, 59, -35.74672, 2448.391
102, 2185.15881300041, -1104.33405876271, 12.0456097603255, 103, 59, -51.47105, 2448.391
103, 800.912162760158, -413.453358516388, 4.4344454127041, 104, 59, -9.18676, 901.3455
104, 14.4591004263541, -7.62245713365216, 0.0804164795786634, 105, 59, -0.1004639, 16.34546
105, 797.28158508545, -429.11210338086, 4.45457175809721, 106, 59, 1.897327, 905.4363
106, 14.3258013433789, -7.87012412632731, 0.0804164795786634, 107, 59, -0.2057266, 16.34546
107, 14.2575585986247, -7.99308830806584, 0.0804164795786634, 108, 59, -2.152649, 16.34546
108, 14.1882604278164, -8.11546079567981, 0.0804164795786634, 109, 59, 0.4333591, 16.34546
109, 14.117911960801, -8.23723253045762, 0.0804164795786634, 110, 59, -1.640306, 16.34546
110, 14.0465184051745, -8.35839449815879, 0.0804164795786634, 111, 59, -2.698164, 16.34546
111, 1400.11312602419, -849.534833305937, 8.05721220651986, 112, 59, -6.683401, 1637.709
112, 14.48045210138, -8.95753628552942, 0.0837708829892306, 113, 59, -0.3162956, 17.02727
113, 13.8261204406869, -8.71813233745493, 0.0804164795786634, 114, 59, 1.796963, 16.34546
114, 13.7506001479422, -8.83676600715273, 0.0804164795786634, 115, 59, 4.808769, 16.34546
115, 667.336799865795, -437.019463828471, 3.92457459289206, 116, 59, -4.013271, 797.7091
116, 13.5965115339795, -9.07206216910575, 0.0804164795786634, 117, 59, 0.1361313, 16.34546
117, 659.718275714958, -448.437523973771, 3.92457459289206, 118, 59, -4.34315, 797.7091
118, 13.4383970282487, -9.30467211700195, 0.0804164795786634, 119, 59, 1.503326, 16.34546
119, 13.3578446501868, -9.41994820554935, 0.0804164795786634, 120, 59, -0.2826691, 16.34546
120, 1171.26090385772, -841.154220905393, 7.09449576269172, 121, 59, -11.10965, 1442.027
121, 13.1937794579679, -9.64839994549665, 0.0804164795786634, 122, 59, -0.7041092, 16.34546
122, 13.1102787888551, -9.7615586855918, 0.0804164795786634, 123, 59, -0.2070189, 16.34546
123, 13.0258076219032, -9.87399481926773, 0.0804164795786634, 124, 59, 9.89852, 16.34546
124, 12.9403722101512, -9.98570002335859, 0.0804164795786634, 125, 59, -0.1427803, 16.34546
125, 12.8539788780171, -10.0966660288061, 0.0804164795786634, 126, 59, 0.5723953, 16.34546
126, 12.7666340208296, -10.2068846212718, 0.0804164795786634, 127, 59, 0.7486577, 16.34546
127, 12.6783441043547, -10.3163476417447, 0.0804164795786634, 128, 59, 0.1798553, 16.34546
128, 12.5891156643171, -10.4250469871461, 0.0804164795786634, 129, 59, -0.3940043, 16.34546
129, 12.4989553059164, -10.5329746109283, 0.0804164795786634, 130, 59, -1.468792, 16.34546
130, 12.4078697033383, -10.6401225236713, 0.0804164795786634, 131, 59, -1.068262, 16.34546
131, 12.3158655992599, -10.7464827936736, 0.0804164795786634, 132, 59, -1.34066, 16.34546
132, 12.2229498043516, -10.8520475475395, 0.0804164795786634, 133, 59, -0.6251793, 16.34546
133, 591.939270768407, -534.72639353431, 3.92457459289206, 134, 59, -3.532631, 797.7091
134, 12.0344107216592, -11.0607593083012, 0.0804164795786634, 135, 59, -0.07892609, 16.34546
135, 12.4368032468604, -11.6295689673272, 0.0837708829892306, 136, 59, 0.7480202, 17.02727
136, 12.3362851314061, -11.7361415517872, 0.0837708829892306, 137, 59, -1.066778, 17.02727
137, 12.2348538135512, -11.8418453599078, 0.0837708829892306, 138, 59, -1.070644, 17.02727
138, 11.6466993639896, -11.4682968142005, 0.0804164795786634, 139, 59, 3.908541, 16.34546
139, 563.558739447908, -564.558201970291, 3.92457459289206, 140, 59, -3.299988, 797.7091
140, 11.447641889339, -11.6670018885405, 0.0804164795786634, 141, 59, -0.4521031, 16.34546
141, 1828.02796412055, 793.75867344037, -7.51203207332996, 1, 58, 7.270466, 1992.936
142, 1935.85154842681, 820.854471756205, -7.9258019245673, 2, 58, 4.524385, 2102.709
143, 1971.82130333714, 816.163317229604, -8.04402135620869, 3, 58, 13.80554, 2134.073
144, 1965.49423160317, 793.806218657814, -7.99005167569281, 4, 58, -33.89567, 2119.755
145, 1972.88562147964, 777.116138348313, -7.99262192340677, 5, 58, -16.45858, 2120.437
146, 1971.86064075032, 757.180217704197, -7.96178171157788, 6, 58, 13.8122, 2112.255
147, 1971.27786456354, 737.558627557115, -7.93351174746296, 7, 58, -0.9225998, 2104.755
148, 1976.26931688967, 720.104073335145, -7.92837125203503, 8, 58, -13.49787, 2103.391
149, 2031.87165688617, 720.62262902903, -8.1262610008395, 9, 58, -25.37912, 2155.891
150, 2026.39492643171, 699.111685649758, -8.08000114321928, 10, 58, -22.82138, 2143.618
151, 2063.36319750276, 692.058217854706, -8.2033610702886, 11, 58, -20.74484, 2176.345
152, 2069.24111586197, 674.279961244108, -8.2033610702886, 12, 58, 16.67369, 2176.345
153, 237.90366472532, 75.2649910620447, -0.940550252890337, 13, 58, -28.29058, 249.5273
154, 238.542419683748, 73.2153438886278, -0.940550252890337, 14, 58, 33.45532, 249.5273
155, 243.738023351923, 72.5213673698211, -0.95854026142641, 15, 58, 28.77411, 254.3
156, 207.009491220165, 59.6593748179151, -0.812050463062368, 16, 58, 25.41843, 215.4364
157, 314.565171104078, 87.7324428447458, -1.2309598894814, 17, 58, 3.294159, 326.5727
158, 287.659717828431, 77.5673156393605, -1.12301995329575, 18, 58, -3.522934, 297.9363
159, 287.656660604702, 74.9176613652645, -1.12045005067412, 19, 58, -0.5265045, 297.2545
160, 273.742923369686, 68.7845140253301, -1.06391012244427, 20, 58, 5.609146, 282.2545
161, 219.986275177865, 53.2689181088194, -0.853170400408549, 21, 58, 1.690266, 226.3455
162, 220.436444805913, 51.3742416435002, -0.853170400408549, 22, 58, 28.97866, 226.3455
163, 214.21704784109, 47.9854098977894, -0.827470453946033, 23, 58, 35.47536, 219.5273
164, 406.597869581795, 87.4125586399931, -1.56762944120807, 24, 58, 25.80325, 415.8909
165, 523.530605905499, 107.847397704553, -2.01480894677281, 25, 58, 8.131374, 534.5273
166, 486.977873577856, 95.9574633879606, -1.87088899351501, 26, 58, 14.66815, 496.3454
167, 483.76511234888, 91.0077604817265, -1.85546911766212, 27, 58, 17.54476, 492.2545
168, 486.543558114104, 87.203053579579, -1.86317905558857, 28, 58, 7.354053, 494.3
169, 527.603608795828, 89.8840908599677, -2.01737896442522, 29, 58, 1.716499, 535.2091
170, 501.433796822107, 80.9926393069917, -1.9145789485136, 30, 58, -23.20861, 507.9363
171, 443.474073895283, 67.721071055281, -1.69098925324662, 31, 58, -11.91009, 448.6182
172, 511.526387756861, 73.6151299006426, -1.94798894793334, 32, 58, 3.125672, 516.8
173, 379.709255140388, 51.3143939548976, -1.44426962916953, 33, 58, 2.539597, 383.1636
174, 741.351311641994, 93.6995827279893, -2.81664778253873, 34, 58, -10.93751, 747.2545
175, 719.107190208271, 84.6088922586903, -2.72926787254156, 35, 58, -22.2501, 724.0727
176, 714.386120627807, 77.8280108707023, -2.70870796138386, 36, 58, -28.38166, 718.6182
177, 642.439106794473, 64.4018708213456, -2.43371837319185, 37, 58, -28.94478, 645.6636
178, 708.150826966391, 64.8403021166643, -2.68043799726893, 38, 58, -7.980377, 711.1182
179, 654.323840049771, 54.2391790353399, -2.47483819550725, 39, 58, 9.391365, 656.5727
180, 655.446229321935, 48.6580158797808, -2.47740821315966, 40, 58, 19.98844, 657.2545
181, 685.776073395768, 44.9804081650143, -2.59048806961935, 41, 58, -15.72269, 687.2545
182, 1053.72125979414, 60.0139752460144, -3.97828655896455, 42, 58, -36.11324, 1055.436
183, 1054.19860322695, 50.9458096541209, -3.97828655896455, 43, 58, -22.76543, 1055.436
184, 1044.37873901109, 41.4681103249955, -3.93973652424, 44, 58, 10.19722, 1045.209
185, 1072.6377541273, 33.3497311306574, -4.04510655780403, 45, 58, -15.40155, 1073.164
186, 1072.20327749546, 24.1044742065088, -4.04253631009006, 46, 58, -14.52826, 1072.482
187, 965.336571756815, 13.3935731299778, -3.63904675952392, 47, 58, -7.451569, 965.4363
188, 966.097886136485, 5.09116502969653, -3.64161677717632, 48, 58, -28.38788, 966.1182
189, 949.06067579006, -3.1642486171604, -3.57736679598926, 49, 58, -15.06953, 949.0727
190, 863.095998143212, -10.3040595721684, -3.25354733252462, 50, 58, 11.05067, 863.1636
191, 862.293723996234, -17.7155274252393, -3.25097731487221, 51, 58, -17.72189, 862.4818
192, 878.465969806659, -25.6106807964791, -3.31265727840687, 52, 58, -17.92662, 878.8455
193, 1030.83051141556, -38.9317887427614, -3.88833663131497, 53, 58, -32.52886, 1031.573
194, 1029.77637286031, -47.7677555948839, -3.88576684372412, 54, 58, -16.14355, 1030.891
195, 1040.21978664831, -57.225141019838, -3.92688666603952, 55, 58, -4.759743, 1041.8
196, 960.077821085128, -61.1058167785393, -3.62619690132344, 56, 58, -4.355057, 962.0273
197, 928.234753847593, -67.1024428081014, -3.50797700955893, 57, 58, -2.6408, 930.6636
198, 940.535270300979, -76.1314257933692, -3.55680688483155, 58, 58, 10.9439, 943.6182
199, 986.023722318842, -88.3588228851528, -3.73156670482591, 59, 58, -12.56945, 989.9818
200, 1051.72432518656, -103.375138822461, -3.98342659426937, 60, 58, -32.26406, 1056.8
201, 1296.88984784823, -138.748584019373, -4.91633541006184, 61, 58, -47.70643, 1304.3
202, 1300.3891351901, -150.45007322378, -4.93432530356713, 62, 58, -44.02158, 1309.073
203, 1299.72323288958, -161.716908429122, -4.93689555128109, 63, 58, -24.59977, 1309.755
204, 1336.80703420641, -178.023577598223, -5.08338540716053, 64, 58, -6.057068, 1348.618
205, 1363.57786687748, -193.54273648843, -5.1913252283154, 65, 58, 45.17553, 1377.255
206, 1295.11659701013, -195.207173878685, -4.93689555128109, 66, 58, 15.64169, 1309.755
207, 1292.71578460726, -206.235369616175, -4.93432530356713, 67, 58, -1.642288, 1309.073
208, 1296.94467834645, -218.368767508351, -4.95745523237724, 68, 58, 59.6472, 1315.209
209, 1292.33246127884, -229.043315909331, -4.94717516176761, 69, 58, 61.3509, 1312.482
210, 1286.96252045113, -239.529953048796, -4.93432530356713, 70, 58, 24.20522, 1309.073
211, 1310.28375545206, -255.55350990207, -5.03198505411238, 71, 58, -38.95411, 1334.982
212, 1308.03654201326, -266.817392579281, -5.03198505411238, 72, 58, 17.40851, 1334.982
213, 1253.67753784963, -266.984367760058, -4.83152551771707, 73, 58, 6.510204, 1281.8
214, 1290.60523918224, -286.477891608048, -4.98315540890131, 74, 58, -3.342659, 1322.027
215, 985.828449699188, -227.743140271934, -3.81380657951827, 75, 58, 12.27657, 1011.8
216, 990.462290829835, -237.808320151096, -3.83950675604234, 76, 58, 7.817993, 1018.618
217, 1512.34924382089, -376.903451311116, -5.87494440237838, 77, 58, 16.40224, 1558.618
218, 1254.23841808265, -324.064218376732, -4.8829254106421, 78, 58, 6.151329, 1295.436
219, 1267.21126908398, -339.073028254567, -4.94460537417676, 79, 58, -6.51899, 1311.8
220, 1062.51665470605, -294.121121421996, -4.15561616654976, 80, 58, 20.46827, 1102.482
221, 988.495949856125, -282.809695885938, -3.87548677311449, 81, 58, -7.431976, 1028.164
222, 1173.68821728927, -346.745433432446, -4.61307562769334, 82, 58, -28.27084, 1223.845
223, 1170.66146799421, -356.830708268741, -4.61307562769334, 83, 58, -17.49165, 1223.845
224, 1167.54805964, -366.889568454603, -4.61307562769334, 84, 58, -17.43622, 1223.845
225, 1241.54013216889, -401.909732393618, -4.91890519765269, 85, 58, -6.40448, 1304.982
226, 1192.75748300469, -397.487553292256, -4.73900580247663, 86, 58, -14.00686, 1257.255
227, 1182.19887005874, -405.30272325951, -4.71073583836171, 87, 58, -14.30033, 1249.755
228, 1183.81220905703, -417.272296508485, -4.73129551945785, 88, 58, 18.26127, 1255.209
229, 1173.76773157628, -425.120261355595, -4.70559580305689, 89, 58, -4.497818, 1248.391
230, 1170.70565140728, -435.440989676873, -4.70816559064774, 90, 58, 3.568207, 1249.073
231, 1289.21450820065, -492.18766267306, -5.20160483880192, 91, 58, -3.655487, 1379.982
232, 1284.9321357456, -503.261512507022, -5.20160483880192, 92, 58, -55.39369, 1379.982
233, 1281.18740048966, -514.552236064313, -5.20417508651588, 93, 58, -31.98195, 1380.664
234, 2038.96785294134, -839.336848003496, -8.31130135156659, 94, 58, 2.043137, 2204.982
235, 2031.67094845695, -856.848532087616, -8.31130135156659, 95, 58, -3.365116, 2204.982
236, 2076.80129609173, -897.005972069535, -8.52718099387635, 96, 58, -8.213825, 2262.255
237, 2074.61887841977, -917.322482388745, -8.55031046256335, 97, 58, -3.990707, 2268.391
238, 2046.15074198658, -925.862447913883, -8.46550057021858, 98, 58, -38.73141, 2245.891
239, 2054.81515646147, -951.165884343001, -8.53489081677202, 99, 58, -40.30917, 2264.3
240, 2282.58002007651, -1080.54036051006, -9.51919998561263, 100, 58, 2.697517, 2525.437
241, 2270.74395051249, -1098.95101951401, -9.508919915003, 101, 58, -49.19817, 2522.709
242, 2184.20099303105, -1080.35926151864, -9.18509999141525, 102, 58, -12.8805, 2436.8
243, 2174.82501874656, -1099.11157292649, -9.18509999141525, 103, 58, -14.76441, 2436.8
244, 2165.28805147213, -1117.78252180776, -9.18509999141525, 104, 58, 0.8187256, 2436.8
245, 2175.49427386499, -1146.86331501074, -9.26990988376002, 105, 58, -22.07509, 2459.3
246, 2112.112763269, -1136.77923506384, -9.04117992312667, 106, 58, -16.95013, 2398.618
247, 2044.28934477519, -1123.06533560477, -8.79189074152029, 107, 58, -36.45049, 2332.482
248, 2035.14569086154, -1140.94563345544, -8.79446006898803, 108, 58, -53.11889, 2333.164
249, 693.026537234153, -396.400229746494, -3.00939749603838, 109, 58, -11.19288, 798.3909
250, 14.7068843179921, -8.58087415916768, -0.0641813797065629, 110, 58, -1.476776, 17.02727
251, 685.517260732378, -407.917715637465, -3.00682770844753, 111, 58, 5.538157, 797.7091
252, 13.9741548945015, -8.47898011113042, -0.0616113908118502, 112, 58, -0.6333532, 16.34546
253, 678.976586570291, -420.011569296835, -3.00939749603838, 113, 58, 2.2239, 798.3909
254, 13.8261895497001, -8.71817591450358, -0.0616113908118502, 114, 58, -0.3470364, 16.34546
255, 671.075456204938, -431.263851455515, -3.00682770844753, 115, 58, -7.106934, 797.7091
256, 14.2445177387858, -9.32832043122935, -0.0641813797065629, 116, 58, -0.7882299, 17.02727
257, 13.5965794953067, -9.07210751525091, -0.0616113908118502, 117, 58, -1.731976, 16.34546
258, 14.0818979005994, -9.57204258219565, -0.0641813797065629, 118, 58, -1.142381, 17.02727
259, 13.4384641992503, -9.30471862583363, -0.0616113908118502, 119, 58, -0.1651154, 16.34546
260, 13.3579114185523, -9.41999529058148, -0.0616113908118502, 120, 58, -1.261833, 16.34546
261, 13.2763698088313, -9.53457463338668, -0.0616113908118502, 121, 58, 0.1644878, 16.34546
262, 13.1938454062636, -9.64844817243076, -0.0616113908118502, 122, 58, 0.1826553, 16.34546
263, 640.372451396632, -476.803992166699, -3.00939749603838, 123, 58, -12.07271, 798.3909
264, 13.025872730602, -9.87404417382396, -0.0616113908118502, 124, 58, -1.746252, 16.34546
265, 494.428316941269, -381.535613956803, -2.35404851615189, 125, 58, -2.145314, 624.5273
266, 13.3902223579375, -10.5178796762115, -0.0641813797065629, 126, 58, 3.536848, 17.02727
267, 12.766697834065, -10.2069356397572, -0.0616113908118502, 127, 58, -0.5138464, 16.34546
268, 12.6784074762784, -10.3163992073744, -0.0616113908118502, 128, 58, 1.572038, 16.34546
269, 13.1143095561866, -10.8599600617491, -0.0641813797065629, 129, 58, 1.147406, 17.02727
270, 12.4990177811763, -10.5330272593545, -0.0616113908118502, 130, 58, 0.02329969, 16.34546
271, 12.9255023594411, -11.0840081394032, -0.0641813797065629, 131, 58, 0.05772972, 17.02727
272, 12.3159271593572, -10.7465365093073, -0.0616113908118502, 132, 58, -0.08848572, 16.34546
273, 12.7328679550021, -11.3047742710217, -0.0641813797065629, 133, 58, -2.942165, 17.02727
274, 12.6351333306363, -11.4139061409894, -0.0641813797065629, 134, 58, -7.749304, 17.02727
275, 12.0344708749215, -11.0608145948268, -0.0616113908118502, 135, 58, 0.09875488, 16.34546
276, 11.9388610659815, -11.1639466671808, -0.0616113908118502, 136, 58, -0.06188202, 16.34546
277, 12.3363467935691, -11.7362002141695, -0.0641813797065629, 137, 58, -1.836677, 17.02727
278, 11.7449972427164, -11.3677239810373, -0.0616113908118502, 138, 58, -1.606613, 16.34546
279, 11.6467575793006, -11.4683541377772, -0.0616113908118502, 139, 58, 6.23187, 16.34546
280, 11.5476557562582, -11.5681353413341, -0.0616113908118502, 140, 58, 3.051723, 16.34546
281, 1948.26082306565, -1985.59344551518, -10.4855183407017, 141, 58, -7.618713, 2781.8
282, 1807.26233370094, 784.741908063398, -24.5480497742116, 1, 57, -4.635551, 1970.436
283, 1281.6837643643, 543.469281108226, -17.3449577691421, 2, 57, 12.52396, 1392.255
284, 1844.43523226087, 763.436511731305, -24.8708294566963, 3, 57, 22.03919, 1996.345
285, 1865.47501957775, 753.411354498751, -25.0661971871711, 4, 57, 1.211933, 2012.027
286, 1942.29871348914, 765.068009676886, -26.0090556691518, 5, 57, 1.550501, 2087.709
287, 1941.80826184891, 745.640321664464, -25.9156193252136, 6, 57, -37.90362, 2080.209
288, 1964.75360211647, 735.117558166146, -26.1364691419356, 7, 57, -22.1077, 2097.937
289, 1884.52911521549, 686.676193668351, -24.9897494076556, 8, 57, -4.548294, 2005.891
290, 2016.30729026629, 715.102578215399, -26.6546150341213, 9, 57, -28.77235, 2139.527
291, 2026.25206015358, 699.062396400551, -26.7055792066157, 10, 57, -45.76164, 2143.618
292, 2040.59463974488, 684.421575152098, -26.8160056357505, 11, 57, -17.14834, 2152.482
293, 2054.18614679463, 669.374170477898, -26.9179339807394, 12, 57, -17.44596, 2160.664
294, 2050.7691176594, 648.79672824361, -26.799015550554, 13, 57, -42.54166, 2151.118
295, 2051.7130151803, 629.728138778636, -26.7395563354612, 14, 57, -31.91089, 2146.345
296, 2087.76737825522, 621.190501748525, -27.1387837974614, 15, 57, -21.78871, 2178.391
297, 2118.5838088491, 610.568070045007, -27.4700600433183, 16, 57, -1.105709, 2204.982
298, 287.618176551531, 80.21690750712, -3.72023859780689, 17, 57, -2.160233, 298.6182
299, 2120.21867387824, 571.71602733501, -27.3596336141834, 18, 57, -8.338223, 2196.118
300, 2124.39950986771, 553.281272021418, -27.3511416131328, 19, 57, -23.61657, 2195.437
301, 170.574749313394, 42.8610211803327, -2.19128053623961, 20, 57, 55.98304, 175.8909
302, 220.63338670374, 53.4256139338262, -2.82834656948131, 21, 57, 24.321, 227.0273
303, 205.813526003185, 47.966269042753, -2.63297959939344, 22, 57, 57.14751, 211.3455
304, 214.20194496458, 47.9820267976706, -2.73491022554306, 23, 57, 29.02323, 219.5273
305, 391.905410372674, 84.2538961179686, -4.9943706642903, 24, 57, -9.207993, 400.8909
306, 387.941585588586, 79.9160354622312, -4.93491106900411, 25, 57, -29.79681, 396.1182
307, 379.250174830697, 74.73005805956, -4.81599225862518, 26, 57, -0.363102, 386.5727
308, 466.310664347274, 87.7241623417985, -5.91174553925001, 27, 57, -49.78848, 474.5273
309, 516.707498637523, 92.6093274429728, -6.54031748037707, 28, 57, -39.95656, 524.9818
310, 485.225235810034, 82.664387536394, -6.13259535597202, 29, 57, -52.64304, 492.2545
311, 415.24906879413, 67.0719011453844, -5.24070294745298, 30, 57, -20.61082, 420.6636
312, 387.504740931017, 59.1742283023386, -4.88394575592929, 31, 57, -3.862854, 392.0273
313, 379.226966880446, 54.5755665727261, -4.77352122776175, 32, 57, -49.54161, 383.1636
314, 379.68248461933, 51.3107761524727, -4.77352122776175, 33, 57, -35.66051, 383.1636
315, 292.856317382345, 37.0141851873227, -3.67776756694346, 34, 57, -4.948353, 295.2091
316, 395.405253252633, 46.522689421702, -4.96039391563824, 35, 57, 10.71848, 398.1636
317, 633.682911984696, 69.0358884900815, -7.94186263945078, 36, 57, -0.3317566, 637.4818
318, 643.072183897542, 64.4653341899055, -8.05228754781178, 37, 57, 0.3174973, 646.3455
319, 587.252197095574, 53.7704799999606, -7.34726744697578, 38, 57, -31.39199, 589.7545
320, 587.693088469667, 48.7159242752236, -7.34726744697578, 39, 57, -29.60532, 589.7545
321, 605.087851423364, 44.9195875513372, -7.55962298148641, 40, 57, -50.2078, 606.8
322, 647.630724664581, 42.4784349669272, -8.08626391627038, 41, 57, -13.14544, 649.0727
323, 707.189833142692, 40.2775143293116, -8.82526038556498, 42, 57, -11.67693, 708.3909
324, 1018.71370585601, 49.2309460396915, -12.7071154199145, 43, 57, 22.86916, 1019.982
325, 1038.85535729156, 41.2487988875283, -12.9534496040444, 44, 57, 16.01587, 1039.755
326, 926.734740547648, 28.8134128299904, -11.5519029241969, 45, 57, -20.19766, 927.2545
327, 950.122511799139, 21.3599455060262, -11.840706238223, 46, 57, -26.52216, 950.4363
328, 965.268512938988, 13.3926288471438, -12.0275789260995, 47, 57, -11.4055, 965.4363
329, 864.448186874182, 4.55548908879059, -10.7704358042323, 48, 57, -19.59543, 864.5273
330, 864.455385420133, -2.88216741846925, -10.7704358042323, 49, 57, -41.23763, 864.5273
331, 769.639933481275, -9.18833564374249, -9.58973970149371, 50, 57, -27.35749, 769.7545
332, 849.282139382848, -17.448208902966, -10.5835631163558, 51, 57, -29.04593, 849.5273
333, 596.954529717891, -17.4035334732227, -7.44070379091403, 52, 57, 34.69167, 597.2545
334, 596.10141413162, -22.5132008290721, -7.43220950870265, 53, 57, 30.28473, 596.5727
335, 956.833137835986, -44.3841718239105, -11.9341425821613, 54, 57, 48.52946, 957.9363
336, 926.463470402966, -50.9671162037441, -11.5603972064083, 55, 57, 20.42732, 927.9363
337, 915.784881764551, -58.2867158939391, -11.4329844940114, 56, 57, -7.881859, 917.7091
338, 912.529516823088, -65.9671052602923, -11.3990073651659, 57, 57, -31.69137, 914.9818
339, 846.012546653408, -68.4803041944319, -10.5750688341445, 58, 57, -6.66745, 848.8455
340, 812.797898172698, -72.8358394432652, -10.167346329546, 59, 57, -34.43706, 816.1182
341, 762.610994916616, -74.957872114497, -9.54726905082374, 60, 57, -44.34525, 766.3455
342, 1292.05315859989, -138.231127748385, -16.1897445130376, 61, 57, 19.88246, 1299.527
343, 1317.22872267489, -152.398349398646, -16.5210192381206, 62, 57, 6.521837, 1326.118
344, 1218.44573140294, -151.6040275229, -15.2978517243251, 63, 57, 14.15726, 1227.936
345, 1215.74466224192, -161.901612334597, -15.2808631599023, 64, 57, 23.83219, 1226.573
346, 1247.38166286813, -177.050146046906, -15.6970791863253, 65, 57, -5.411671, 1259.982
347, 1197.94754529624, -180.561314179774, -15.0939904720258, 66, 57, -20.12083, 1211.573
348, 1200.38924404548, -191.505915203327, -15.1449561652941, 67, 57, -8.576382, 1215.664
349, 1163.73738319348, -195.940430084767, -14.7032565318501, 68, 57, 38.18983, 1180.209
350, 1162.00848932564, -205.94567225106, -14.7032565318501, 69, 57, 17.21646, 1180.209
351, 1256.04004443122, -233.774650068717, -15.9179290030473, 70, 57, -8.858032, 1277.709
352, 1253.31311591344, -244.442140448791, -15.9094354812228, 71, 57, 14.3931, 1277.027
353, 1251.83156536347, -255.352525323666, -15.9179290030473, 72, 57, 7.182659, 1277.709
354, 1254.25590812731, -267.107538047677, -15.97738821814, 73, 57, 67.94049, 1282.482
355, 1225.9543842407, -272.127228793408, -15.6461150138309, 74, 57, 10.41937, 1255.891
356, 1284.01622235338, -296.629587762549, -16.4190878515841, 75, 57, 22.35468, 1317.936
357, 1279.4278411005, -307.188459837009, -16.3936057653368, 76, 57, 23.17927, 1315.891
358, 1240.35330397249, -309.117383449919, -15.9264240456456, 77, 57, 26.94796, 1278.391
359, 1194.74204326818, -308.691825119973, -15.3742995038406, 78, 57, -0.5140076, 1234.073
360, 1239.46088988419, -331.647743031774, -15.9858832607383, 79, 57, -4.197352, 1283.164
361, 1236.56160276508, -342.299467685299, -15.9858832607383, 80, 57, 4.916656, 1283.164
362, 1190.96539391651, -340.736409606159, -15.4337587189333, 81, 57, -52.44725, 1238.845
363, 1197.79716021628, -353.867994383197, -15.5611721917171, 82, 57, 7.428139, 1249.073
364, 1105.36470665687, -336.927525125985, -14.3974654137881, 83, 57, -25.09159, 1155.664
365, 1102.42495694592, -346.425325594038, -14.3974654137881, 84, 57, -15.94256, 1155.664
366, 1090.97145264649, -353.167838252838, -14.2870405054271, 85, 57, 38.87869, 1146.8
367, 1013.51107927442, -337.75352062394, -13.3102064153747, 86, 57, -16.60789, 1068.391
368, 1072.47956918039, -367.686775074825, -14.1256499037979, 87, 57, -15.28501, 1133.845
369, 1057.05964199266, -372.59431942509, -13.9642608229424, 88, 57, -22.97559, 1120.891
370, 1062.7890076, -384.925508277535, -14.0831792531279, 89, 57, -23.85102, 1130.436
371, 1051.13091700159, -390.965471319741, -13.9727543447669, 90, 57, -16.75044, 1121.573
372, 1029.89425411746, -393.186116437648, -13.7349159636221, 91, 57, -19.51553, 1102.482
373, 990.289111197178, -387.860480764719, -13.2507472002819, 92, 57, 3.160942, 1063.618
374, 1031.20073251913, -414.15224856729, -13.8453408719831, 93, 57, -17.83145, 1111.345
375, 1027.59930634654, -423.009103137782, -13.8453408719831, 94, 57, -8.795419, 1111.345
376, 1987.5548682105, -838.242763949157, -26.8754648508433, 95, 57, -37.12854, 2157.255
377, 1980.26927988305, -855.312144548312, -26.8754648508433, 96, 57, -19.09195, 2157.255
378, 1968.47240054274, -870.388295297406, -26.8160056357505, 97, 57, -34.69012, 2152.482
379, 1954.69942161099, -884.481653424765, -26.7310612928629, 98, 57, -45.82048, 2145.664
380, 2031.77854414706, -940.502326769268, -27.8947695915657, 99, 57, -18.35032, 2239.073
381, 1961.99061846363, -928.777975600169, -27.0453474535232, 100, 57, -3.101101, 2170.891
382, 1953.92703487294, -945.624057060676, -27.0453474535232, 101, 57, -8.15406, 2170.891
383, 2171.21400854827, -1073.93558118431, -30.1797140175274, 102, 57, -6.824335, 2422.482
384, 2147.29027573727, -1085.19608343276, -29.9758512444544, 103, 57, -30.6048, 2406.118
385, 2040.33926782893, -1053.28044949339, -28.6082832142262, 104, 57, -39.02276, 2296.345
386, 2066.78411189912, -1089.55417923166, -29.1094420627629, 105, 57, 5.145462, 2336.573
387, 1999.70113698797, -1076.2771611413, -28.2939970535659, 106, 57, 8.617661, 2271.118
388, 1974.83123045937, -1084.90733186428, -28.0731472368439, 107, 57, -17.3459, 2253.391
389, 1939.25765733889, -1087.18877779663, -27.6994018610909, 108, 57, -22.11723, 2223.391
390, 1886.03923528107, -1078.78464388978, -27.0708325813181, 109, 57, -9.425545, 2172.937
391, 1877.2765531357, -1095.31519498705, -27.0793245823687, 110, 57, -42.08572, 2173.618
392, 1748.26295695838, -1040.30558030613, -25.3465062189858, 111, 57, -37.41769, 2034.527
393, 1738.08199396779, -1054.60135297094, -25.3295176545631, 112, 57, -38.40539, 2033.164
394, 1713.28961110657, -1059.83250741495, -25.1001743160166, 113, 57, -6.005302, 2014.755
395, 518.43013578774, -326.898825372717, -7.6360707610019, 114, 57, -3.040283, 612.9363
396, 771.971428022514, -496.104228197153, -11.4329844940114, 115, 57, 1.629654, 917.7091
397, 2291.64696914472, -1500.73295814223, -34.1295225491811, 116, 57, -14.5836, 2739.527
398, 486.001830076441, -324.277209321955, -7.27931394967167, 117, 57, 6.299118, 584.3
399, 14.0809050890227, -9.57136772751657, -0.212128796637842, 118, 57, 0.2605133, 17.02727
400, 13.9980343500681, -9.69216191753549, -0.212128796637842, 119, 57, -1.515984, 17.02727
401, 13.3569696499646, -9.41933115564433, -0.203634609474828, 120, 57, 9.735441, 16.34546
402, 13.2754337891458, -9.5339024202985, -0.203634609474828, 121, 57, -1.553398, 16.34546
403, 13.19291520477, -9.64776793095262, -0.203634609474828, 122, 57, -1.031178, 16.34546
404, 13.1094200053348, -9.76091925863017, -0.203634609474828, 123, 57, -1.949936, 16.34546
405, 13.0249543716325, -9.87334802722255, -0.203634609474828, 124, 57, -0.3199186, 16.34546
406, 2202.1515870223, -1699.33482567971, -34.656163483965, 125, 57, -22.92884, 2781.8
407, 12.8531368833189, -10.0960046507732, -0.203634609474828, 126, 57, -1.987391, 16.34546
408, 12.765797747621, -10.2062160234145, -0.203634609474828, 127, 57, -0.05779362, 16.34546
409, 12.6775136145415, -10.3156718735565, -0.203634609474828, 128, 57, 0.2033463, 16.34546
410, 13.1133849621837, -10.8591944054329, -0.212128796637842, 129, 57, -1.86272, 17.02727
411, 12.4981365668941, -10.5322846526778, -0.203634609474828, 130, 57, 2.593644, 16.34546
412, 465.768338433613, -399.410398970188, -7.64456504321328, 131, 57, 7.401285, 613.6182
413, 12.3150588534549, -10.7457788496558, -0.203634609474828, 132, 57, 9.723579, 16.34546
414, 1748.67813086687, -1552.54979569283, -29.1349241490101, 133, 57, -9.90773, 2338.618
415, 591.394582527604, -534.2343512033, -9.9295087087881, 134, 57, -7.764271, 797.0273
416, 12.0336224124423, -11.0600347777272, -0.203634609474828, 135, 57, 0.2415466, 16.34546
417, 11.9380193442504, -11.1631595789934, -0.203634609474828, 136, 57, 0.3696537, 16.34546
418, 12.3354770480279, -11.735372780572, -0.212128796637842, 137, 57, -3.545578, 17.02727
419, 12.2340523743905, -11.8410696646072, -0.212128796637842, 138, 57, 0.921299, 17.02727
420, 614.507718716706, -605.09477342998, -10.7449529575982, 139, 57, -4.277688, 862.4818
421, 11.5468416155508, -11.567319756761, -0.203634609474828, 140, 57, -0.093853, 16.34546
422, 11.4468920161777, -11.666237646291, -0.203634609474828, 141, 57, -0.9072266, 16.34546
423, 1265.51915260572, 549.508444893493, -29.1812185204471, 1, 56, -40.6878, 1379.982
424, 1266.43475684847, 537.003281161386, -29.0947136691004, 2, 56, -24.57385, 1375.891
425, 1267.22902566116, 524.523111461895, -29.008206236444, 3, 56, -35.63336, 1371.8
426, 1283.70423057652, 518.450975212388, -29.2821451492011, 4, 56, -34.67702, 1384.755
427, 1820.87583122595, 717.239752253265, -41.3930850500169, 5, 56, -22.60022, 1957.482
428, 1941.52474085275, 745.531451653493, -43.9882899605406, 6, 56, -3.794769, 2080.209
429, 1854.01624552086, 693.684894502542, -41.8688720576625, 7, 56, 9.51326, 1979.982
430, 1860.55644325344, 677.941139907677, -41.8832912537601, 8, 56, 0.2987518, 1980.664
431, 1867.60533278234, 662.364013168399, -41.9121270646455, 9, 56, -10.18094, 1982.027
432, 2022.08993205954, 697.62645104273, -45.2426361181646, 10, 56, -49.7959, 2139.527
433, 2036.41885287034, 683.021003684099, -45.4300650169555, 11, 56, -17.99938, 2148.391
434, 2042.86820152384, 665.686120960588, -45.4444842130531, 12, 56, -1.317863, 2149.073
435, 2032.92208592762, 643.150507176239, -45.098459645047, 13, 56, -17.20758, 2132.709
436, 2037.7286164754, 625.43593548158, -45.0840404489494, 14, 56, -2.235493, 2132.027
437, 2056.75474487707, 611.963059319181, -45.3868125912822, 15, 56, -22.3621, 2146.345
438, 2074.38896078734, 597.831277205238, -45.6607515040392, 16, 56, -10.1738, 2159.3
439, 2099.15400885655, 585.455498642579, -46.0932860860115, 17, 56, -23.09349, 2179.755
440, 2121.22554779429, 571.987530440986, -46.4681490462128, 18, 56, 15.63965, 2197.482
441, 2125.40854255737, 553.544065760285, -46.4537298501152, 19, 56, -21.64888, 2196.8
442, 2122.82016823112, 533.409784032127, -46.2951341809, 20, 56, -8.039295, 2189.3
443, 162.299499567483, 39.3002642759076, -3.53197382391411, 21, 56, 10.9223, 167.0273
444, 173.253615073493, 40.3779560781449, -3.76265837501553, 22, 56, 26.35064, 177.9364
445, 174.924962579316, 39.1838376792058, -3.79149386323728, 23, 56, 26.16005, 179.3
446, 167.924789714906, 36.1013586794257, -3.63289819402209, 24, 56, 10.30244, 171.8
447, 2145.13115555249, 441.897398646178, -46.3239674104757, 25, 56, -5.013176, 2190.664
448, 392.570897318563, 77.3548646673827, -8.46285682970037, 26, 56, -1.29425, 400.2091
449, 396.571477899654, 74.6045573632601, -8.53494571158661, 27, 56, -28.05117, 403.6182
450, 2170.58282702674, 389.032898303705, -46.6411587489061, 28, 56, 11.82354, 2205.664
451, 2173.8496256594, 370.343367655566, -46.6411587489061, 29, 56, -14.08331, 2205.664
452, 2116.39066221541, 341.843861789614, -45.3435601656088, 30, 56, -31.19025, 2144.3
453, 2100.38563522416, 320.741105781291, -44.9398639758318, 31, 56, -55.11131, 2125.209
454, 329.242704311129, 47.3821977258836, -7.03549580676364, 32, 56, -0.7106686, 332.7091
455, 241.819940276019, 32.6798557409026, -5.1611835870668, 33, 56, -1.728703, 244.0727
456, 233.300451892399, 29.4869040484353, -4.97375242962986, 34, 56, 24.58505, 235.2091
457, 234.222515803513, 27.5582108954289, -4.98817033507259, 35, 56, 28.14053, 235.8909
458, 396.410729685909, 43.1865313286674, -8.43402101881491, 36, 56, 53.23212, 398.8454
459, 628.734704723664, 63.0280610353072, -13.364905315256, 37, 56, 4.133564, 632.0273
460, 587.166453136613, 53.7626290394138, -12.471001631081, 38, 56, 8.807007, 589.7545
461, 587.607280136708, 48.7088113240376, -12.471001631081, 39, 56, -22.60343, 589.7545
462, 560.133026380745, 41.5822999250747, -11.8798726705484, 40, 56, -40.23567, 561.8
463, 561.150267246186, 36.8061369327968, -11.8942905759911, 41, 56, -32.98391, 562.4818
464, 493.389880818268, 28.1006839511299, -10.4525116476116, 42, 56, -1.273178, 494.3
465, 657.022446697456, 31.7516456628498, -13.9127805594604, 43, 56, -5.546539, 657.9363
466, 651.141161302068, 25.8542160094022, -13.7830207011307, 44, 56, -14.76328, 651.8
467, 763.760024590575, 23.7463126488247, -16.1619557393586, 45, 56, -22.41822, 764.3
468, 909.775706099143, 20.4528987195415, -19.2473629816609, 46, 56, -22.9726, 910.2091
469, 867.658757658767, 12.0383411988828, -18.3534592974858, 47, 56, 23.56425, 867.9363
470, 868.411879697342, 4.57637704908873, -18.3678772029285, 48, 56, -1.014412, 868.6182
471, 843.879264906782, -2.81356489121071, -17.8488364789548, 49, 56, 2.370255, 844.0727
472, 843.142200640002, -10.0658414381412, -17.834418573512, 50, 56, -21.7336, 843.3909
473, 733.980911671587, -15.079384910816, -15.5275730624978, 51, 56, 16.49058, 734.3
474, 596.867369133476, -17.4009924050627, -12.6295973002961, 52, 56, 20.7463, 597.2545
475, 596.695563741324, -22.5356403153218, -12.6295973002961, 53, 56, 36.66872, 597.2545
476, 574.689720027574, -26.6578636028711, -12.1682281980933, 54, 56, 20.21866, 575.4363
477, 574.439091775812, -31.6013581515273, -12.1682281980933, 55, 56, -24.59887, 575.4363
478, 636.052276194661, -40.4826494239758, -13.480247268143, 56, 56, 13.66183, 637.4818
479, 877.721834264076, -63.4508446715597, -18.6129803048001, 57, 56, -18.74876, 880.2091
480, 812.596263139058, -65.7754302901828, -17.2432896129795, 58, 56, 12.74242, 815.4363
481, 788.916131241021, -70.6957643449318, -16.7530846998911, 59, 56, -0.1285191, 792.2545
482, 727.901383844246, -71.546226327524, -15.4699014407269, 60, 56, 8.079494, 731.5727
483, 732.003499826816, -78.3138593202111, -15.570826778826, 61, 56, 10.52728, 736.3455
484, 731.302614158455, -84.6089288748149, -15.570826778826, 62, 56, 12.21638, 736.3455
485, 1209.47397113871, -150.487724223564, -25.7786212303692, 63, 56, -5.903378, 1219.073
486, 1130.42892668252, -150.540052976313, -24.1205763016585, 64, 56, -13.48298, 1140.664
487, 1110.86957751254, -157.673971641871, -23.7312967266693, 65, 56, -7.760254, 1122.255
488, 1158.00353859263, -174.540731415255, -24.7693755933072, 66, 56, -0.5437622, 1171.345
489, 1167.2295106774, -186.215726943099, -25.0000620803909, 67, 56, 33.66438, 1182.255
490, 1123.23525138969, -189.121017698782, -24.0917404907731, 68, 56, 38.04347, 1139.3
491, 1120.89537820554, -198.659092690117, -24.0773238759852, 69, 56, 61.03579, 1138.618
492, 1118.47445677588, -208.170890651806, -24.0629046798876, 70, 56, 1.309982, 1137.936
493, 1253.13012123261, -244.40644975753, -27.0041341584175, 71, 56, 17.33751, 1277.027
494, 1250.98092962638, -255.179009980542, -27.0041341584175, 72, 56, 29.42529, 1277.027
495, 1253.40611523596, -266.926565340601, -27.1050582058617, 73, 56, 77.82455, 1281.8
496, 1216.45874880201, -270.019466065219, -26.3553322854591, 74, 56, 2.786758, 1246.345
497, 1214.75478462781, -280.629017549564, -26.3697514815567, 75, 56, 6.582901, 1247.027
498, 1218.92358215083, -292.661489637314, -26.5139279546743, 76, 56, -12.29684, 1253.845
499, 1199.16328166713, -298.852121223022, -26.1390675757827, 77, 56, -49.44875, 1236.118
500, 1196.54765109811, -309.158349571517, -26.1390675757827, 78, 56, -20.30922, 1236.118
501, 1193.84344522657, -319.441692250301, -26.1390675757827, 79, 56, -4.751459, 1236.118
502, 1196.30646851355, -331.156220963837, -26.2544082380148, 80, 56, -37.51351, 1241.573
503, 1125.25446315636, -321.936445532087, -24.7549589785193, 81, 56, -6.192183, 1170.664
504, 1060.99198049394, -313.451322698291, -23.3996861921414, 82, 56, -28.00618, 1106.573
505, 1115.63604314475, -340.058343363401, -24.6684515458629, 83, 56, -7.00061, 1166.573
506, 1112.01871599894, -349.440062409157, -24.654034931075, 84, 56, -46.46066, 1165.891
507, 1108.32247088814, -358.784686969662, -24.6396157349774, 85, 56, -26.41897, 1165.209
508, 1011.42292149522, -337.057640079596, -22.5490362242945, 86, 56, -25.45904, 1066.345
509, 1047.17497600107, -359.011398379496, -23.414105388239, 87, 56, -18.62773, 1107.255
510, 1015.11695655787, -357.810284812833, -22.7653035152806, 88, 56, -7.17852, 1076.573
511, 1032.51047615871, -373.959099120504, -23.2266739081383, 89, 56, 1.895568, 1098.391
512, 1028.61584814027, -382.591048717586, -23.2122547120407, 90, 56, -0.5677032, 1097.709
513, 1025.28606201576, -391.426831783887, -23.2122547120407, 91, 56, 22.643, 1097.709
514, 924.133681073444, -361.949787975249, -20.991915343028, 92, 56, -2.589028, 992.7091
515, 1023.45954212924, -411.043221095278, -23.3275979555826, 93, 56, -32.38269, 1103.164
516, 996.562281716653, -410.232776926126, -22.7941393261661, 94, 56, 4.563515, 1077.936
517, 1041.98705375316, -439.453582845583, -23.91872820677, 95, 56, 5.444075, 1131.118
518, 1024.40018180353, -442.455945398398, -23.6015368683396, 96, 56, 16.03191, 1116.118
519, 1075.41824942167, -475.511598022797, -24.8703022220611, 97, 56, -12.60743, 1176.118
520, 1947.58251632778, -881.261326001239, -45.2137977259694, 98, 56, -37.73832, 2138.164
521, 1954.15625912546, -904.571275187753, -45.5454082604974, 99, 56, -22.92279, 2153.845
522, 1945.68505522418, -921.059157847401, -45.5309890643998, 100, 56, 5.201233, 2153.164
523, 1870.80766086511, -905.397539761507, -43.9594515683455, 101, 56, -23.94363, 2078.845
524, 1788.40562476391, -884.589186723372, -42.2004825921905, 102, 56, -51.71419, 1995.664
525, 1780.7286549239, -899.943423492851, -42.2004825921905, 103, 56, -23.18983, 1995.664
526, 2035.19557870745, -1050.62513266674, -48.4433827320442, 104, 56, -44.87701, 2290.891
527, 1997.1366809293, -1052.83788697403, -47.7513284334125, 105, 56, -36.457, 2258.164
528, 1974.79896715709, -1062.87434001164, -47.4341370949821, 106, 56, 24.49052, 2243.164
529, 1963.19158986153, -1078.51289611195, -47.3764706358306, 107, 56, 29.32759, 2240.437
530, 1991.29930334517, -1116.36442307614, -48.284787062829, 108, 56, -44.67635, 2283.391
531, 1842.56884068319, -1053.92026499523, -44.896606387539, 109, 56, -85.905, 2123.164
532, 1865.81567031903, -1088.62823185629, -45.689584733615, 110, 56, -28.924, 2160.664
533, 1746.25023249439, -1039.10790664772, -42.9790417421688, 111, 56, -16.24935, 2032.482
534, 1737.82821878926, -1054.44737194613, -42.9934609382664, 112, 56, -48.33451, 2033.164
535, 1728.69170521233, -1069.36016690096, -42.9934609382664, 113, 56, -3.19986, 2033.164
536, 1760.94296762112, -1110.37177032351, -44.031542386214, 114, 56, -13.79871, 2082.255
537, 1731.25330984764, -1112.58274065382, -43.5269169863732, 115, 56, -34.85728, 2058.391
538, 1721.0467408225, -1127.06346188198, -43.5125029528951, 116, 56, -52.90641, 2057.709
539, 1711.85296222189, -1142.20743010685, -43.5269169863732, 117, 56, -37.44412, 2058.391
540, 397.996224435404, -270.534329586824, -10.178573380182, 118, 56, 23.2942, 481.3454
541, 441.049314384538, -305.380117074235, -11.3464140411319, 119, 56, 28.49862, 536.5727
542, 455.675040399687, -321.341907436139, -11.7933665285468, 120, 56, 2.499199, 557.7091
543, 13.2734954596587, -9.5325103871279, -0.345642453501596, 121, 56, -1.391876, 16.34546
544, 521.058714650025, -381.041906153262, -13.653260842801, 122, 56, -12.62653, 645.6636
545, 467.459697502167, -348.057836435596, -12.3268238673085, 123, 56, 8.876663, 582.9363
546, 492.695782493746, -373.479767629757, -13.0765484970563, 124, 56, -0.6039715, 618.3909
547, 494.321272647976, -381.453011062181, -13.2063096460408, 125, 56, 9.430893, 624.5273
548, 746.723924448573, -586.543836147937, -20.0835937534102, 126, 56, -4.887909, 949.7545
549, 741.649815088474, -592.946745371158, -20.0835937534102, 127, 56, -16.27268, 949.7545
550, 679.416884901233, -552.840396239519, -18.5264728721437, 128, 56, -3.574905, 876.1182
551, 636.833904657611, -527.362171902281, -17.488392714851, 129, 56, -6.473419, 827.0273
552, 609.858921651538, -513.93323528112, -16.868427943433, 130, 56, -6.163418, 797.7091
553, 12.9227039734706, -11.0816084390271, -0.36006019761247, 131, 56, -0.8529129, 17.02727
554, 12.3132607471113, -10.7442098719232, -0.345642453501596, 132, 56, 1.09067, 16.34546
555, 902.240803208604, -801.047231026355, -25.5191015137098, 133, 56, -6.562481, 1206.8
556, 12.1265638400786, -10.9544915642297, -0.345642453501596, 134, 56, -2.370142, 16.34546
557, 587.694339068463, -540.146566511005, -16.8828445582209, 135, 56, -10.14811, 798.3909
558, 12.4341728159419, -11.6271092695116, -0.36006019761247, 136, 56, -0.9104691, 17.02727
559, 11.8398035882088, -11.2638131638855, -0.345642453501596, 137, 56, -2.220495, 16.34546
560, 573.558111832165, -555.134255687998, -16.8828445582209, 138, 56, -3.926715, 798.3909
561, 11.6442360430303, -11.465871226055, -0.345642453501596, 139, 56, -2.185204, 16.34546
562, 11.5451556756454, -11.5656308268678, -0.345642453501596, 140, 56, 0.9298706, 16.34546
563, 11.4452206697883, -11.6645342735204, -0.345642453501596, 141, 56, -0.3231449, 16.34546
564, 1250.23587304719, 542.87220302723, -40.6800098583217, 1, 55, -26.12502, 1363.618
565, 1248.58589392472, 529.434870784759, -40.4766054572575, 2, 55, -21.7468, 1356.8
566, 1261.28096652815, 522.061129909686, -40.7410293578156, 3, 55, -40.91017, 1365.664
567, 1283.4198500799, 518.336122162682, -41.3105580391447, 4, 55, -32.60486, 1384.755
568, 1288.46602084896, 507.524474614098, -41.3308966584258, 5, 55, -14.84328, 1385.436
569, 1266.69982139007, 486.403565599364, -40.4969440765385, 6, 55, -32.69987, 1357.482
570, 1851.6906653646, 692.814772771277, -59.006595265703, 7, 55, 20.44864, 1977.936
571, 1795.4708397616, 654.225542145065, -57.0335889628084, 8, 55, -0.527462, 1911.8
572, 1864.62232052019, 661.306059467684, -59.0472761459159, 9, 55, -2.74641, 1979.3
573, 1879.90679460402, 648.572887198424, -59.3523809266869, 10, 55, -21.46239, 1989.527
574, 1886.06345344294, 632.591350824879, -59.3727195459679, 11, 55, -45.77025, 1990.209
575, 1901.15601747106, 619.507990612002, -59.6778243267389, 12, 55, -53.78383, 2000.436
576, 2032.47173032497, 643.00802929366, -63.623840574179, 13, 55, -1.879593, 2132.709
577, 2054.86824718831, 630.696567776804, -64.1526883752953, 14, 55, 4.636276, 2150.437
578, 2044.54128542316, 608.329088846569, -63.6645178127411, 15, 55, -24.48192, 2134.073
579, 2051.009367931, 591.093364440536, -63.7052023346047, 16, 55, -4.795866, 2135.437
580, 2042.88973766763, 569.763354661864, -63.2983935324763, 17, 55, 27.24899, 2121.8
581, 2048.37429691787, 552.343222874698, -63.318735793408, 18, 55, -7.693588, 2122.482
582, 2080.75017241558, 541.913183845805, -64.1730233529256, 19, 55, -22.02659, 2151.118
583, 2078.72602527192, 522.330066765004, -63.9696225935121, 20, 55, -25.48924, 2144.3
584, 2106.32599861906, 510.039578788258, -64.6815288931101, 21, 55, -13.79688, 2168.164
585, 2098.68920889581, 489.1140693516, -64.3154046128452, 22, 55, -26.23309, 2155.891
586, 2114.12547051464, 473.571913628728, -64.6611939154797, 23, 55, -35.50047, 2167.482
587, 2117.45535439302, 455.221741628464, -64.6408516545479, 24, 55, -5.86574, 2166.8
588, 2145.99107021324, 442.074541218863, -65.3934424760095, 25, 55, -7.257221, 2192.027
589, 2130.99282106494, 419.90545505689, -64.8239174363311, 26, 55, -0.8466492, 2172.937
590, 2127.82886956559, 400.295381300405, -64.6205093936162, 27, 55, 9.352783, 2166.118
591, 2131.86504096075, 382.093521311679, -64.6408516545479, 28, 55, -24.07257, 2166.8
592, 2113.57491561738, 360.074792112004, -63.9899648544439, 29, 55, -12.61192, 2144.982
593, 2116.59467624419, 341.876814563742, -63.9899648544439, 30, 55, -33.87415, 2144.982
594, 2073.6456898476, 316.657760558977, -62.6068222105086, 31, 55, 21.49985, 2098.618
595, 2062.8022091967, 296.86338031407, -62.2000206916816, 32, 55, -36.29881, 2084.982
596, 2036.9141188974, 275.271176918638, -61.3457258488626, 33, 55, -43.45201, 2056.345
597, 232.572642552121, 29.3949160389469, -6.99651234506547, 34, 55, -20.54845, 234.5273
598, 215.895792430664, 25.4019207283689, -6.48800543926198, 35, 55, -13.27711, 217.4818
599, 218.816368740679, 23.8387088344761, -6.56936628927499, 36, 55, 25.92658, 220.2091
600, 164.764093724816, 16.516920853413, -4.94214428174509, 37, 55, 20.79482, 165.6636
601, 580.249625715889, 53.1293046647607, -17.3903916606552, 38, 55, -3.620287, 582.9363
602, 498.503843692464, 41.3227175488272, -14.9292184368571, 39, 55, 19.83548, 500.4363
603, 485.92769349918, 36.0735577824112, -14.5427537164858, 40, 55, -9.08473, 487.4818
604, 465.138399131561, 30.5086687299523, -13.9122046252501, 41, 55, 10.92577, 466.3454
605, 465.383671698354, 26.5056094233696, -13.9122046252501, 42, 55, 15.16972, 466.3454
606, 425.432005610029, 20.5596724490379, -12.7121286735107, 43, 55, -43.29301, 426.1182
607, 441.255651594597, 17.5205003303482, -13.1799551543077, 44, 55, -2.197113, 441.8
608, 762.909636844165, 23.7198729653524, -22.7805645890484, 45, 55, -65.78265, 763.6182
609, 756.272058964967, 17.0019442404675, -22.5771620088095, 46, 55, -3.034634, 756.8
610, 823.172356451255, 11.4211141246221, -24.5705087518107, 47, 55, 28.59039, 823.6182
611, 813.699062628478, 4.28805017772879, -24.2857444111461, 48, 55, 2.799421, 814.0727
612, 740.784186042211, -2.46983717278881, -22.1093355280126, 49, 55, -4.96864, 741.1182
613, 741.416989360676, -8.85139641780905, -22.129675968119, 50, 55, -2.542756, 741.8
614, 519.86786699848, -10.6805061883443, -15.5190875582926, 51, 55, 15.26458, 520.2091
615, 497.957499211046, -14.5173871280568, -14.8681980269505, 52, 55, 51.6507, 498.3909
616, 499.857238249213, -18.8783084954822, -14.9292184368571, 53, 55, -13.92752, 500.4363
617, 478.5720608925, -22.1992986455457, -14.2986702560341, 54, 55, 18.7672, 479.3
618, 636.236058944175, -35.000966778664, -19.0176141233914, 55, 55, 36.13795, 637.4818
619, 635.911370791476, -40.4736812553951, -19.0176141233914, 56, 55, 11.51143, 637.4818
620, 817.030445851475, -59.0634411585799, -24.4484679319975, 57, 55, 22.07322, 819.5273
621, 789.320281422244, -63.8913609407427, -23.6348557902167, 58, 55, 16.676, 792.2545
622, 781.274619553928, -70.0109988951242, -23.4111127698714, 59, 55, 15.44016, 784.7545
623, 727.740131001032, -71.5303766084925, -21.824571187348, 60, 55, -21.14509, 731.5727
624, 727.097766457241, -77.7890163200639, -21.824571187348, 61, 55, -19.50801, 731.5727
625, 731.140607836719, -84.5901853600405, -21.966954268093, 62, 55, -19.55493, 736.3455
626, 694.541875809499, -86.4177557869489, -20.8889200465794, 63, 55, 2.256119, 700.2091
627, 693.772652880574, -92.3902153005425, -20.8889200465794, 64, 55, 46.57011, 700.2091
628, 678.107534351896, -96.2488399231844, -20.4414340058888, 65, 55, -4.302917, 685.2091
629, 1118.66068751869, -168.610758169445, -33.764314846899, 66, 55, 24.72585, 1131.8
630, 1117.84154861934, -178.336543652452, -33.7846534661801, 67, 55, 25.21822, 1132.482
631, 1122.31441923307, -188.965975632239, -33.9677192479632, 68, 55, 4.51292, 1138.618
632, 1120.64706494403, -198.615083509426, -33.9677192479632, 69, 55, 27.72105, 1138.618
633, 1075.34613433759, -200.143830900992, -32.6455997451726, 70, 55, 8.107254, 1094.3
634, 1220.74476462292, -238.090114447258, -37.1204601520782, 71, 55, 55.33707, 1244.3
635, 1173.91099774644, -239.458043776633, -35.7576634107255, 72, 55, -34.6592, 1198.618
636, 1175.14011608984, -250.25896329121, -35.8593637904322, 73, 55, -4.469299, 1202.027
637, 1166.29019228969, -258.883464243488, -35.655959389368, 74, 55, -0.3449097, 1195.209
638, 1154.05924873159, -266.607316360367, -35.350854608597, 75, 55, -20.24018, 1184.982
639, 1151.72271352611, -276.526674785401, -35.350854608597, 76, 55, 17.66211, 1184.982
640, 1148.63968702181, -286.260772186237, -35.330515989316, 77, 55, -9.205417, 1184.3
641, 1169.22886592733, -302.099850457048, -36.0424259305647, 78, 55, 17.64428, 1208.164
642, 1173.82829848962, -314.086155584372, -36.26616895091, 79, 55, 35.56884, 1215.664
643, 1056.13997055036, -292.355956154686, -32.7066192446665, 80, 55, 16.30644, 1096.345
644, 1014.2720124646, -290.184253595052, -31.4862037632333, 81, 55, 6.405961, 1055.436
645, 1054.22111526165, -311.450990271757, -32.808323266024, 82, 55, -27.89258, 1099.755
646, 1059.32523651184, -322.894179714593, -33.0524049056503, 83, 55, -4.972595, 1107.936
647, 887.463855960483, -278.876084323925, -27.7639323569639, 84, 55, 16.14369, 930.6636
648, 935.605860325296, -302.873093834142, -29.3504739394873, 85, 55, 17.01345, 983.8455
649, 964.646738409743, -321.469433061889, -30.3471482214005, 86, 55, -7.074287, 1017.255
650, 972.160098525698, -333.293446099405, -30.6725934422779, 87, 55, 17.26804, 1028.164
651, 974.39862278651, -343.457811918246, -30.8353169631293, 88, 55, -27.06418, 1033.618
652, 993.194049330798, -359.719306017481, -31.5268846434462, 89, 55, -48.28607, 1056.8
653, 963.873119652767, -358.510155511774, -30.692932061559, 90, 55, -36.60224, 1028.845
654, 928.281531159772, -354.393093017372, -29.6555768994329, 91, 55, -9.639671, 994.0727
655, 890.296265397339, -348.69689428635, -28.5368617977065, 92, 55, 19.35823, 956.5727
656, 926.473063905274, -372.09137906259, -29.7979599801778, 93, 55, -19.92541, 998.8455
657, 853.284341365864, -351.252712738756, -27.5401893366186, 94, 55, -14.49561, 923.1636
658, 1027.94127048166, -433.529833831334, -33.2964901869274, 95, 55, -13.93428, 1116.118
659, 1024.79884479858, -442.628134759064, -33.3168288062084, 96, 55, 13.46368, 1116.8
660, 1100.11208407864, -486.430331069554, -35.9000446706451, 97, 55, -24.3604, 1203.391
661, 1095.2652767356, -495.59642377519, -35.8797024097133, 98, 55, -31.46005, 1202.709
662, 1138.58277688375, -527.045505999336, -37.4459035521303, 99, 55, -20.72961, 1255.209
663, 1134.00607190078, -536.822069314002, -37.4459035521303, 100, 55, -6.163315, 1255.209
664, 1137.32028351668, -550.418414547591, -37.7103274526884, 101, 55, -28.01419, 1264.073
665, 1711.03945168214, -846.321984261772, -56.9725694633144, 102, 55, 7.371552, 1909.755
666, 1779.72585774388, -899.43663054337, -59.5151008058875, 103, 55, 32.55539, 1994.982
667, 1751.33167241605, -904.086609624104, -58.8235331255706, 104, 55, 17.65657, 1971.8
668, 1729.01939837998, -911.493513343536, -58.3353662046672, 105, 55, 5.402512, 1955.436
669, 1855.53876605983, -998.686232949082, -62.8915847303478, 106, 55, -18.20869, 2108.164
670, 1910.79024350282, -1049.72531974225, -65.0679954343067, 107, 55, -23.56822, 2181.118
671, 1851.75264461514, -1038.13162055185, -63.3594130319702, 108, 55, -55.11216, 2123.845
672, 1813.17342627699, -1037.10655239107, -62.3424019516012, 109, 55, -70.47057, 2089.755
673, 1732.95719545606, -1011.11066735193, -59.8812287278031, 110, 55, -17.65743, 2007.255
674, 1704.28091995097, -1014.13402622158, -59.1896574058355, 111, 55, 16.7629, 1984.073
675, 1650.62853601744, -1001.53795584899, -57.6234562634185, 112, 55, 22.27246, 1931.573
676, 1642.53011100133, -1016.06102947344, -57.6437985243503, 113, 55, 12.10221, 1932.255
677, 1633.15085509041, -1029.79178742049, -57.6234562634185, 114, 55, -3.139833, 1931.573
678, 1699.90998643592, -1092.44008419548, -60.3083725075619, 115, 55, -23.85809, 2021.573
679, 1699.00010572071, -1112.62576167821, -60.6134772883329, 116, 55, -61.34671, 2031.8
680, 1707.50541065578, -1139.30659352148, -61.2643640884369, 117, 55, -38.28137, 2053.618
681, 1704.96721880512, -1158.93602800199, -61.5287916306458, 118, 55, -34.07608, 2062.482
682, 1696.05346365479, -1174.33808057909, -61.5694688692079, 119, 55, -41.90417, 2063.845
683, 176.539781476453, -124.495803123742, -6.44732455904914, 120, 55, 6.024048, 216.1182
684, 249.084902165782, -178.883130249182, -9.1525807880926, 121, 55, -19.03845, 306.8
685, 479.684743135096, -350.785782365431, -17.736177321639, 122, 55, -51.41907, 594.5273
686, 455.876863819257, -339.433572027329, -16.9632460600711, 123, 55, -33.39938, 568.6182
687, 13.5632763635749, -10.2814139770527, -0.507964413647532, 124, 55, -1.26297, 17.02727
688, 444.573313725905, -343.063992067776, -16.7598434798322, 125, 55, -15.84645, 561.8
689, 453.931988220854, -356.558831187759, -17.2276699606292, 126, 55, -11.72986, 577.4818
690, 13.2934087838024, -10.6280394235704, -0.507964413647532, 127, 55, -9.328934, 17.02727
691, 645.963140308529, -525.619139559954, -24.8552730924752, 128, 55, 11.61647, 833.1636
692, 601.524349725947, -498.122328606443, -23.3094123901646, 129, 55, -19.15096, 781.3455
693, 569.595781951434, -480.003149298917, -22.2313781686511, 130, 55, -10.22271, 745.2091
694, 12.4024972434818, -10.6355154772973, -0.48762420114428, 131, 55, -2.671919, 16.34546
695, 135.039286288921, -117.831536474469, -5.34894989742915, 132, 55, 1.370525, 179.3
696, 910.704753749527, -808.561881350569, -36.3475307113356, 133, 55, -10.467, 1218.391
697, 922.426173641068, -833.270650370013, -37.1001215327972, 134, 55, -1.76152, 1243.618
698, 587.062413117093, -539.565766918035, -23.7975793110681, 135, 55, 0.5342522, 797.7091
699, 12.4314182591241, -11.6245335024232, -0.507964413647532, 136, 55, -1.882871, 17.02727
700, 12.330943666817, -11.731059942223, -0.507964413647532, 137, 55, -5.695887, 17.02727
701, 11.7398531178092, -11.3627450959119, -0.48762420114428, 138, 55, -1.70274, 16.34546
702, 11.6416564818278, -11.4633311782187, -0.48762420114428, 139, 55, 0.4687996, 16.34546
703, 11.5425980638324, -11.5630686791706, -0.48762420114428, 140, 55, -0.2373228, 16.34546
704, 11.4426851966938, -11.6619502156273, -0.48762420114428, 141, 55, -0.9868374, 16.34546
705, 1234.24086732557, 535.926918396767, -51.8652207536142, 1, 54, -28.20731, 1346.573
706, 1239.4334740234, 525.55399220732, -51.8914845435172, 2, 54, -26.41389, 1347.255
707, 1242.65028453536, 514.349640439645, -51.838961665428, 3, 54, -43.79755, 1345.891
708, 1250.81995364497, 505.169967766725, -51.9965255979788, 4, 54, -27.76562, 1349.982
709, 1257.65565931758, 495.388327990238, -52.1015713541571, 5, 54, -27.86312, 1352.709
710, 1294.30893337128, 497.00526482117, -53.4408929911393, 6, 54, -34.47235, 1387.482
711, 1303.00399615182, 487.522259737825, -53.6247254153098, 7, 54, -26.47069, 1392.255
712, 1280.90447376097, 466.730177524676, -52.5480134670568, 8, 54, -19.20955, 1364.3
713, 1287.44120535194, 456.603281499977, -52.6530592232351, 9, 54, -14.96725, 1367.027
714, 1879.9923163716, 648.60239243766, -76.6558170378857, 10, 54, -3.825684, 1990.209
715, 1827.3678660711, 612.904674411508, -74.2923063307397, 11, 54, -15.19196, 1928.845
716, 1846.82482724062, 601.803706388137, -74.8700532880039, 12, 54, -48.67596, 1943.845
717, 1851.93423390661, 585.891830306221, -74.8700532880039, 13, 54, -11.60855, 1943.845
718, 1868.6304721018, 573.53498298996, -75.3427591908065, 14, 54, -37.47777, 1956.118
719, 1870.2306719996, 556.465026527918, -75.2114496447252, 15, 54, -32.48021, 1952.709
720, 1872.98517143419, 539.787445070077, -75.1326676784498, 16, 54, -42.22118, 1950.664
721, 2019.31362447678, 563.187960457358, -80.8050961966303, 17, 54, -39.85338, 2097.937
722, 2047.76576311593, 552.179132004246, -81.750498598802, 18, 54, -27.05065, 2122.482
723, 2046.50680231849, 532.994797601779, -81.5141432965423, 19, 54, 13.73994, 2116.345
724, 2050.35596825972, 515.201405463248, -81.4878795066393, 20, 54, 0.7095642, 2115.664
725, 2046.7668048365, 495.617525350311, -81.1727516415377, 21, 54, -45.32312, 2107.482
726, 2092.75767781625, 487.731684913012, -82.827210547055, 22, 54, -24.5369, 2150.437
727, 2097.54119902849, 469.856975564092, -82.8534649335244, 23, 54, 20.31076, 2151.118
728, 2114.16190363721, 454.513698180974, -83.3524299245132, 24, 54, -12.83487, 2164.073
729, 2120.6633942946, 436.857035485833, -83.4574756806916, 25, 54, -13.28777, 2166.8
730, 2137.71278693475, 421.229603265478, -83.9827044615834, 26, 54, -1.632225, 2180.437
731, 2119.83149344415, 398.790884031042, -83.1423384121565, 27, 54, -14.78265, 2158.618
732, 2127.87848612017, 381.379012303054, -83.3261661346102, 28, 54, -1.680603, 2163.391
733, 2095.48447098582, 356.992851158888, -81.9343263212557, 29, 54, 5.034458, 2127.255
734, 2075.61009115314, 335.256898358525, -81.0414420954564, 30, 54, -21.63874, 2104.073
735, 2030.59880517452, 310.08425083822, -79.1768916775825, 31, 54, 15.02054, 2055.664
736, 2033.1915313388, 292.602028506758, -79.1768916775825, 32, 54, -29.56808, 2055.664
737, 2035.63374903416, 275.098146099187, -79.1768916775825, 33, 54, -24.90512, 2055.664
738, 2038.6012782637, 257.659339266534, -79.2031554674854, 34, 54, 7.170944, 2056.345
739, 2100.96411060218, 247.195756757531, -81.5404070864452, 35, 54, -49.11302, 2117.027
740, 170.662730311766, 18.5926636120188, -6.61712860140891, 36, 54, -22.7995, 171.8
741, 137.598572164802, 13.7936893567629, -5.33032866708675, 37, 54, 5.646755, 138.3909
742, 169.600440911208, 15.5290983347593, -6.56460631103433, 38, 54, 12.20454, 170.4364
743, 500.392714524893, 41.4792926221838, -19.3538225125514, 39, 54, -47.51604, 502.4818
744, 492.577753908237, 36.5672348080921, -19.0386875948747, 40, 54, -9.268303, 494.3
745, 450.043483970972, 29.5185854192625, -17.3842298647866, 41, 54, -8.265444, 451.3454
746, 415.590113451946, 23.6696512947514, -16.0449082278045, 42, 54, -12.73056, 416.5727
747, 429.388728777025, 20.7508873346418, -16.5701323069795, 43, 54, 7.983223, 430.2091
748, 373.046975596939, 14.8122061112692, -14.3904504977165, 44, 54, 8.300842, 373.6182
749, 366.350782124803, 11.3903319516369, -14.1278384581289, 45, 54, -33.79154, 366.8
750, 756.047384640533, 16.9968932799157, -29.1492593469982, 46, 54, -47.74506, 756.8
751, 763.659351523463, 10.5954002679156, -29.4381328256303, 47, 54, 0.1431236, 764.3
752, 739.195329337795, 3.89542867740829, -28.4927280726002, 48, 54, -37.42673, 739.7545
753, 536.171557463062, -1.78764135164582, -20.6668827104889, 49, 54, -22.51819, 536.5727
754, 519.786052874566, -6.20545856442855, -20.0366152259939, 50, 54, 2.961304, 520.2091
755, 519.713423950601, -10.6773332091445, -20.0366152259939, 51, 54, 44.41122, 520.2091
756, 497.809565324813, -14.5130742830867, -19.196255053713, 52, 54, 7.389343, 498.3909
757, 477.241453453106, -18.0241690941128, -18.4084177595213, 53, 54, 15.51351, 477.9363
758, 449.845518790936, -20.8667739553722, -17.3579696011712, 54, 54, -5.211906, 450.6636
759, 448.969047248218, -24.6989312951879, -17.3317081621266, 55, 54, -5.69519, 449.9818
760, 451.45966397013, -28.7339327121208, -17.4367527428758, 56, 54, -1.658127, 452.7091
761, 431.489096659646, -31.1925106347367, -16.6751768877287, 57, 54, -6.835709, 432.9363
762, 767.35487752119, -62.113376031597, -29.6744834261732, 58, 54, -12.89824, 770.4363
763, 780.363918826647, -69.9293898603294, -30.1997075053482, 59, 54, 1.408531, 784.0727
764, 662.431650703708, -65.1111343647399, -25.6565161643684, 60, 54, 23.21042, 666.1182
765, 658.459734585491, -70.4457328886429, -25.5252113200038, 61, 54, 10.12135, 662.7091
766, 662.566827696983, -76.656460012707, -25.7090390424576, 62, 54, -3.237137, 667.4818
767, 684.194035096946, -85.1302349004978, -26.5756594783539, 63, 54, -23.1317, 689.9818
768, 646.967373435298, -86.1571217544129, -25.157553524238, 64, 54, -28.89954, 653.1636
769, 652.273104500195, -92.5819673737153, -25.3939041247809, 65, 54, -1.523666, 659.3
770, 652.126118838149, -98.2920742153645, -25.4201655638255, 66, 54, 16.60618, 659.9818
771, 634.436186417812, -101.215737412462, -24.7636342894275, 67, 54, 40.6093, 642.9363
772, 1059.49834439008, -178.389526943105, -41.4132526447694, 68, 54, 3.183304, 1075.209
773, 1057.92431212382, -187.49857307628, -41.4132526447694, 69, 54, 17.16729, 1075.209
774, 1074.35691391873, -199.959716820965, -42.1223091481149, 70, 54, -7.338379, 1093.618
775, 1025.11808929876, -199.935719796832, -40.257758730241, 71, 54, 23.26582, 1045.209
776, 987.311366468572, -201.394866277643, -38.8396504252667, 72, 54, 2.449703, 1008.391
777, 1174.12456971308, -250.04269156332, -46.2715789034259, 73, 54, -34.35716, 1201.345
778, 1107.4128444778, -245.814356856854, -43.7242404738262, 74, 54, -3.502016, 1135.209
779, 1154.38029267932, -266.68148297307, -45.6675728579755, 75, 54, 18.7859, 1185.664
780, 1152.70553816541, -276.762649318344, -45.6938319461617, 76, 54, 8.151459, 1186.345
781, 1114.58279985682, -277.773209960882, -44.2757283429042, 77, 54, -2.151119, 1149.527
782, 1167.56219995556, -301.669225148772, -46.4816704157826, 78, 54, 13.67546, 1206.8
783, 981.297127025116, -262.56978342564, -39.1547853429434, 79, 54, -31.92355, 1016.573
784, 1019.71215358996, -282.272170335523, -40.782982809416, 80, 54, -16.35616, 1058.845
785, 1017.24581461582, -291.035061412864, -40.782982809416, 81, 54, 11.82993, 1058.845
786, 756.613367793107, -223.528042875072, -30.409799017705, 82, 54, -15.0222, 789.5273
787, 820.484793882951, -250.09294157996, -33.0621808526247, 83, 54, 11.21494, 858.3909
788, 880.050468576174, -276.546506131611, -35.5569987549936, 84, 54, 2.335983, 923.1636
789, 883.472304244924, -285.996487891178, -35.7933493555365, 85, 54, 14.24673, 929.3
790, 895.845377208498, -298.54131471702, -36.3973577518453, 86, 54, 45.2409, 944.9818
791, 947.380647030985, -324.798107940957, -38.6032998247238, 87, 54, -11.45061, 1002.255
792, 973.466520931827, -343.129262948647, -39.7850575291551, 88, 54, -40.87792, 1032.936
793, 833.391798192409, -301.841437218061, -34.1651542399223, 89, 54, 3.082162, 887.0273
794, 850.559680391252, -316.363509959655, -34.9792517977294, 90, 54, -4.939888, 908.1636
795, 863.08239439443, -329.501804152167, -35.6095216330828, 91, 54, 1.907166, 924.5273
796, 891.934959515153, -349.338711591191, -36.9225818310203, 92, 54, -21.06824, 958.6182
797, 772.566307193763, -310.279136933884, -32.0905170114084, 93, 54, 13.15051, 833.1636
798, 771.128202214243, -317.433310054116, -32.1430398894976, 94, 54, 9.388428, 834.5273
799, 848.72254227972, -357.945101816007, -35.5044758769044, 95, 54, -22.50028, 921.8
800, 837.480411748927, -361.722102275141, -35.1630795201831, 96, 54, -36.96109, 912.9363
801, 877.955473184521, -388.200600344414, -37.0013661481541, 97, 54, -50.85397, 960.6636
802, 1094.31922076183, -495.168343046938, -46.2978426933289, 98, 54, -55.54111, 1202.027
803, 1112.27660370983, -514.868481515176, -47.2432450955006, 99, 54, -74.44767, 1226.573
804, 1101.6477125092, -521.504090090946, -46.9806354067715, 100, 54, -71.88841, 1219.755
805, 1097.73326952238, -531.259852271679, -47.0068944949577, 101, 54, -28.36991, 1220.436
806, 1107.77842709778, -547.934318885563, -47.6371643303111, 102, 54, -27.51439, 1236.8
807, 1126.73790717484, -569.4300289706, -48.6613534004749, 103, 54, -24.81378, 1263.391
808, 1117.55916901052, -576.915438736511, -48.4775256780212, 104, 54, 7.987255, 1258.618
809, 1728.50573896251, -911.222725619848, -75.3164954009036, 105, 54, 0.3146362, 1955.436
810, 1730.80078745764, -931.549881914801, -75.7629375138032, 106, 54, 4.2155, 1967.027
811, 1683.31092664091, -924.75566415626, -74.0296966420106, 107, 54, -33.4938, 1922.027
812, 1676.48085760086, -939.87055700253, -74.0822195200998, 108, 54, -12.22455, 1923.391
813, 1667.74094301158, -953.921469740286, -74.0559557301968, 109, 54, 8.779028, 1922.709
814, 1518.8274728094, -886.174605842245, -67.7795258682827, 110, 54, -28.72232, 1759.755
815, 1501.19339816388, -893.286597998761, -67.3330837553831, 111, 54, -33.0505, 1748.164
816, 1555.19463447148, -943.632332271409, -70.1167727855258, 112, 54, -10.58694, 1820.436
817, 1637.98616740602, -1013.25016836569, -74.2397834526505, 113, 54, 5.163105, 1927.482
818, 1481.67294744026, -934.27660289999, -67.5169114778368, 114, 54, 35.81225, 1752.936
819, 1623.74781762949, -1043.49478311054, -74.3973520869181, 115, 54, -14.19922, 1931.573
820, 1606.73021719676, -1052.20089492673, -74.0296966420106, 116, 54, -42.02181, 1922.027
821, 1629.35513643609, -1087.16203096352, -75.5003231233573, 117, 54, 7.200092, 1960.209
822, 1672.34330353738, -1136.76021701791, -77.9426204984955, 118, 54, -40.37217, 2023.618
823, 1694.98939624444, -1173.6013261624, -79.4657651562146, 119, 54, 5.026062, 2063.164
824, 1569.57403757547, -1106.86315988329, -74.0296966420106, 120, 54, 35.18488, 1922.027
825, 1836.13459699775, -1318.64075828719, -87.1340489366335, 121, 54, -11.82175, 2262.255
826, 124.824114862619, -91.28187922755, -5.96059791472554, 122, 54, 19.71101, 154.7545
827, 2032.30747742241, -1513.20113229707, -97.6647943100369, 123, 54, -5.502045, 2535.664
828, 451.71912524975, -342.418100431649, -21.8486380640619, 124, 54, 33.1673, 567.2545
829, 343.57570130021, -265.127141073083, -16.7276997658179, 125, 54, 13.0231, 434.3
830, 295.204242686032, -231.879846464109, -14.4692348148502, 126, 54, -22.8129, 375.6636
831, 12.7573151336284, -10.1994341996253, -0.629569132625316, 127, 54, -1.794083, 16.34546
832, 497.272292958736, -404.629642841752, -24.7111114113383, 128, 54, -14.57394, 641.5727
833, 493.772559033754, -408.893068119211, -24.7111114113383, 129, 54, 8.324347, 641.5727
834, 13.0108187333371, -10.964326220189, -0.655830277812607, 130, 54, -11.46449, 17.02727
835, 501.145093939581, -429.747033869907, -25.4464270028701, 131, 54, -3.674011, 660.6636
836, 496.915752112056, -433.594905444443, -25.4201655638255, 132, 54, -8.037415, 659.9818
837, 466.164183493284, -413.880116109778, -24.0283210487541, 133, 54, 1.489594, 623.8455
838, 922.657670098405, -833.479771933424, -47.9260378089431, 134, 54, -11.70096, 1244.3
839, 871.309466953845, -800.815637750812, -45.6150499798863, 135, 54, -24.23168, 1184.3
840, 1437.66836196561, -1344.35377289129, -75.8679832699816, 136, 54, -16.8986, 1969.755
841, 1018.81400794419, -969.250084998144, -54.202472372574, 137, 54, -2.955811, 1407.255
842, 1031.97772562025, -998.828496677997, -55.3579662871024, 138, 54, -13.4638, 1437.255
843, 106.30373845976, -104.675392316304, -5.75050816551261, 139, 54, -6.066826, 149.3
844, 1328.46766956436, -1330.82368599173, -72.4802834926717, 140, 54, -7.248872, 1881.8
845, 603.60362111858, -615.169888750511, -33.2197494868922, 141, 54, -10.03351, 862.4818
846, 1050.74159150745, 456.248628671731, -54.1262293509133, 1, 53, -15.85462, 1146.8
847, 1049.61195795722, 445.064431721608, -53.8687857091907, 2, 53, -44.62424, 1141.345
848, 1052.14375222234, 435.496428384698, -53.80442479876, 3, 53, -26.6235, 1139.982
849, 1222.56779508579, 493.759738830825, -62.2999958384719, 4, 53, -23.43289, 1319.982
850, 1221.06769367763, 480.976393381067, -62.0103746222479, 5, 53, -46.85426, 1313.845
851, 1213.08065528918, 465.814193803827, -61.3989546152984, 6, 53, -34.30008, 1300.891
852, 1192.16644757893, 446.052108991057, -60.1439255040425, 7, 53, -48.39209, 1274.3
853, 1255.47090434239, 457.462808557678, -63.1366819126425, 8, 53, -4.119606, 1337.709
854, 1252.94154455508, 444.367648319214, -62.8148831219171, 9, 53, 17.35641, 1330.891
855, 1324.96322984361, 457.115868657961, -66.2259825676024, 10, 53, -8.16906, 1403.164
856, 1328.20132579378, 445.482716563705, -66.1937992316732, 11, 53, -44.47083, 1402.482
857, 1309.32097605902, 426.653467411606, -65.0674977027064, 12, 53, -24.50336, 1378.618
858, 1312.94333007133, 415.372617806811, -65.0674977027064, 13, 53, -21.9499, 1378.618
859, 1335.34981992659, 409.856227698034, -66.000722261809, 14, 53, -40.42594, 1398.391
860, 1341.43781756045, 399.128964095231, -66.1294440826703, 15, 53, -18.26631, 1401.118
861, 1874.25039145037, 540.152076830331, -92.1632162983248, 16, 53, -28.39471, 1952.709
862, 1867.01998116936, 520.713158462622, -91.5839738658767, 17, 53, -33.03984, 1940.436
863, 2048.31765670542, 552.327949866472, -100.240444300951, 18, 53, -13.64666, 2123.845
864, 2052.99392897413, 534.684313001838, -100.240444300951, 19, 53, -15.10974, 2123.845
865, 2009.29991257126, 504.885080922086, -97.89129123523, 20, 53, -19.39415, 2074.073
866, 2060.56646589019, 498.959065698697, -100.176089151949, 21, 53, -15.1187, 2122.482
867, 2059.47680375939, 479.975346493522, -99.9186455102259, 22, 53, -34.85332, 2117.027
868, 2084.13227886577, 466.853327923627, -100.916225218331, 23, 53, -57.43499, 2138.164
869, 2112.70810744271, 454.201153392599, -102.106893419157, 24, 53, -15.26961, 2163.391
870, 2115.87086078834, 435.869772733221, -102.074721606083, 25, 53, 2.597618, 2162.709
871, 2120.21069220811, 417.780870365962, -102.106893419157, 26, 53, -14.71579, 2163.391
872, 1775.68161343552, 334.048080033524, -85.3731949814555, 27, 53, -8.169128, 1808.845
873, 2054.68499890498, 368.260565905279, -98.6314388244686, 28, 53, -42.23516, 2089.755
874, 2026.89352404411, 345.307497222148, -97.1511436459914, 29, 53, -20.27796, 2058.391
875, 2044.58101337522, 330.245016589839, -97.8591078993008, 30, 53, -18.98906, 2073.391
876, 2046.00028208172, 312.436145962162, -97.7947527502979, 31, 53, -25.8548, 2072.027
877, 2033.78217880122, 292.687030162025, -97.0867884969886, 32, 53, -27.16711, 2057.027
878, 1993.03003768442, 269.340626105809, -95.0272566474913, 33, 53, -55.55275, 2013.391
879, 1995.94923469352, 252.268536522595, -95.0594342219927, 34, 53, 1.159492, 2014.073
880, 1997.36947435052, 235.006993334574, -95.0272566474913, 35, 53, 2.382751, 2013.391
881, 2086.65715546585, 227.328570768293, -99.1784979209873, 36, 53, -48.55969, 2101.345
882, 133.481319262925, 13.3809517342845, -6.3386400919985, 37, 53, 19.16676, 134.3
883, 147.834145874131, 13.5361145064265, -7.0144238900925, 38, 53, 40.84576, 148.6182
884, 158.126098925131, 13.1076223496727, -7.49712711742998, 39, 53, 26.93826, 158.8455
885, 139.894910014124, 10.3853046191289, -6.62826202840099, 40, 53, 15.50689, 140.4364
886, 421.332658552983, 27.6354274962092, -19.9508610204168, 41, 53, -4.022308, 422.7091
887, 415.435235181042, 23.6608303085278, -19.6612398041928, 42, 53, 2.551025, 416.5727
888, 372.76675663362, 18.0145412550428, -17.6338869695539, 43, 53, 32.71378, 373.6182
889, 372.907951908271, 14.8066860356069, -17.6338869695539, 44, 53, 4.111782, 373.6182
890, 319.924643419133, 9.94688169332638, -15.1238316277559, 45, 53, 15.55161, 320.4363
891, 314.551308675929, 7.07150786212236, -14.8663908667472, 46, 53, 23.06058, 314.9818
892, 370.441914570417, 5.13970051313644, -17.5051665890495, 47, 53, 14.56255, 370.8909
893, 527.113693183894, 2.77779595620904, -24.9066122339391, 48, 53, 4.714249, 527.7091
894, 510.09170203474, -1.70068890637027, -24.1021066149838, 49, 53, 12.88527, 510.6636
895, 486.222835199119, -5.80476455691899, -22.9757993245891, 50, 53, 0.733017, 486.8
896, 486.154896013116, -9.98788481646464, -22.9757993245891, 51, 53, -27.7826, 486.8
897, 477.200959525898, -13.9122537130051, -22.5574562875038, 52, 53, -35.40792, 477.9363
898, 472.980157920747, -17.8632310392152, -22.3643749965688, 53, 53, 9.876289, 473.8454
899, 449.677874533123, -20.8589975194924, -21.2702496017465, 54, 53, -21.91196, 450.6636
900, 431.800960356625, -23.7544710897367, -20.4335635275758, 55, 53, 1.011307, 432.9363
901, 432.260289462935, -27.5119552482803, -20.4657439827912, 56, 53, 11.69174, 433.6182
902, 432.007584548913, -31.2299923211227, -20.4657439827912, 57, 53, -5.534214, 433.6182
903, 371.985148768558, -30.1102581093491, -17.6338869695539, 58, 53, 6.153272, 373.6182
904, 375.782363611683, -33.6743290837297, -17.8269682604889, 59, 53, 16.13607, 377.7091
905, 648.628951007919, -63.754451854878, -30.795586566207, 60, 53, -0.981823, 652.4818
906, 658.214345915619, -70.4194798259517, -31.278290513723, 61, 53, 16.10543, 662.7091
907, 629.16915582195, -72.7924764995197, -29.926720036821, 62, 53, 29.85041, 634.0727
908, 646.091622867426, -80.3893761133921, -30.7634061109917, 63, 53, 46.4118, 651.8
909, 631.198998838325, -84.0572356924514, -30.0876223128977, 64, 53, 29.71247, 637.4818
910, 630.45242971286, -89.4847968981957, -30.0876223128977, 65, 53, -11.31064, 637.4818
911, 602.047695672294, -90.7439758579848, -28.768235171925, 66, 53, 18.15795, 609.5273
912, 601.917233259094, -96.0277769929518, -28.8004156271403, 67, 53, -6.884537, 610.2091
913, 1059.10350036879, -178.323046387899, -50.7473074797294, 68, 53, 16.27856, 1075.209
914, 1034.72945654094, -183.387690780958, -49.653183525264, 69, 53, -2.221878, 1052.027
915, 1033.78284367647, -192.408055458891, -49.6853610997654, 70, 53, -2.16481, 1052.709
916, 937.83581126473, -182.912466313734, -45.1479514829715, 71, 53, -2.042792, 956.5727
917, 888.847921516777, -181.309984240651, -42.8631593276808, 72, 53, -20.77924, 908.1636
918, 946.539831089398, -201.57602791271, -45.7271967961334, 73, 53, -19.28753, 968.8455
919, 1092.37288112311, -242.475910009666, -52.8712002396573, 74, 53, -9.235086, 1120.209
920, 1090.9098954792, -252.018741623829, -52.9033835755866, 75, 53, -32.50365, 1120.891
921, 1096.64801254024, -263.30333226592, -53.2895432767426, 76, 53, -51.49062, 1129.073
922, 889.480010940508, -221.673722101871, -43.3136828199815, 77, 53, -35.21634, 917.7091
923, 887.539865555205, -229.31837253799, -43.3136828199815, 78, 53, -4.084587, 917.7091
924, 884.8761005539, -236.77000541653, -43.2815023647661, 79, 53, 22.29864, 917.0273
925, 940.567199179578, -260.363617050291, -46.1133593780034, 80, 53, 18.82361, 977.0273
926, 752.987528280496, -215.430497120304, -37.0063625699143, 81, 53, -8.692604, 784.0727
927, 751.106149960178, -221.90103273187, -37.0063625699143, 82, 53, -13.45639, 784.0727
928, 758.289718597416, -231.135187035437, -37.4568860622149, 83, 53, -9.012856, 793.6182
929, 845.936347740819, -265.826506241114, -41.8977543133628, 84, 53, -4.349918, 887.7091
930, 868.240128762394, -281.06554815485, -43.1206000886895, 85, 53, -15.39134, 913.6182
931, 857.390146762212, -285.726072994219, -42.7022570516042, 86, 53, -17.25424, 904.7545
932, 910.949683866788, -312.308188558203, -45.5019336096262, 87, 53, -4.552353, 964.0727
933, 809.311055287863, -285.267443641818, -40.5461838364609, 88, 53, -60.08821, 859.0727
934, 806.826733305898, -292.219987399948, -40.5461838364609, 89, 53, 20.19786, 859.0727
935, 804.921023714933, -299.388327678122, -40.5783642916762, 90, 53, 0.8113556, 859.7545
936, 825.220990163434, -315.047331342997, -41.7368520372862, 91, 53, 25.74331, 884.3
937, 712.771361748687, -279.166800803209, -36.1696793764576, 92, 53, -20.4381, 766.3455
938, 710.343101324937, -285.288967890185, -36.1696793764576, 93, 53, -32.30579, 766.3455
939, 764.542974135705, -314.722514702022, -39.0658973001255, 94, 53, -26.59064, 827.7091
940, 786.908136933908, -331.875140771058, -40.3531039858829, 95, 53, -19.6521, 854.9818
941, 800.279683415195, -345.654471951773, -41.1897900600535, 96, 53, 36.02286, 872.7091
942, 848.352676966796, -375.111299560274, -43.8285643419988, 97, 53, -23.85294, 928.6182
943, 866.190659138067, -391.942483793293, -44.9226911771781, 98, 53, -15.78127, 951.8
944, 1078.48725308095, -499.227523509184, -56.1535836259092, 99, 53, -37.67849, 1189.755
945, 1046.45143214276, -495.374969463681, -54.7054717833613, 100, 53, 8.241791, 1159.073
946, 1087.5155763167, -526.314889470862, -57.0868081850119, 101, 53, -36.99028, 1209.527
947, 1115.30163336917, -551.655480810469, -58.7923579078545, 102, 53, 15.22842, 1245.664
948, 1085.59242618157, -548.635954071007, -57.4729678861679, 103, 53, -19.47305, 1217.709
949, 1135.90319800296, -586.385141842915, -60.4013691457651, 104, 53, 19.58377, 1279.755
950, 1141.66044989124, -601.853336921344, -60.9806115782131, 105, 53, -5.254898, 1292.027
951, 1156.830193412, -622.627998483506, -62.0747355326785, 106, 53, 8.05307, 1315.209
952, 1620.00764792469, -889.9789246805, -87.3361883460208, 107, 53, -17.80354, 1850.436
953, 1514.86309484214, -849.264227668759, -82.0586397821301, 108, 53, -7.185425, 1738.618
954, 1509.27368594662, -863.280702420545, -82.1551782670622, 109, 53, -50.32813, 1740.664
955, 1459.4362453367, -851.522218696026, -79.8382027758422, 110, 53, -38.25406, 1691.573
956, 1460.24989193192, -868.923124620299, -80.2887291488568, 111, 53, -53.81003, 1701.118
957, 1461.45364903059, -886.753905121312, -80.7714273349449, 112, 53, -17.07527, 1711.345
958, 1514.00676607391, -936.557121883757, -84.1181716316274, 113, 53, -26.80988, 1782.255
959, 1472.47935172052, -928.479533180719, -82.2517167519942, 114, 53, -29.6152, 1742.709
960, 1464.43645406318, -941.113997765215, -82.2517167519942, 115, 53, 7.351059, 1742.709
961, 1377.65868093659, -902.188607315862, -77.8108542622742, 116, 53, -40.55795, 1648.618
962, 1622.51613453004, -1082.59881264746, -92.1632162983248, 117, 53, 6.21236, 1952.709
963, 1608.07241315621, -1093.07266127317, -91.8735950821007, 118, 53, 30.3293, 1946.573
964, 1578.45064491656, -1092.91053634936, -90.7151102172047, 119, 53, -17.77562, 1922.027
965, 1617.41165913969, -1140.59823685212, -93.5147838945127, 120, 53, -28.42554, 1981.345
966, 1681.66516656132, -1207.70679559408, -97.8269360862272, 121, 53, -30.17505, 2072.709
967, 2043.93963800758, -1494.70037412525, -119.645106117955, 122, 53, -19.336, 2534.982
968, 2031.00397177611, -1512.23057727927, -119.645106117955, 123, 53, 54.72104, 2534.982
969, 2041.79881511064, -1547.75131858149, -121.061034624574, 124, 53, -36.67654, 2564.982
970, 2056.98359139441, -1587.31300483941, -122.766578585988, 125, 53, -18.21341, 2601.118
971, 2111.80576329043, -1658.8013495274, -126.885642284983, 126, 53, -23.33421, 2688.391
972, 2086.28485243919, -1667.97832077042, -126.209861367603, 127, 53, 4.695755, 2674.073
973, 2075.02632535217, -1688.4454911389, -126.402938337467, 128, 53, 2.705963, 2678.164
974, 2107.63227474928, -1745.33033786998, -129.299162022563, 129, 53, -21.75064, 2739.527
975, 2099.82898299857, -1769.54351974888, -129.74968263415, 130, 53, -38.61325, 2749.073
976, 12.3941920182786, -10.6283934961787, -0.771466530946794, 131, 53, -1.36244, 16.34546
977, 587.560873264053, -512.689324504109, -36.8454631745516, 132, 53, 9.522802, 780.6636
978, 408.440220150684, -362.630360129982, -25.8076563378264, 133, 53, -4.444366, 546.8
979, 862.678383073356, -779.297680253598, -54.9307320891546, 134, 53, 3.596794, 1163.845
980, 741.112246410121, -681.152103544511, -47.5614683398374, 135, 53, -13.42694, 1007.709
981, 747.163273640361, -698.667225667344, -48.3337935035774, 136, 53, -3.547379, 1024.073
982, 997.710113129632, -949.172866110983, -65.0674977027064, 137, 53, -29.2233, 1378.618
983, 1000.27303576172, -968.142226109504, -65.7754619560157, 138, 53, 16.01759, 1393.618
984, 1026.84670868351, -1011.11761107855, -68.0924316858078, 139, 53, -2.35498, 1442.709
985, 562.937506380903, -563.935867156255, -37.6499687935069, 140, 53, -3.870739, 797.7091
986, 11.4350227013412, -11.6541408913478, -0.771466530946794, 141, 53, 13.03591, 16.34546
987, 1046.52393695397, 454.417256313592, -63.8491072751008, 1, 52, -23.27776, 1142.709
988, 1050.39489027208, 445.396416626265, -63.8491072751008, 2, 52, -11.757, 1142.709
989, 1051.04311553912, 435.040860080959, -63.6586254768206, 3, 52, 6.716347, 1139.3
990, 1047.1726367986, 422.922712126718, -63.2014677968075, 4, 52, -14.40726, 1131.118
991, 1051.40593088958, 414.146926691391, -63.239561428182, 5, 52, -14.42021, 1131.8
992, 1181.39672979944, 453.647795680018, -70.8208079350526, 6, 52, -34.33294, 1267.482
993, 1189.71926890258, 445.136490864177, -71.0874906374895, 7, 52, -31.01527, 1272.255
994, 1183.27114569676, 431.154987123525, -70.4779379698668, 8, 52, -25.82624, 1261.345
995, 1250.45497400844, 443.485762399641, -74.2495144076148, 9, 52, -16.42378, 1328.845
996, 1252.93725549045, 432.266714288397, -74.173320324162, 10, 52, -39.18855, 1327.482
997, 1276.61802832571, 428.181523559958, -75.3543252073291, 11, 52, 2.535389, 1348.618
998, 1308.73399337563, 426.462194070876, -77.0305814018838, 12, 52, -4.465933, 1378.618
999, 1311.70561360919, 414.981044526224, -76.9924809498054, 13, 52, -28.5506, 1377.936
1000, 1302.86241759123, 399.884934805202, -76.2686405673554, 14, 52, -6.163872, 1364.982
1001, 1302.99231515424, 387.689959358196, -76.0781587690752, 15, 52, -18.59368, 1361.573
1002, 1305.62559498914, 376.276499614588, -76.0400651377008, 16, 52, -13.31885, 1360.891
1003, 1327.17493965196, 370.150004621681, -77.1067686646327, 17, 52, -11.19373, 1379.982
1004, 1329.65326850238, 358.540415555667, -77.0686750332583, 18, 52, -25.66942, 1379.3
1005, 1365.62773726468, 355.665800181146, -78.9735134781715, 19, 52, 11.12144, 1413.391
1006, 1371.27818533594, 344.566728559729, -79.1259016450772, 20, 52, -10.3119, 1416.118
1007, 2012.66673801462, 487.360311732909, -115.889243389749, 21, 52, -16.17918, 2074.073
1008, 2030.04519044795, 473.116104975853, -116.651184224278, 22, 52, -15.19059, 2087.709
1009, 1735.10974037585, 388.670990234847, -99.5076518614666, 23, 52, -19.22072, 1780.891
1010, 1746.37604605335, 375.445150979593, -99.9648095414797, 24, 52, 1.020828, 1789.073
1011, 2106.92119418391, 434.026139824804, -120.384660209948, 25, 52, -16.36623, 2154.527
1012, 2117.92446790089, 417.330377033186, -120.803724258586, 26, 52, -19.53173, 2162.027
1013, 1778.23073080525, 334.527629833836, -101.260102139474, 27, 52, 8.235806, 1812.255
1014, 1722.74647273417, 308.767325063704, -97.9456833817392, 28, 52, -3.833931, 1752.936
1015, 1752.18260350903, 298.506942923522, -99.4695514093882, 29, 52, 10.19604, 1780.209
1016, 2019.47090615474, 326.189179368739, -114.479663076928, 30, 52, -14.96362, 2048.845
1017, 2015.47315324465, 307.774475792967, -114.098699480367, 31, 52, 14.4057, 2042.027
1018, 1982.33458531847, 285.283069451578, -112.079573320627, 32, 52, -13.48838, 2005.891
1019, 1979.31870672353, 267.487659318595, -111.774796986816, 33, 52, 3.123611, 2000.436
1020, 1994.37910417167, 252.07008732258, -112.498637369266, 34, 52, 3.297371, 2013.391
1021, 1996.47403212114, 234.901637170513, -112.498637369266, 35, 52, -0.7383674, 2013.391
1022, 2018.72355580975, 219.9276194062, -113.64153497965, 36, 52, -44.80432, 2033.845
1023, 2103.85621103715, 210.902908146353, -118.327440418833, 37, 52, -24.47176, 2117.709
1024, 2107.62660267532, 192.980281124592, -118.44172813366, 38, 52, 0.9476166, 2119.755
1025, 995.911477818178, 82.5545664737224, -55.9249839823404, 39, 52, -7.462678, 1000.891
1026, 2745.39253729902, 203.808257184304, -154.062172267947, 40, 52, -16.93239, 2757.255
1027, 2748.40291204152, 180.269171791587, -154.138359530696, 41, 52, 47.1102, 2758.618
1028, 371.7512702359, 21.1728398969291, -20.8378950218709, 42, 52, 2.773045, 372.9363
1029, 317.522932266426, 15.3447963396524, -17.7901572613969, 43, 52, 25.75784, 318.3909
1030, 313.561897558388, 12.4502911405285, -17.5615767162144, 44, 52, 14.60181, 314.3
1031, 320.461647520844, 9.96357786343525, -17.9425437231266, 45, 52, 16.43842, 321.1182
1032, 292.631703717634, 6.57872765577168, -16.3805786537512, 46, 52, 4.372711, 293.1636
1033, 279.063704764837, 3.87187251270115, -15.6186429347507, 47, 52, 14.02995, 279.5273
1034, 1194.68683177998, 6.29578835300122, -66.8587496990244, 48, 52, 33.72855, 1196.573
1035, 1097.34963975762, -3.65865657351565, -61.4109170667216, 49, 52, -1.582184, 1099.073
1036, 466.945127202837, -5.57461790806893, -26.133341192444, 50, 52, 8.881935, 467.7091
1037, 1241.4134942981, -25.5044124667621, -69.4874285263876, 51, 52, 1.922241, 1243.618
1038, 1241.14811268659, -36.1842680623869, -69.4874285263876, 52, 52, -26.97355, 1243.618
1039, 433.312583803014, -16.3650898817822, -24.2666014944332, 53, 52, -21.18004, 434.3
1040, 1282.50307512788, -59.4908710832368, -71.849424651314, 54, 52, -12.97801, 1285.891
1041, 1286.02202494746, -70.7473484708067, -72.0780000809686, 55, 52, -28.96235, 1289.982
1042, 376.3574797664, -23.9539240432045, -21.1045726087799, 56, 52, 39.66728, 377.7091
1043, 362.55784366949, -26.2094441827536, -20.3426385949554, 57, 52, 30.42367, 364.0727
1044, 343.998516584752, -27.8448861678738, -19.3140269942219, 58, 52, 17.36732, 345.6636
1045, 344.424225296742, -30.8642869654103, -19.3521223307724, 59, 52, 19.92728, 346.3454
1046, 343.468465434274, -33.7598926307113, -19.3140269942219, 60, 52, 31.46638, 345.6636
1047, 294.429192549389, -31.4996941551938, -16.5710621572073, 61, 52, -1.414474, 296.5727
1048, 628.210844908257, -72.6816035744586, -35.3908455990453, 62, 52, 50.00757, 633.3909
1049, 597.838326332133, -74.3855025657504, -33.7145894044906, 63, 52, 56.84907, 603.3909
1050, 597.176205062816, -79.5263951800822, -33.7145894044906, 64, 52, 41.0647, 603.3909
1051, 560.748014716631, -79.5911314527538, -31.6954632447501, 65, 52, -13.11748, 567.2545
1052, 560.04247838564, -84.4127159748071, -31.6954632447501, 66, 52, -8.884338, 567.2545
1053, 600.975130084924, -95.8774771369006, -34.0574627800284, 67, 52, 4.919781, 609.5273
1054, 570.590600569383, -96.0713037945801, -32.3812065854737, 68, 52, 6.115677, 579.5273
1055, 562.369534089266, -99.6701597410384, -31.962142536835, 69, 52, 4.316315, 572.0273
1056, 566.175980205843, -105.376888449341, -32.228818418568, 70, 52, -10.5675, 576.8
1057, 527.831234344642, -102.946498429401, -30.0954011336482, 71, 52, 13.57129, 538.6182
1058, 506.915465934942, -103.4022051637, -28.9525001129115, 72, 52, 6.676361, 518.1636
1059, 504.675402716092, -107.476156547657, -28.8763060294586, 73, 52, -5.678467, 516.8
1060, 923.745046019253, -205.045295906788, -52.9534420104952, 74, 52, -17.39812, 947.7091
1061, 922.609928793617, -213.138586631009, -52.9915356418697, 75, 52, 41.49144, 948.3909
1062, 875.730063930173, -210.261306601147, -50.4009606769368, 76, 52, -15.35149, 902.0273
1063, 877.191329280857, -218.611171207287, -50.5914424752169, 77, 52, 5.005844, 905.4363
1064, 887.8010263668, -229.385850039126, -51.315279447315, 78, 52, -13.53191, 918.3909
1065, 754.928555272369, -201.999396309884, -43.7340329404444, 79, 52, -8.009783, 782.7091
1066, 753.162662815403, -208.487129137498, -43.7340329404444, 80, 52, -8.574493, 782.7091
1067, 751.995457114393, -215.146664551416, -43.7721265718188, 81, 52, -46.15822, 783.3909
1068, 751.422284445503, -221.994429076421, -43.8483206552717, 82, 52, -20.24832, 784.7545
1069, 673.948270922771, -205.426970498917, -39.4291013288783, 83, 52, -31.57603, 705.6636
1070, 660.465880033912, -207.544383037515, -38.7433579881547, 84, 52, 4.913513, 693.3909
1071, 838.058387230074, -271.295154634637, -49.2961532875745, 85, 52, -28.08916, 882.2545
1072, 849.901584747352, -283.230502657938, -50.1342813848518, 86, 52, -57.0868, 897.2545
1073, 757.2789944904, -259.624033238107, -44.8007398777283, 87, 52, -10.80864, 801.8
1074, 755.659268858452, -266.356163656781, -44.8388369194547, 88, 52, -15.5958, 802.4818
1075, 754.619781203234, -273.311448235509, -44.9150310029075, 89, 52, 2.834862, 803.8455
1076, 731.822852409036, -272.199648765753, -43.6959358987179, 90, 52, -10.74608, 782.0273
1077, 672.215485044801, -256.633916460196, -40.2672294261557, 91, 52, -17.63145, 720.6636
1078, 687.097023930075, -269.111089903183, -41.2958393217132, 92, 52, -29.92318, 739.0727
1079, 646.22197615739, -259.536553901949, -38.9719402385132, 93, 52, -29.7706, 697.4818
1080, 702.508847672714, -289.186296414427, -42.5149344259028, 94, 52, 21.53758, 760.8909
1081, 699.994761953553, -295.219796642985, -42.5149344259028, 95, 52, -36.46044, 760.8909
1082, 783.67215737911, -338.48139763614, -47.7722852599254, 96, 52, 10.10044, 854.9818
1083, 788.824829613753, -348.790208359781, -48.267543392017, 97, 52, -48.33497, 863.8455
1084, 784.554294201594, -355.002857045417, -48.1913493085641, 98, 52, -1.567201, 862.4818
1085, 839.541877225347, -388.620645308639, -51.7724405376801, 99, 52, -35.31259, 926.5727
1086, 1050.28933006587, -497.191774819448, -65.030105337564, 100, 52, -8.985107, 1163.845
1087, 1046.58557122082, -506.506372170317, -65.0682057896424, 101, 52, -46.78925, 1164.527
1088, 1042.79912543216, -515.793966149962, -65.1062994210168, 102, 52, -38.91541, 1165.209
1089, 1055.942312265, -533.65139988233, -66.2111034000272, 103, 52, -14.4813, 1184.982
1090, 1051.9167964887, -543.029001943494, -66.2492038521055, 104, 52, 29.98147, 1185.664
1091, 1004.44977465345, -529.519480772641, -63.5443377619933, 105, 52, -41.17046, 1137.255
1092, 1137.12942337394, -612.024669587668, -72.2684886999527, 106, 52, -38.22839, 1293.391
1093, 1132.41823096056, -622.113334322803, -72.3065823313271, 107, 52, -6.317413, 1294.073
1094, 1127.02381521807, -631.833340751638, -72.3065823313271, 108, 52, -0.6353455, 1294.073
1095, 1437.68689585934, -822.334189534238, -92.6883325477166, 109, 52, 3.698059, 1658.845
1096, 1435.85041319299, -837.760836394484, -93.0312025129024, 110, 52, -37.87878, 1664.982
1097, 1364.82288640301, -812.139191763681, -88.878662478594, 111, 52, 9.746017, 1590.664
1098, 1435.77262360373, -871.171645909813, -93.983625145711, 112, 52, 15.91286, 1682.027
1099, 1428.22414675941, -883.492416458973, -93.983625145711, 113, 52, -45.04736, 1682.027
1100, 1400.99149429045, -883.402491918845, -92.6883325477166, 114, 52, -62.03087, 1658.845
1101, 1239.85828483031, -796.789771151539, -82.4784140341866, 115, 52, -6.856472, 1476.118
1102, 1351.41341005497, -885.00134263778, -90.402530506243, 116, 52, -65.09958, 1617.936
1103, 1304.67631750846, -870.525107371602, -87.7738584995837, 117, 52, -22.09575, 1570.891
1104, 1273.49224283159, -865.64482021709, -86.1737963884818, 118, 52, -2.584955, 1542.255
1105, 1335.95812668966, -925.010051776349, -90.935882269709, 119, 52, -6.94677, 1627.482
1106, 1517.65941452678, -1070.25298264018, -103.926867777508, 120, 52, -11.02086, 1859.982
1107, 1527.74783684981, -1097.16933026001, -105.260254006877, 121, 52, -20.28186, 1883.845
1108, 1523.19701380422, -1113.88961986126, -105.603123972063, 122, 52, -10.55023, 1889.982
1109, 1478.61165186208, -1100.93420935651, -103.164933763683, 123, 52, -42.2514, 1846.345
1110, 1457.6922533069, -1104.97914409825, -102.364906118484, 124, 52, -12.17639, 1832.027
1111, 1395.85367374873, -1077.1387280208, -98.6695237641893, 125, 52, 4.236465, 1765.891
1112, 2036.98119809648, -1600.02743580906, -144.957050912724, 126, 52, -28.29822, 2594.3
1113, 2023.67134388989, -1617.91901332469, -144.995151364802, 127, 52, 26.52411, 2594.982
1114, 2021.82088807599, -1645.15231477026, -145.87136627275, 128, 52, -17.35654, 2610.664
1115, 2033.80750605318, -1684.19604512109, -147.776211538367, 129, 52, -11.28362, 2644.755
1116, 2076.50354006279, -1749.88697308414, -151.966852024754, 130, 52, -12.81555, 2719.755
1117, 2064.98846364807, -1770.78989290739, -152.233527906487, 131, 52, -22.65804, 2724.527
1118, 2033.26272998922, -1774.16867427978, -151.014436212649, 132, 52, -38.70139, 2702.709
1119, 2065.77509628019, -1834.08178272763, -154.595524031413, 133, 52, -27.56231, 2766.8
1120, 2033.75365817373, -1837.18467869304, -153.376432337576, 134, 52, -12.56709, 2744.982
1121, 2017.87172286476, -1854.61456799581, -153.376432337576, 135, 52, -17.28411, 2744.982
1122, 11.9202943849982, -11.1465850918061, -0.913305682699616, 136, 52, 14.40178, 16.34546
1123, 972.108913379408, -924.817130088046, -75.0876425048922, 137, 52, -5.952362, 1343.845
1124, 999.824602595681, -967.708197531198, -77.8687094991612, 138, 52, -12.26925, 1393.618
1125, 1072.4675998655, -1056.03968768175, -84.2308574914902, 139, 52, -15.80464, 1507.482
1126, 1009.9578880156, -1011.7490323766, -80.002123373729, 140, 52, -10.78869, 1431.8
1127, 1001.21568043608, -1020.40100025864, -80.002123373729, 141, 52, -14.46461, 1431.8
1128, 713.33003715359, 309.739191702467, -50.3027056139237, 1, 51, -6.043228, 779.3
1129, 1048.59164195958, 444.63178958541, -73.6722257492606, 2, 51, -8.998184, 1141.345
1130, 1049.86373561747, 434.55269889338, -73.4961906212492, 3, 51, -9.098331, 1138.618
1131, 1048.51652309429, 423.465468895745, -73.1441046062963, 4, 51, -22.04771, 1133.164
1132, 1176.83293601393, 463.552400990365, -81.8141478695933, 5, 51, -7.627188, 1267.482
1133, 1154.7354655681, 443.410063135555, -80.0097267416223, 6, 51, -23.70605, 1239.527
1134, 1159.14491105022, 433.697017098757, -80.0537335537589, 7, 51, -24.51624, 1240.209
1135, 1163.47276688731, 423.940943417905, -80.0977482453605, 8, 51, -30.75873, 1240.891
1136, 1161.30584677705, 411.868175617817, -79.7016554182711, 9, 51, -21.59699, 1234.755
1137, 1165.44961165375, 402.083242469353, -79.7456622304077, 10, 51, -1.836548, 1235.436
1138, 1167.57572651314, 391.608407806747, -79.6576407266694, 11, 51, -2.791057, 1234.073
1139, 1148.90669679171, 374.381098967825, -78.1612909220497, 12, 51, -34.68162, 1210.891
1140, 1281.8265301164, 405.528273150787, -86.9633703806866, 13, 51, -21.48924, 1347.255
1141, 1298.27709706333, 398.477571621184, -87.8435775386037, 14, 51, -14.78522, 1360.891
1142, 1301.65744174481, 387.292783556137, -87.8435775386037, 15, 51, -24.07288, 1360.891
1143, 1297.74977366019, 374.006716843309, -87.359463207776, 16, 51, -31.51697, 1353.391
1144, 1301.57492751579, 363.010143607577, -87.4034700199126, 17, 51, -41.07094, 1354.073
1145, 1319.10250754853, 355.695407532573, -88.371698681568, 18, 51, -19.06195, 1369.073
1146, 1328.69836872133, 346.047869133946, -88.8118062002591, 19, 51, -15.41302, 1375.891
1147, 1371.21944719401, 344.551969184409, -91.4524276740107, 20, 51, -22.73987, 1416.8
1148, 1363.55259871837, 330.179560790643, -90.7482635235699, 21, 51, -26.05616, 1405.891
1149, 1722.84233447646, 401.520349699776, -114.425851042526, 22, 51, -10.69092, 1772.709
1150, 1655.19135845355, 370.768977516633, -109.716743929588, 23, 51, -4.508575, 1699.755
1151, 1658.32009516334, 356.514417331897, -109.716743929588, 24, 51, -4.156384, 1699.755
1152, 1699.31107993903, 350.058383969665, -112.225337087465, 25, 51, -29.13475, 1738.618
1153, 1702.92750063281, 335.556525584523, -112.269343899602, 26, 51, -10.42377, 1739.3
1154, 1705.75151169182, 320.89255933247, -112.269343899602, 27, 51, -8.514336, 1739.3
1155, 1700.41261440221, 304.764434444188, -111.741222756637, 28, 51, 3.643736, 1731.118
1156, 1751.26443716924, 298.350521425764, -114.909965373353, 29, 51, -11.06558, 1780.209
1157, 1753.76654833427, 283.272053814709, -114.909965373353, 30, 51, -9.890335, 1780.209
1158, 1978.09660264667, 302.066859073428, -129.433395298184, 31, 51, -32.94056, 2005.209
1159, 1961.09202988721, 282.225996512778, -128.157095313178, 32, 51, 1.460098, 1985.436
1160, 1978.28151812881, 267.347492326522, -129.125323974833, 33, 51, -7.167473, 2000.436
1161, 1967.00797459288, 248.610643223607, -128.245116816916, 34, 51, -22.90592, 1986.8
1162, 1948.80205404864, 229.292635742886, -126.924802140308, 35, 51, -42.74208, 1966.345
1163, 1950.70269765193, 212.517161762525, -126.924802140308, 36, 51, -10.44417, 1966.345
1164, 994.499490616628, 99.6944722841663, -64.6500925312782, 37, 51, -14.88561, 1001.573
1165, 994.64285923606, 91.0723267348663, -64.6060817794091, 38, 51, -8.897497, 1000.891
1166, 995.38960732676, 82.5113068134675, -64.6060817794091, 39, 51, -7.859126, 1000.891
1167, 996.741205664663, 73.9945509541434, -64.6500925312782, 40, 51, -10.47803, 1001.573
1168, 1005.48819800626, 65.9504921591591, -65.1782176139751, 41, 51, -11.00367, 1009.755
1169, 982.243051487363, 55.9429826717636, -63.6378531177537, 42, 51, -9.292757, 985.8909
1170, 982.688014769349, 47.4899477162817, -63.6378531177537, 43, 51, -9.388021, 985.8909
1171, 983.060233862581, 39.0333972831827, -63.6378531177537, 44, 51, 8.926071, 985.8909
1172, 1081.96962672837, 33.6398714329113, -70.0193688017171, 45, 51, 3.249985, 1084.755
1173, 1186.29327875994, 26.6693605022531, -76.7529547417032, 46, 51, 2.529633, 1189.073
1174, 1189.88044776898, 16.5090096650138, -76.9730045613163, 47, 51, -0.2492294, 1192.482
1175, 1096.76548122886, 5.77976015053802, -70.9435827717708, 48, 51, -4.820206, 1099.073
1176, 1097.45507331573, -3.65900809792179, -70.9875974633725, 49, 51, -23.28629, 1099.755
1177, 1087.17773287153, -12.9792562462842, -70.3274401250683, 50, 51, 1.296677, 1089.527
1178, 1070.01942694137, -21.9831804128977, -69.2271752680731, 51, 51, -6.104317, 1072.482
1179, 1240.49773502762, -36.1653070380631, -80.273791252837, 52, 51, -13.52636, 1243.618
1180, 1255.77857435523, -47.427492321068, -81.286026726629, 53, 51, -22.94907, 1259.3
1181, 1286.58866307361, -59.6803873428794, -83.310505553678, 54, 51, -23.54403, 1290.664
1182, 1286.02756817992, -70.7476534181488, -83.310505553678, 55, 51, -3.894825, 1290.664
1183, 1290.12440856357, -82.1122038233367, -83.6185768770293, 56, 51, -3.160928, 1295.436
1184, 1295.47780275412, -93.6505822564215, -84.0146697041187, 57, 51, -16.27717, 1301.573
1185, 343.818256914194, -27.8302950874901, -22.3120959296553, 58, 51, 26.07135, 345.6636
1186, 316.45884681423, -28.3582743124475, -20.5516796439547, 59, 51, 6.826641, 318.3909
1187, 287.0864236715, -28.2180398326536, -18.659233072513, 60, 51, 1.146194, 289.0727
1188, 245.564362553816, -26.2718592843432, -15.9745998619592, 61, 51, 26.68049, 247.4818
1189, 260.198752576501, -30.104005269275, -16.9428275386815, 62, 51, 25.20145, 262.4818
1190, 259.930114826333, -32.3415735855454, -16.9428275386815, 63, 51, 34.26534, 262.4818
1191, 249.525626657283, -33.2295115325592, -16.2826731551768, 64, 51, 4.51841, 252.2546
1192, 264.050655344943, -37.4786711110612, -17.250900831899, 65, 51, -19.42516, 267.2545
1193, 542.256329130869, -81.7318886746061, -35.4712043657414, 66, 51, -7.482483, 549.5273
1194, 538.173534061884, -85.8583294460318, -35.2511506063959, 67, 51, 12.95525, 546.1182
1195, 562.240170219824, -94.6653277232474, -36.8795366063554, 68, 51, 10.02755, 571.3455
1196, 523.88736830829, -92.8498692059501, -34.4149542003478, 69, 51, 29.47112, 533.1636
1197, 523.738036155859, -97.4783221863415, -34.4589649522169, 70, 51, -3.997131, 533.8455
1198, 486.150214128565, -94.8171669252933, -32.0383913282122, 71, 51, 28.62984, 496.3454
1199, 506.649835676423, -103.348021071214, -33.4467255386924, 72, 51, 2.216776, 518.1636
1200, 456.496871410153, -97.2160104319443, -30.1899555086396, 73, 51, 4.468842, 467.7091
1201, 456.307788505094, -101.287434148415, -30.2339662605087, 74, 51, 21.04874, 468.3909
1202, 444.149531178, -102.606096437621, -29.4857893883326, 75, 51, -8.762527, 456.8
1203, 419.432926772736, -100.70513603129, -27.9014161101084, 76, 51, -18.96829, 432.2545
1204, 818.633824656954, -204.017633581576, -54.5717130876348, 77, 51, 12.88643, 845.4363
1205, 713.422443402598, -184.330732626662, -47.6620802004396, 78, 51, -2.318741, 738.3909
1206, 754.532962948252, -201.893546014385, -50.5227593732692, 79, 51, -26.6236, 782.7091
1207, 674.735307920917, -186.777218549688, -45.2855192981703, 80, 51, -15.24657, 701.5727
1208, 595.91361243119, -170.491490157836, -40.0922939146729, 81, 51, -30.27213, 621.1182
1209, 619.872848688151, -183.130474026394, -41.8087014183706, 82, 51, 6.088234, 647.7091
1210, 620.877594482138, -189.250434770737, -41.9847404861146, 83, 51, -14.06502, 650.4363
1211, 608.840745780495, -191.321733296238, -41.2805763356738, 84, 51, 5.584328, 639.5273
1212, 607.172128293201, -196.552959728239, -41.2805763356738, 85, 51, 11.34584, 639.5273
1213, 654.516297349735, -218.1181718249, -44.6253658995986, 86, 51, -23.09341, 691.3455
1214, 655.83351770995, -224.844666548785, -44.8454157192117, 87, 51, -52.6235, 694.7545
1215, 752.696474401149, -265.31183243784, -51.6230163507995, 88, 51, -17.7375, 799.7545
1216, 678.096517741671, -245.595922508051, -46.6498447266476, 89, 51, 13.5583, 722.7091
1217, 630.043036773761, -234.342905188852, -43.4810942304668, 90, 51, -15.52498, 673.6182
1218, 615.290537123846, -234.901491881679, -42.6008870725496, 91, 51, -11.58322, 659.9818
1219, 502.377795310138, -196.763239150382, -34.8990685311755, 92, 51, 1.80854, 540.6636
1220, 636.412649654846, -255.596918775784, -44.361301388384, 93, 51, 3.473938, 687.2545
1221, 612.798103171691, -252.257056253572, -42.8649476440318, 94, 51, 10.19366, 664.0727
1222, 678.312666030211, -286.075465431965, -47.618073388303, 95, 51, -38.60748, 737.7091
1223, 675.82624066353, -291.900903132772, -47.618073388303, 96, 51, -57.00148, 737.7091
1224, 727.428094003672, -321.64276142085, -51.4469772830555, 97, 51, -0.3126755, 797.0273
1225, 725.873571750686, -328.450425585258, -51.5349948470612, 98, 51, -12.15254, 798.3909
1226, 783.531233836159, -362.693537955761, -55.8480170123739, 99, 51, -8.805428, 865.2091
1227, 803.750576938431, -380.483895647221, -57.5204098244701, 100, 51, 13.95611, 891.1182
1228, 1022.76432560302, -494.977823497155, -73.4961906212492, 101, 51, -32.51223, 1138.618
1229, 1018.46780941166, -503.759101825866, -73.4961906212492, 102, 51, -9.949585, 1138.618
1230, 1022.59739860391, -516.799570338701, -74.1123332679517, 103, 51, -14.461, 1148.164
1231, 1021.13605938085, -527.13912072232, -74.3323830875648, 104, 51, 21.20032, 1151.573
1232, 993.691404333887, -523.847951135892, -72.6599902754686, 105, 51, 38.61402, 1125.664
1233, 1024.49625788703, -551.403359053636, -75.2566049370835, 106, 51, -31.67559, 1165.891
1234, 1093.06321931574, -600.492985190927, -80.6698840799265, 107, 51, 15.05303, 1249.755
1235, 1092.0107052963, -612.20425225035, -80.9779554032777, 108, 51, -16.23662, 1254.527
1236, 1118.59581489133, -639.819132736291, -83.3545123658146, 109, 51, -29.75609, 1291.345
1237, 1113.0495746607, -649.419559341617, -83.3545123658146, 110, 51, -7.262793, 1291.345
1238, 14.0173949619495, -8.34106456481892, -1.05507587887236, 111, 51, 3.118118, 16.34546
1239, 1403.02716568649, -851.302960575622, -106.151900606318, 112, 51, -8.421295, 1644.527
1240, 1398.54398969396, -865.132417612765, -106.371950425931, 113, 51, 3.940186, 1647.936
1241, 1220.11543847994, -769.350151784987, -93.3008634935833, 114, 51, -15.63607, 1445.436
1242, 1191.12776213372, -765.47330337246, -91.5844559898855, 115, 51, -20.47118, 1418.845
1243, 1148.63797265148, -752.209605467765, -88.8118062002591, 116, 51, 6.671394, 1375.891
1244, 1194.19341133565, -796.807095886208, -92.8607638543572, 117, 51, -4.827805, 1438.618
1245, 1195.17152971168, -812.407024690975, -93.4769065010597, 118, 51, -10.91315, 1448.164
1246, 1187.57810533112, -822.272541896804, -93.4328918094581, 119, 51, -19.57862, 1447.482
1247, 1230.50320031266, -867.750502963503, -97.3938279598179, 120, 51, -24.62448, 1508.845
1248, 1507.60464413762, -1082.70326935371, -120.059180004982, 121, 51, -6.817543, 1859.982
1249, 1430.68065524517, -1046.23388620872, -114.645908741604, 122, 51, -38.88847, 1776.118
1250, 1338.67431128368, -996.740653722665, -107.956321734289, 123, 51, -49.37437, 1672.482
1251, 1315.95144717159, -997.534905239271, -106.812057944622, 124, 51, -4.650452, 1654.755
1252, 1306.78149320097, -1008.40437780801, -106.768043253021, 125, 51, -3.250433, 1654.073
1253, 1364.40538254644, -1071.72616403132, -112.225337087465, 126, 51, -14.72539, 1738.618
1254, 1942.36485350972, -1552.91472441683, -160.856819989848, 127, 51, -1.556934, 2492.027
1255, 1932.09854956116, -1572.14539622233, -161.120876621598, 128, 51, -13.89627, 2496.118
1256, 1981.38578192272, -1640.78561409643, -166.402135328031, 129, 51, 16.54137, 2577.937
1257, 1999.45339671682, -1684.95617016757, -169.130778305521, 130, 51, 5.223381, 2620.209
1258, 2046.34545080147, -1754.80294707053, -174.368006561422, 131, 51, -24.29457, 2701.345
1259, 1956.32253407462, -1707.03279293435, -167.942491944787, 132, 51, 5.908245, 2601.8
1260, 1941.56325776671, -1723.80130223055, -167.942491944787, 133, 51, -22.14714, 2601.8
1261, 1862.03390133892, -1682.06220109214, -162.309162982331, 134, 51, -38.03861, 2514.527
1262, 1976.73830686278, -1816.80907635614, -173.663850290446, 135, 51, -3.948861, 2690.437
1263, 2016.19742178101, -1885.33230790387, -178.548992531395, 136, 51, -24.52421, 2766.118
1264, 1984.12740145022, -1887.60228805975, -177.140664230514, 137, 51, -16.35854, 2744.3
1265, 80.6556283473259, -78.0648050929189, -7.26054141459408, 138, 51, 0.8366089, 112.4818
1266, 567.701479008878, -559.005505307745, -51.5349948470612, 139, 51, -12.85632, 798.3909
1267, 1009.42865702362, -1011.21886280182, -92.4206563356661, 140, 51, -17.55346, 1431.8
1268, 989.254408961433, -1008.21052660187, -91.3644061702725, 141, 51, 16.13829, 1415.436
1269, 712.90218981551, 309.553413616915, -57.0580655866267, 1, 50, -9.475986, 779.3
1270, 729.937886761597, 309.513804888322, -58.2062428494867, 2, 50, -9.517849, 794.9818
1271, 732.573846138036, 303.222152721331, -58.2062428494867, 3, 50, -12.89025, 794.9818
1272, 736.416602586035, 297.417346363232, -58.3060851277903, 4, 50, 8.741379, 796.3455
1273, 742.74427530356, 292.565649381806, -58.6056074938855, 5, 50, 2.643206, 800.4363
1274, 1047.39701226215, 402.192873764957, -82.3678775710685, 6, 50, -9.520187, 1124.982
1275, 1157.81285073141, 433.198623341981, -90.7545663851514, 7, 50, -7.122603, 1239.527
1276, 1063.74588702487, 387.602914083435, -83.1166901895298, 8, 50, -6.176262, 1135.209
1277, 1160.60930858384, 411.621141715696, -90.4051228799045, 9, 50, -8.551826, 1234.755
1278, 1164.75058807694, 401.842077460147, -90.4550395502407, 10, 50, -8.442215, 1235.436
1279, 1146.88998493667, 384.670347911263, -88.8076553646783, 11, 50, 15.84654, 1212.936
1280, 1137.22657803782, 370.575032115426, -87.8092415192736, 12, 50, -31.39282, 1199.3
1281, 1128.05474731096, 356.879876448665, -86.8607443442051, 13, 50, -17.34972, 1186.345
1282, 1131.0834966329, 347.161176961816, -86.8607443442051, 14, 50, -11.96439, 1186.345
1283, 1132.72500504982, 337.028934142099, -86.7609020659015, 15, 50, -0.6410832, 1184.982
1284, 1275.40936845108, 367.568294140572, -97.4439454057046, 16, 50, -7.833138, 1330.891
1285, 1278.52462412941, 356.581398119633, -97.4439454057046, 17, 50, 3.282672, 1330.891
1286, 1285.48438011613, 346.630294344538, -97.7434633029841, 18, 50, -8.276291, 1334.982
1287, 1288.41911777214, 335.55749051273, -97.7434633029841, 19, 50, -12.81579, 1334.982
1288, 1332.8062201352, 334.899719099328, -100.888472725469, 20, 50, -6.624619, 1377.936
1289, 1335.63827944894, 323.420204617062, -100.888472725469, 21, 50, -3.715313, 1377.936
1290, 1366.84788469262, 318.553375236716, -103.035068302549, 22, 50, 2.351776, 1407.255
1291, 1384.13602119544, 310.051580864976, -104.133324426258, 23, 50, -19.80197, 1422.255
1292, 1657.32545341065, 356.30058399179, -124.451062714861, 24, 50, -4.050943, 1699.755
1293, 1641.68149187952, 338.18667860441, -123.053279756242, 25, 50, -1.142784, 1680.664
1294, 1701.90610385973, 335.355262552308, -127.346461972771, 26, 50, -12.1877, 1739.3
1295, 1702.7236670534, 320.322949510275, -127.196703024131, 27, 50, -11.55835, 1737.255
1296, 1678.64361171848, 300.862782730287, -125.199866395691, 28, 50, -7.847084, 1709.982
1297, 878.784898801572, 149.712360517259, -65.444749931894, 29, 50, -16.18034, 893.8455
1298, 898.836490906309, 145.18195655201, -66.8425284216975, 30, 50, -31.15842, 912.9363
1299, 897.363585066374, 137.032639975818, -66.6428483339059, 31, 50, -8.939728, 910.2091
1300, 1740.50015626185, 250.480030281852, -129.093688436637, 32, 50, 1.55648, 1763.164
1301, 911.044267792285, 123.119686536374, -67.4914987618552, 33, 50, -8.0924, 921.8
1302, 1925.35094728775, 243.345600841023, -142.472446477743, 34, 50, -22.65819, 1945.891
1303, 957.599657974196, 112.66949822186, -70.7862671329799, 35, 50, 13.44973, 966.8
1304, 951.773714530207, 103.689941422446, -70.2870602102776, 36, 50, -14.98816, 959.9818
1305, 962.779585903167, 96.5146826601899, -71.0358728287389, 37, 50, 14.28867, 970.2091
1306, 982.534666446278, 89.9636661943717, -72.4336513185423, 38, 50, -11.51348, 989.3
1307, 994.792583828987, 82.4618174591111, -73.2823017464916, 39, 50, -8.11824, 1000.891
1308, 995.46524379037, 73.8998280457432, -73.2823017464916, 40, 50, 12.77155, 1000.891
1309, 1004.88511748732, 65.9109357952802, -73.9312720866493, 41, 50, -10.47941, 1009.755
1310, 982.332806676764, 55.948094617323, -72.2339667619352, 42, 50, -9.710222, 986.5727
1311, 982.09860954402, 47.4614637794534, -72.1840456227834, 43, 50, -9.811342, 985.8909
1312, 982.470605384423, 39.0099854902481, -72.1840456227834, 44, 50, 8.946142, 985.8909
1313, 982.76987312996, 30.555619458743, -72.1840456227834, 45, 50, 11.01127, 985.8909
1314, 973.479004855173, 21.8850287586523, -71.4851586122895, 46, 50, -1.566605, 976.3455
1315, 1006.94744880474, 13.9709037119215, -73.9312720866493, 47, 50, -10.67029, 1009.755
1316, 1004.31050452871, 5.29253877167793, -73.7315919988578, 48, 50, -5.205154, 1007.027
1317, 1096.11678127239, -3.65454611898249, -80.4708921585627, 49, 50, -4.673843, 1099.073
1318, 1059.32808811419, -12.6467736496082, -77.7751774572595, 50, 50, -7.237852, 1062.255
1319, 1060.53977033915, -21.7884241345613, -77.8750197355631, 51, 50, -8.995216, 1063.618
1320, 1060.99269887463, -30.9320409352378, -77.9249364058992, 52, 50, -8.050682, 1064.3
1321, 1261.14089525841, -47.6300132420745, -92.6515517976572, 53, 50, -11.62952, 1265.436
1322, 1281.74140162485, -59.4555396902324, -94.199093704916, 54, 50, -10.07075, 1286.573
1323, 1290.68796013631, -71.0040334546905, -94.8979896530411, 55, 50, -5.189106, 1296.118
1324, 1296.81537240195, -82.5380618125546, -95.3971921069278, 56, 50, -3.068855, 1302.936
1325, 1294.70078972988, -93.5944116898658, -95.2973498286242, 57, 50, -4.672474, 1301.573
1326, 1298.59198504521, -105.114249797029, -95.6467933338712, 58, 50, -4.229698, 1306.345
1327, 1301.02600450747, -116.586572614002, -95.8964034984458, 59, 50, -4.257034, 1309.755
1328, 1292.53077130251, -127.044268841075, -95.3472754365916, 60, 50, -3.376377, 1302.255
1329, 241.360294588707, -25.8220844031165, -17.8203708508362, 61, 50, 21.97917, 243.3909
1330, 245.182091535109, -28.3666347452404, -18.1198954513392, 62, 50, 13.43855, 247.4818
1331, 181.499167780887, -22.582872686463, -13.4273463560031, 63, 50, 6.165359, 183.3909
1332, 197.475051709203, -26.2978981200051, -14.6254436408111, 64, 50, 30.04681, 199.7545
1333, 180.410471226935, -25.60699842715, -13.3774252168514, 65, 50, 32.19556, 182.7091
1334, 171.442368780372, -25.8407469798041, -12.7284559938975, 66, 50, 8.481577, 173.8455
1335, 520.391813702223, -83.0214957704067, -38.6872338496814, 67, 50, 8.337799, 528.3909
1336, 508.258935975289, -85.5764160777733, -37.8385834217321, 68, 50, -17.47567, 516.8
1337, 2168.66657761729, -384.358204194354, -161.691919705007, 69, 50, -1.662647, 2208.391
1338, 2169.2905908489, -403.749188587939, -161.991455477549, 70, 50, -36.15943, 2212.482
1339, 471.842965302252, -92.0267273434905, -35.2926254346609, 71, 50, 14.30624, 482.0273
1340, 454.377039166659, -92.6852522420682, -34.044608127905, 72, 50, 17.20654, 464.9818
1341, 454.227861005588, -96.7327998055954, -34.0945292670568, 73, 50, 8.700684, 465.6636
1342, 410.893589874772, -91.2067654220679, -30.8996009398278, 74, 50, 20.36958, 422.0273
1343, 403.468282279682, -93.2080359767827, -30.4003940171255, 75, 50, 32.84447, 415.2091
1344, 419.181355617904, -100.644734222677, -31.6484135582891, 76, 50, -17.96033, 432.2545
1345, 418.299919338602, -104.247536689053, -31.6484135582891, 77, 50, -16.74191, 432.2545
1346, 452.28099140848, -116.858233533861, -34.2942115892562, 78, 50, -23.11678, 468.3909
1347, 661.460315668408, -176.989707853556, -50.26884428777, 79, 50, 7.876999, 686.5727
1348, 654.01498177784, -181.04151028155, -49.8195585042194, 80, 50, 1.889725, 680.4363
1349, 583.788565396441, -167.022501878218, -44.5778835814371, 81, 50, 25.62621, 608.8455
1350, 564.070417002566, -166.644632150865, -43.1801006228181, 82, 50, 6.758278, 589.7545
1351, 586.031733752316, -178.629026699828, -44.9772482258358, 83, 50, 2.336784, 614.3
1352, 552.686198430274, -173.675763630169, -42.5311302826603, 84, 50, 6.759735, 580.8909
1353, 555.053123374343, -179.681064268068, -42.8306571175711, 85, 50, -19.61728, 584.9818
1354, 560.582853340156, -186.814763241266, -43.3797851794252, 86, 50, 10.6268, 592.4818
1355, 634.213372920695, -217.432458854901, -49.2205093032135, 87, 50, -42.64209, 672.2545
1356, 588.068493789231, -207.283460189332, -45.7759819834489, 88, 50, 35.4858, 625.2091
1357, 566.443539485493, -205.15696510576, -44.2284356073745, 89, 50, -19.86058, 604.0727
1358, 552.54819982246, -205.51889767137, -43.2799429011216, 90, 50, 6.456757, 591.1182
1359, 506.290807683665, -193.288306702717, -39.7854899733897, 91, 50, 0.9327621, 543.3909
1360, 495.744911686606, -194.165378180297, -39.0866029628958, 92, 50, -9.478233, 533.8455
1361, 494.687019143539, -198.676877211728, -39.1365241020476, 93, 50, -34.53008, 534.5273
1362, 604.256251152922, -248.74082075275, -47.9724942308655, 94, 50, -11.60941, 655.2091
1363, 605.853033503803, -255.515925358305, -48.2720165969606, 95, 50, -54.63288, 659.3
1364, 644.208402482035, -278.244618477085, -51.5168638289336, 96, 50, -23.48973, 703.6182
1365, 642.412525263518, -284.051908773346, -51.5667849680854, 97, 50, -13.12827, 704.3
1366, 665.964555315451, -301.342203561016, -53.6634549371983, 98, 50, -42.58354, 732.9363
1367, 662.73014838903, -306.775188848982, -53.6135337980465, 99, 50, -20.66605, 732.2545
1368, 694.483925489004, -328.758643559483, -56.409095246469, 100, 50, 34.14815, 770.4363
1369, 768.139200842299, -371.749248832659, -62.6491884834716, 101, 50, -20.78215, 855.6636
1370, 767.350320426428, -379.550246587678, -62.8488685712632, 102, 50, -7.467293, 858.3909
1371, 742.815314695363, -375.403493104587, -61.1016465762128, 103, 50, 24.11754, 834.5273
1372, 890.010491276567, -459.448418744156, -73.5319074422506, 104, 50, 3.22905, 1004.3
1373, 878.80631599795, -463.283556718905, -72.9328582412447, 105, 50, 10.95269, 996.1182
1374, 979.572715517172, -527.224654668304, -81.6689905605746, 106, 50, -13.3688, 1115.436
1375, 967.848694929978, -531.704243415554, -81.0699458283842, 107, 50, 9.664047, 1107.255
1376, 1048.05677147405, -587.562749141812, -88.2086106324879, 108, 50, -32.14809, 1204.755
1377, 1052.40677387124, -601.960047034064, -89.0073399212854, 109, 50, -40.41617, 1215.664
1378, 1098.28611867281, -640.805677893489, -93.3504388081511, 110, 50, 39.02618, 1274.982
1379, 1137.72763697898, -677.005941758861, -97.19433524113, 111, 50, -21.06155, 1327.482
1380, 1117.90858796, -678.303965780743, -95.9962457767493, 112, 50, -27.29417, 1311.118
1381, 1168.70336439804, -722.954139851615, -100.888472725469, 113, 50, -24.96402, 1377.936
1382, 1192.92496148917, -752.205054739072, -103.534270756436, 114, 50, -13.68145, 1414.073
1383, 1197.84994978606, -769.793289314953, -104.532684601841, 115, 50, -40.1757, 1427.709
1384, 1141.12262928095, -747.288025643403, -100.139660107008, 116, 50, -32.93681, 1367.709
1385, 829.773069633133, -553.653255480176, -73.2323850761554, 117, 50, -2.95443, 1000.209
1386, 848.598315142803, -576.827020410411, -75.3290550452684, 118, 50, -6.693703, 1028.845
1387, 1210.34634797774, -838.037147754315, -108.07706313754, 119, 50, 2.417091, 1476.118
1388, 841.881578794431, -593.694647237775, -75.6285818801791, 120, 50, -0.7136955, 1032.936
1389, 845.579435592504, -607.262403292715, -76.4273111689766, 121, 50, -1.431848, 1043.845
1390, 840.323410131439, -614.515072829667, -76.4273111689766, 122, 50, -1.0804, 1043.845
1391, 835.005179124115, -621.722252445323, -76.4273111689766, 123, 50, -1.344115, 1043.845
1392, 1315.16215428556, -996.936595015924, -121.156294343736, 124, 50, -14.3871, 1654.755
1393, 811.263518991128, -626.027907774149, -75.2292127669648, 125, 50, -2.332248, 1027.482
1394, 805.312608075833, -632.564634631082, -75.1792960966286, 126, 50, -2.525162, 1026.8
1395, 1265.62553998723, -1011.86372534121, -118.959782096319, 127, 50, 16.9911, 1624.755
1396, 1236.30274015303, -1005.97749618419, -117.012871075846, 128, 50, -0.4870218, 1598.164
1397, 1148.5190235575, -951.088631281355, -109.474837158528, 129, 50, -11.49436, 1495.209
1398, 1174.09207847094, -989.417255342343, -112.719688859317, 130, 50, -8.720795, 1539.527
1399, 1207.34707483258, -1035.33653334211, -116.763269848903, 131, 50, 27.16313, 1594.755
1400, 1807.58978210405, -1577.25271803621, -176.119026137116, 132, 50, 40.83834, 2405.437
1401, 1776.15522339697, -1576.94511101177, -174.371790735619, 133, 50, -4.291565, 2381.573
1402, 1816.00845333968, -1640.4852640062, -179.663386797553, 134, 50, 20.50362, 2453.845
1403, 1806.33286192916, -1660.1903889249, -180.112681518735, 135, 50, -21.15913, 2459.982
1404, 1789.49872858737, -1673.34792293228, -179.86307135416, 136, 50, 20.46738, 2456.573
1405, 833.565113052944, -793.013298186132, -84.4645564778126, 137, 50, -3.278172, 1153.618
1406, 829.154394730628, -802.520264771202, -84.714157704756, 138, 50, -1.205547, 1157.027
1407, 822.219029232042, -809.624390466513, -84.714157704756, 139, 50, -5.611263, 1157.027
1408, 815.703157372278, -817.149794036952, -84.7640743750922, 140, 50, -3.04808, 1157.709
1409, 806.737446532063, -822.196169589421, -84.564389818485, 141, 50, -4.605621, 1154.982
1410, 658.193023031968, 285.797827540843, -58.9521427052927, 1, 49, 4.56973, 719.9818
1411, 729.444704361264, 309.304681942384, -65.0931460363929, 2, 49, -8.701187, 794.9818
1412, 732.07888275223, 303.017280729034, -65.0931460363929, 3, 49, -10.01817, 794.9818
1413, 735.288955659324, 296.961922415158, -65.1489737937266, 4, 49, -0.8948364, 795.6636
1414, 738.448977127427, 290.87373906762, -65.2048015510604, 5, 49, -1.595153, 796.3455
1415, 740.92424719441, 284.509549609707, -65.2048015510604, 6, 49, -13.8212, 796.3455
1416, 1054.5637943622, 394.567726256806, -92.5043599921311, 7, 49, -9.876831, 1129.755
1417, 1042.59635055382, 379.89654166152, -91.1645038112436, 8, 49, -21.2329, 1113.391
1418, 1066.3204033519, 378.180683728976, -92.9509720556786, 9, 49, -14.96881, 1135.209
1419, 1155.61275905105, 398.689501932965, -100.431831567666, 10, 49, -4.618332, 1226.573
1420, 1142.89383810993, 383.330028255203, -99.0361526270063, 11, 49, -6.227083, 1209.527
1421, 1117.72157129499, 364.219158413806, -96.5797512945662, 12, 49, -11.32604, 1179.527
1422, 1120.81384835498, 354.589091244359, -96.5797512945662, 13, 49, -2.417435, 1179.527
1423, 1127.72090049255, 346.129102108627, -96.9147178385687, 14, 49, -20.32323, 1183.618
1424, 1120.88749172992, 333.506821997215, -96.0773064761237, 15, 49, 5.089964, 1173.391
1425, 1126.32724535853, 324.603373992201, -96.3006175054587, 16, 49, 11.9365, 1176.118
1426, 1288.78802405658, 359.443867427161, -109.922470353424, 17, 49, 10.1156, 1342.482
1427, 1280.02320156302, 345.157689963953, -108.917580716539, 18, 49, 5.12566, 1330.209
1428, 1280.31507999011, 333.446864751556, -108.694269687204, 19, 49, 8.640427, 1327.482
1429, 1331.90570985515, 334.673444165074, -112.825493744534, 20, 49, -7.131865, 1377.936
1430, 1335.39636225852, 323.361625203436, -112.881326499429, 21, 49, -19.19865, 1378.618
1431, 1370.55690762565, 319.417788744158, -115.616861620977, 22, 49, -4.485966, 1412.027
1432, 1383.20082994464, 309.842094570798, -116.454272983422, 23, 49, -19.51267, 1422.255
1433, 1391.79456940955, 299.215351370311, -116.956717801864, 24, 49, 19.30769, 1428.391
1434, 1639.24117175717, 337.683972226229, -137.501162583602, 25, 49, -27.84093, 1679.3
1435, 1699.42278302081, 334.865931965828, -142.302309733815, 26, 49, 0.06584167, 1737.936
1436, 1658.83311520501, 312.066089459672, -138.67354049005, 27, 49, -20.19958, 1693.618
1437, 863.494027934358, 154.76377135785, -72.0715607299381, 28, 49, -0.6895812, 880.2091
1438, 869.482733463756, 148.127616477454, -72.462350033713, 29, 49, -10.25106, 884.9818
1439, 894.875053538764, 144.542096873863, -74.4721343050443, 30, 49, 6.650803, 909.5273
1440, 888.024628394445, 135.606526961348, -73.8022062146006, 31, 49, 13.704, 901.3455
1441, 900.592645971813, 129.606695192215, -74.7512680941518, 32, 49, 7.506256, 912.9363
1442, 910.428720898572, 123.036500742575, -75.4770239419294, 33, 49, 10.54843, 921.8
1443, 911.453597454622, 115.1988543303, -75.4770239419294, 34, 49, 9.066463, 921.8
1444, 919.834611824111, 108.226129049134, -76.0911242750394, 35, 49, -11.32971, 929.3
1445, 920.731715646131, 100.308104966168, -76.0911242750394, 36, 49, 3.310593, 929.3
1446, 961.45293863375, 96.3816917429701, -79.3849369699245, 37, 49, 7.453793, 969.5273
1447, 961.569892017534, 88.0440718706726, -79.3291092125907, 38, 49, 7.424864, 968.8455
1448, 946.716064164094, 78.4765875196031, -78.0450807890369, 39, 49, 5.909771, 953.1636
1449, 968.363789012089, 71.8879116474583, -79.7757262736995, 40, 49, -10.74645, 974.3
1450, 969.624529315745, 63.5981755377779, -79.8315540310332, 41, 49, 8.117867, 974.9818
1451, 981.669093694728, 55.910293297378, -80.7806159105845, 42, 49, -10.15679, 986.5727
1452, 981.435054797234, 47.4293964500894, -80.7247881532507, 43, 49, -7.026901, 985.8909
1453, 981.806799298716, 38.9836284006519, -80.7247881532507, 44, 49, 8.386951, 985.8909
1454, 975.99307081583, 30.3449196822041, -80.2223433348082, 45, 49, -0.6888735, 979.7545
1455, 963.310257775901, 21.6564225728389, -79.1616259405895, 46, 49, 15.47811, 966.8
1456, 967.537681727874, 13.4241124550454, -79.4965874870307, 47, 49, -4.645569, 970.8909
1457, 1015.18380413721, 5.34983913794372, -83.4045055125871, 48, 49, -7.473826, 1018.618
1458, 998.204055732284, -3.32809680515463, -82.0088165768045, 49, 49, -14.51819, 1001.573
1459, 1058.61235328426, -12.6382288592937, -86.977456994141, 50, 49, -7.911304, 1062.255
1460, 1060.50254695157, -21.78765939289, -87.144935268581, 51, 49, -7.949136, 1064.3
1461, 1060.27583935075, -30.9111417074099, -87.144935268581, 52, 49, -8.741665, 1064.3
1462, 1260.967916608, -47.6234802881115, -103.669821502779, 53, 49, -4.199711, 1266.118
1463, 1282.23300206869, -59.4783433303922, -105.456289747214, 54, 49, -11.18853, 1287.936
1464, 1283.03082344577, -70.5827948543978, -105.567945261881, 55, 49, -4.337606, 1289.3
1465, 1281.69795736028, -81.5758877331062, -105.512122502109, 56, 49, -4.602142, 1288.618
1466, 1283.65960148753, -92.7962399994668, -105.735423536321, 57, 49, -5.360283, 1291.345
1467, 1282.81369480333, -103.83707947644, -105.735423536321, 58, 49, -7.165749, 1291.345
1468, 1288.64104920729, -115.476741230598, -106.293701109659, 59, 49, -4.585167, 1298.164
1469, 1290.98113722962, -126.891953606395, -106.572834898766, 60, 49, -5.637802, 1301.573
1470, 1291.19296571487, -138.139099466278, -106.684490413434, 61, 49, -7.12944, 1302.936
1471, 2063.53643261132, -238.743310740538, -170.662580571543, 62, 49, 11.5126, 2084.3
1472, 2022.96932367508, -251.706160660344, -167.480433386448, 63, 49, 9.92382, 2045.437
1473, 1282.48262968594, -170.789156626337, -106.293701109659, 64, 49, -22.09657, 1298.164
1474, 160.105012890895, -22.7248938789084, -13.2854095245972, 65, 49, 34.10855, 162.2545
1475, 1574.33517755384, -237.292550692004, -130.801881679164, 66, 49, -13.68072, 1597.482
1476, 1572.23530337135, -250.828939180083, -130.801881679164, 67, 49, -9.909433, 1597.482
1477, 2158.36406657322, -363.407405821518, -179.818252813298, 68, 49, -9.962715, 2196.118
1478, 2171.2160788694, -384.81005868087, -181.158118989308, 69, 49, -4.147311, 2212.482
1479, 2171.83316071849, -404.222412657643, -181.493075538188, 70, 49, -27.13664, 2216.573
1480, 417.500269571557, -81.4279035591507, -34.9464019566683, 71, 49, 28.15593, 426.8
1481, 425.439875546955, -86.7825589321659, -35.6721578044459, 72, 49, 27.53453, 435.6636
1482, 399.421737376379, -85.0612352885968, -33.5507205172277, 73, 49, 15.22588, 409.7545
1483, 398.675108838342, -88.494607916658, -33.5507205172277, 74, 49, 22.81625, 409.7545
1484, 387.967583251942, -89.6271108431402, -32.7133091547827, 75, 49, 0.07422638, 399.5273
1485, 2374.71947590388, -570.16612810332, -200.641851374389, 76, 49, 8.249382, 2450.437
1486, 404.830056217124, -100.890615052126, -34.2764738662246, 77, 49, 14.20386, 418.6182
1487, 439.474861310205, -113.549445921476, -37.2911477744409, 78, 49, 21.959, 455.4363
1488, 448.328204792515, -119.961056028817, -38.1285591368859, 79, 49, -13.427, 465.6636
1489, 421.738379449845, -116.743737202689, -35.951294092334, 80, 49, 9.404182, 439.0727
1490, 431.824718362287, -123.545490797251, -36.9003584706659, 81, 49, -23.53337, 450.6636
1491, 563.037613568212, -166.339508635761, -48.2332982557537, 82, 49, -10.40202, 589.0727
1492, 471.235170776315, -143.637750405641, -40.4733049546585, 83, 49, -13.29302, 494.3
1493, 547.126593792588, -171.928716963047, -47.1167531042011, 84, 49, 3.669037, 575.4363
1494, 544.334106331248, -176.211118223081, -47.0050975895336, 85, 49, 5.491043, 574.0727
1495, 535.70647545541, -178.52468690884, -46.3909972564236, 86, 49, -16.48779, 566.5727
1496, 523.865878683945, -179.601142101235, -45.4977631342061, 87, 49, -14.59187, 555.6636
1497, 590.234654497617, -208.046992484809, -51.4154554359712, 88, 49, 11.43113, 627.9363
1498, 465.751321423761, -168.687823121943, -40.6966134852129, 89, 49, 4.918999, 497.0273
1499, 480.842115744959, -178.848002063215, -42.1481226819873, 90, 49, -3.455376, 514.7545
1500, 479.285556599984, -182.978423183544, -42.1481226819873, 91, 49, -8.990116, 514.7545
1501, 455.548019973037, -178.421707398716, -40.1941686667704, 92, 49, -58.34098, 490.8909
1502, 453.996064763579, -182.334520460641, -40.1941686667704, 93, 49, -23.71204, 490.8909
1503, 475.660229073678, -195.804537484685, -42.2597781966548, 94, 49, -30.69698, 516.1182
1504, 624.853474375926, -263.529280022189, -55.7141577677414, 95, 49, 2.22818, 680.4363
1505, 623.186841613193, -269.165047081853, -55.7699855250751, 96, 49, -14.21191, 681.1182
1506, 618.361985133388, -273.417617625004, -55.5466744957401, 97, 49, -27.36138, 678.3909
1507, 647.560753678379, -293.014670068504, -58.3938701295164, 98, 49, -30.95837, 713.1636
1508, 633.2991322264, -293.151686789728, -57.3331527352977, 99, 49, -50.94651, 700.2091
1509, 695.243081170441, -329.118016876733, -63.1950172797291, 100, 49, -23.6848, 771.8
1510, 692.385702216581, -335.087526348405, -63.1950172797291, 101, 49, -11.04932, 771.8
1511, 747.949985967844, -369.954366411923, -68.5544370057179, 102, 49, -31.09111, 837.2545
1512, 732.003268778634, -369.939308771753, -67.3820640968316, 103, 49, 23.40287, 822.9363
1513, 720.339833806408, -371.85965878456, -66.6004804917204, 104, 49, 31.04857, 813.3909
1514, 916.082816739975, -482.934746669889, -85.0793232399159, 105, 49, 0.9688416, 1039.073
1515, 911.893864644535, -490.798610726446, -85.0793232399159, 106, 49, -9.297501, 1039.073
1516, 943.371760483013, -518.25742060179, -88.4289586945734, 107, 49, -30.50457, 1079.982
1517, 959.62365820512, -537.985279140469, -90.382915208571, 108, 49, -12.28753, 1103.845
1518, 1015.12472712898, -580.635305339419, -96.0773064761237, 109, 49, 10.65011, 1173.391
1519, 1070.54536215734, -624.62006470769, -101.827520503449, 110, 49, -19.52044, 1243.618
1520, 1072.72308351166, -638.324918719273, -102.553266356104, 111, 49, -14.83612, 1252.482
1521, 1066.61049331988, -647.178253530075, -102.497443596331, 112, 49, 19.51945, 1251.8
1522, 1131.5062042597, -699.944159961137, -109.308370020314, 113, 49, 6.327194, 1334.982
1523, 1150.73336626222, -725.600924368964, -111.764771352754, 114, 49, -0.2795715, 1364.982
1524, 846.613059940261, -544.072362573299, -82.6787446672483, 115, 49, -3.25276, 1009.755
1525, 833.942012585067, -546.124372696448, -81.8971660596983, 116, 49, -3.0707, 1000.209
1526, 828.647175094027, -552.902019751136, -81.8413383023645, 117, 49, -3.003356, 999.5273
1527, 823.859478979089, -560.01102054558, -81.8413383023645, 118, 49, -2.969358, 999.5273
1528, 808.395829253248, -559.728821535913, -80.7806159105845, 119, 49, -3.244314, 986.5727
1529, 851.30871435133, -600.342660521223, -85.5817680583584, 120, 49, -1.420633, 1045.209
1530, 845.560115661505, -607.248528466488, -85.5259452985859, 121, 49, -1.540206, 1044.527
1531, 839.755645772332, -614.099875832558, -85.4701125436909, 122, 49, -1.205503, 1043.845
1532, 834.98610079538, -621.708047238205, -85.5259452985859, 123, 49, -1.370159, 1044.527
1533, 779.244026422512, -590.692854000329, -80.3339988494757, 124, 49, -3.577911, 981.1182
1534, 810.177456783677, -625.189825898745, -84.0744336030309, 125, 49, -1.832083, 1026.8
1535, 805.302839540537, -632.556961548731, -84.1302563628033, 126, 49, -2.017997, 1027.482
1536, 766.924005634461, -613.153382953001, -80.6689653934783, 127, 49, -3.803342, 985.2091
1537, 777.959756711815, -633.024568150792, -82.3996108781408, 128, 49, -3.5536, 1006.345
1538, 1146.69627238572, -949.579210991773, -122.316132530292, 129, 49, -18.29269, 1493.845
1539, 1173.8183857994, -989.186612229381, -126.112390043619, 130, 49, -13.4525, 1540.209
1540, 1165.78012282932, -999.691618233815, -126.168222798514, 131, 49, -57.27438, 1540.891
1541, 1202.19303452897, -1049.00030421055, -131.081025463395, 132, 49, -11.64124, 1600.891
1542, 1192.61501166239, -1058.85363350358, -131.0251927085, 133, 49, 7.266238, 1600.209
1543, 1783.51799842765, -1611.13511841298, -197.459684199049, 134, 49, 19.62148, 2411.573
1544, 849.516433710917, -780.785783288225, -94.7932730550086, 135, 49, -3.707935, 1157.709
1545, 841.774629949693, -787.137652629314, -94.6816175403411, 136, 49, -5.376251, 1156.345
1546, 801.492994396533, -762.501444706101, -90.8853600270135, 137, 49, -6.081172, 1109.982
1547, 795.39128958774, -769.841699414781, -90.9411927819086, 138, 49, -4.970186, 1110.664
1548, 794.548614173586, -782.377827045837, -91.611115874791, 139, 49, -5.265785, 1118.845
1549, 787.78782984162, -789.184959113872, -91.611115874791, 140, 49, -5.316568, 1118.845
1550, 786.679791270368, -801.75416903769, -92.2810489627961, 141, 49, -4.182991, 1127.027
1551, 654.58411416381, 284.230782193627, -64.8762214259566, 1, 48, 4.234385, 716.5727
1552, 657.005334032014, 278.588390130499, -64.8762214259566, 2, 48, 4.197228, 716.5727
1553, 724.627275067499, 299.932960239966, -71.2961083803098, 3, 48, -16.69043, 787.4818
1554, 726.551386298704, 293.433071104942, -71.234378219851, 4, 48, -9.562916, 786.8
1555, 732.20800697557, 288.415432021761, -71.5430290221452, 5, 48, 11.2928, 790.2091
1556, 734.662357402762, 282.105029240623, -71.5430290221452, 6, 48, -8.760971, 790.2091
1557, 733.882491016945, 274.58400086205, -71.234378219851, 7, 48, -8.770844, 786.8
1558, 1032.88086303912, 376.356456272356, -99.9386707441693, 8, 48, 13.96162, 1103.845
1559, 1041.84035009454, 369.498599761072, -100.494236662369, 9, 48, 11.19992, 1109.982
1560, 1025.08225890352, 353.656129219416, -98.580618265934, 10, 48, -14.53166, 1088.845
1561, 1114.3525721261, 373.757201863809, -106.852393456264, 11, 48, -27.82348, 1180.209
1562, 1117.52703673333, 364.155767658762, -106.852393456264, 12, 48, -5.486118, 1180.209
1563, 1119.97143600786, 354.322579344049, -106.790668821734, 13, 48, 3.256279, 1179.527
1564, 1111.9432323955, 341.286494252893, -105.741261619864, 14, 48, -8.9244, 1167.936
1565, 1115.48930082114, 331.900654109889, -105.802997306252, 15, 48, -6.598135, 1168.618
1566, 1125.48068909963, 324.359399588629, -106.48202354537, 16, 48, 10.65292, 1176.118
1567, 1130.19186219867, 315.211288668494, -106.667208500817, 17, 48, 12.23178, 1178.164
1568, 1125.65040982204, 303.531134972184, -105.988182261699, 18, 48, -4.809692, 1170.664
1569, 1130.84866384072, 294.519643921626, -106.235102903535, 19, 48, 7.765846, 1173.391
1570, 1163.63392109851, 292.391097387594, -109.074668180923, 20, 48, 8.999557, 1204.755
1571, 1166.10650881176, 282.36867083563, -109.074668180923, 21, 48, -8.619652, 1204.755
1572, 1332.49413679673, 310.546996131314, -124.383615352405, 22, 48, 19.38289, 1373.845
1573, 1361.62068786713, 305.00806304213, -126.8528107189, 23, 48, -3.226555, 1401.118
1574, 1327.01882620856, 285.289519794188, -123.395943836923, 24, 48, 8.219698, 1362.936
1575, 1381.29850509347, 284.547737127734, -128.210863197135, 25, 48, 13.30792, 1416.118
1576, 1397.01969565194, 275.278351586849, -129.445455354453, 26, 48, 13.99814, 1429.755
1577, 844.132391983455, 158.80144430319, -78.0863707714864, 27, 48, 1.960465, 862.4818
1578, 862.176645915084, 154.52765738019, -79.6296137310983, 28, 48, 6.888988, 879.5273
1579, 863.474250158937, 147.10399372299, -79.6296137310983, 29, 48, 8.303154, 879.5273
1580, 870.070559358224, 140.535622912417, -80.1234494888394, 30, 48, 3.72921, 884.9818
1581, 879.302334907619, 134.274582002767, -80.8642058884159, 31, 48, 5.402996, 893.1636
1582, 884.457588979758, 127.284656007428, -81.2345813252394, 32, 48, 5.24687, 897.2545
1583, 897.632236351382, 121.307167468753, -82.345718687569, 33, 48, 4.969826, 909.5273
1584, 898.642707807164, 113.579682696702, -82.345718687569, 34, 48, 4.740419, 909.5273
1585, 915.771398137701, 107.748058444781, -83.8272259607923, 35, 48, 6.662659, 925.8909
1586, 919.36465709162, 100.159172274211, -84.0741466026277, 36, 48, 4.855045, 928.6182
1587, 931.678144586182, 93.3968914409594, -85.1235538044985, 37, 48, 3.097622, 940.2091
1588, 935.151942377616, 85.6251693279853, -85.3704689204042, 38, 48, 5.863562, 942.9363
1589, 946.681207667531, 78.4736981433618, -86.3581459618161, 39, 48, 5.850468, 953.8455
1590, 954.770037036819, 70.8787594548174, -87.0371722009338, 40, 48, 4.890141, 961.3455
1591, 955.344520721609, 62.6615423712348, -87.0371722009338, 41, 48, 3.836174, 961.3455
1592, 955.848284339505, 54.439686721803, -87.0371722009338, 42, 48, 6.791973, 961.3455
1593, 955.603058574497, 46.1810245033603, -86.9754420404749, 43, 48, 5.166824, 960.6636
1594, 955.965018523745, 37.9575544524351, -86.9754420404749, 44, 48, 5.551617, 960.6636
1595, 954.898821282159, 29.6890714728304, -86.8519817195572, 45, 48, 5.003426, 959.3
1596, 955.118914812649, 21.4722709111917, -86.8519817195572, 46, 48, 5.038101, 959.3
1597, 962.736784470781, 13.3575023520164, -87.5310079586749, 47, 48, 4.004986, 966.8
1598, 985.902373228149, 5.1955311747415, -89.6298168364867, 48, 48, 4.666348, 989.9818
1599, 997.453797852505, -3.32559538188511, -90.6792185124278, 49, 48, -1.960987, 1001.573
1600, 997.388266674508, -11.9073059526463, -90.6792185124278, 50, 48, 6.943756, 1001.573
1601, 1006.07428620192, -20.6694495310001, -91.4817050724631, 51, 48, 3.712418, 1010.436
1602, 1060.15760225053, -30.9076946386151, -96.4200792276633, 52, 48, -8.861679, 1064.982
1603, 1058.49548288327, -39.9766227992122, -96.296629958605, 53, 48, -8.565285, 1063.618
1604, 1037.08529697806, -48.1067912439041, -94.3830005103103, 54, 48, 6.005081, 1042.482
1605, 1036.6330131354, -57.0278234695311, -94.3830005103103, 55, 48, 6.05687, 1042.482
1606, 1062.53225292617, -67.6267066509376, -96.7904601904164, 56, 48, -3.792133, 1069.073
1607, 1279.30857252294, -92.4817024635229, -116.605681445746, 57, 48, -4.874458, 1287.936
1608, 1278.46553308211, -103.485118458209, -116.605681445746, 58, 48, -5.939507, 1287.936
1609, 1251.82818253145, -112.17789406001, -114.259957452029, 59, 48, -5.721326, 1262.027
1610, 1286.63205102528, -126.464477147633, -117.531628326699, 60, 48, -5.942726, 1298.164
1611, 1289.54738497497, -137.963045965721, -117.902009289452, 61, 48, -3.601173, 1302.255
1612, 1274.14771111179, -147.414040341591, -116.605681445746, 62, 48, -25.14407, 1287.936
1613, 1272.15847172524, -158.287187512943, -116.543956811217, 63, 48, -26.71543, 1287.255
1614, 1280.17254299291, -170.481520679539, -117.408168005782, 64, 48, -30.21449, 1296.8
1615, 1263.86822483928, -179.390206263994, -116.050115527546, 65, 48, -11.66485, 1281.8
1616, 1573.15189507207, -237.114199777732, -144.630942205017, 66, 48, -12.40406, 1597.482
1617, 1276.68730414115, -203.678241721029, -117.531628326699, 67, 48, 5.467968, 1298.164
1618, 1265.51339434549, -213.07662909791, -116.667417132135, 68, 48, 3.523094, 1288.618
1619, 2135.4856781319, -378.477470350164, -197.162894310772, 69, 48, -19.95077, 2177.709
1620, 1479.2822943445, -275.324582402016, -136.791283663829, 70, 48, -8.370647, 1510.891
1621, 2162.64658193396, -421.795601442272, -200.311104864525, 71, 48, 3.431213, 2212.482
1622, 2154.28031575301, -439.436849256052, -199.878999267243, 72, 48, 0.7744293, 2207.709
1623, 1445.78286932714, -307.895302924321, -134.383823983723, 73, 48, -8.311646, 1484.3
1624, 1443.08030547287, -320.323047498948, -134.383823983723, 74, 48, -8.191198, 1484.3
1625, 2363.19361210087, -545.937920998985, -220.496707082608, 75, 48, 15.76865, 2435.437
1626, 2371.61398189269, -569.420504245776, -221.731288188066, 76, 48, 1.192902, 2449.073
1627, 2367.94491493884, -590.132612954018, -221.854759560843, 77, 48, -19.39114, 2450.437
1628, 2396.96600149425, -619.316792207082, -225.064683697266, 78, 48, -30.1028, 2485.891
1629, 2388.2692788868, -639.039216613713, -224.756049472761, 79, 48, -20.9221, 2482.482
1630, 2447.46916201458, -677.497497464292, -230.86728562482, 80, 48, -46.05643, 2549.982
1631, 2450.68907409477, -701.144634792496, -231.731496819384, 81, 48, -27.12881, 2559.527
1632, 2444.56590057505, -722.203776320402, -231.731496819384, 82, 48, 23.967, 2559.527
1633, 459.189710247956, -139.966159318662, -43.6412202948974, 83, 48, 15.32434, 482.0273
1634, 459.264067387084, -144.318851887183, -43.7646806158151, 84, 48, -25.00857, 483.3909
1635, 423.766752697505, -137.181213688547, -40.4930097411445, 85, 48, 19.06901, 447.2545
1636, 534.659640104105, -178.175828043213, -51.2339664831445, 86, 48, -27.09323, 565.8909
1637, 519.618196968329, -178.144875300039, -49.937644165368, 87, 48, -8.40729, 551.5727
1638, 467.474693634217, -164.776336550651, -45.0610029335915, 88, 48, 12.11433, 497.7091
1639, 466.03969821457, -168.792268672267, -45.0610029335915, 89, 48, -18.94456, 497.7091
1640, 462.660954397431, -172.085565338727, -44.8758152151798, 90, 48, -15.66987, 495.6636
1641, 445.938585333764, -170.247440294084, -43.3943024160268, 91, 48, -0.712326, 479.3
1642, 421.696203163266, -165.163173305856, -41.1720359802621, 92, 48, -21.46333, 454.7545
1643, 428.450849612101, -172.075016213321, -41.9745197773326, 93, 48, -14.50644, 463.6182
1644, 367.932001961522, -151.458438327269, -36.1719316646031, 94, 48, 7.79546, 399.5273
1645, 467.970885254927, -197.364719121947, -46.1721375329563, 95, 48, -24.21562, 509.9818
1646, 605.887801933306, -261.693296205577, -59.999582957145, 96, 48, -38.58897, 662.7091
1647, 581.257139120173, -257.011177961532, -57.7773137584154, 97, 48, -12.09956, 638.1636
1648, 576.549813892821, -260.882940382406, -57.53039311658, 98, 48, -6.189148, 635.4363
1649, 613.104622327679, -283.803727287731, -61.4193600699095, 99, 48, -39.33464, 678.3909
1650, 610.026480704007, -288.777711003752, -61.3576354353803, 100, 48, -13.68207, 677.7091
1651, 666.805998452154, -322.707952894323, -67.3454112665216, 101, 48, -41.27991, 743.8455
1652, 1076.05091102396, -532.241113020033, -109.136392815452, 102, 48, -5.416801, 1205.436
1653, 1071.43181886955, -541.479476082136, -109.136392815452, 103, 48, -6.003014, 1205.436
1654, 1067.33683720927, -550.989260160084, -109.198128501841, 104, 48, -3.438198, 1206.118
1655, 1050.54340741459, -553.818830628163, -107.963525292664, 105, 48, -14.67426, 1192.482
1656, 1048.13129483578, -564.124185181177, -108.210445934499, 106, 48, -0.5741539, 1195.209
1657, 1043.23892238628, -573.121155026389, -108.210445934499, 107, 48, -4.056828, 1195.209
1658, 1027.60811516344, -576.098800770756, -107.099314098099, 108, 48, -4.465722, 1182.936
1659, 985.480505410577, -563.679278883741, -103.21034161884, 109, 48, -9.155144, 1139.982
1660, 977.66186239311, -570.426286766234, -102.901696342475, 110, 48, -5.559803, 1136.573
1661, 881.688225415061, -524.649439798964, -93.2718686739104, 111, 48, -4.286179, 1030.209
1662, 882.366263240422, -535.385935910286, -93.8274345921104, 112, 48, -3.841764, 1036.345
1663, 877.727282668718, -542.957770120649, -93.8274345921104, 113, 48, -4.180765, 1036.345
1664, 843.730551126082, -532.018698479205, -90.6792185124278, 114, 48, -4.855907, 1001.573
1665, 838.55073651392, -538.891143948218, -90.6174883519689, 115, 48, -4.343374, 1000.891
1666, 833.315215325901, -545.713901398919, -90.5557637174398, 116, 48, -2.832283, 1000.209
1667, 828.589191138593, -552.863330853091, -90.5557637174398, 117, 48, -2.975151, 1000.209
1668, 823.240259830072, -559.590111936248, -90.4940335569809, 118, 48, -2.875376, 999.5273
1669, 804.438691571293, -556.988921191027, -88.950790597369, 119, 48, -3.761299, 982.4818
1670, 801.836404176936, -565.454801614648, -89.1977112392044, 120, 48, -3.400224, 985.2091
1671, 793.08097969345, -569.560045410658, -88.7656001159925, 121, 48, -3.733753, 980.4363
1672, 839.12447894155, -613.638313621736, -94.506460831228, 122, 48, -1.200371, 1043.845
1673, 783.16323414941, -583.122143599736, -88.7656001159925, 123, 48, -3.581911, 980.4363
1674, 778.11721542106, -589.838693835094, -88.7656001159925, 124, 48, -3.665228, 980.4363
1675, 773.551171971857, -596.926412206979, -88.8273302764513, 125, 48, -3.734188, 981.1182
1676, 768.386740668214, -603.559751818001, -88.8273302764513, 126, 48, -4.058129, 981.1182
1677, 765.817221186237, -612.268512191827, -89.1359810787456, 127, 48, -3.606798, 984.5273
1678, 761.574410849221, -619.691839305651, -89.2594358737336, 128, 48, -3.867191, 985.8909
1679, 771.903977686377, -639.213702655416, -91.1113296356397, 129, 48, -3.591424, 1006.345
1680, 758.587249161521, -639.267845994301, -90.1853827546867, 130, 48, -3.040026, 996.1182
1681, 752.028168088202, -644.886837227002, -90.061922433769, 131, 48, -4.244135, 994.7545
1682, 738.77750034504, -644.636759943875, -89.1359810787456, 132, 48, -4.620175, 984.5273
1683, 733.711641078219, -651.41997166096, -89.1977112392044, 133, 48, -4.742848, 985.2091
1684, 738.661117949015, -667.267091659868, -90.4940335569809, 134, 48, -4.293624, 999.5273
1685, 848.877930596515, -780.19893866165, -104.815314738911, 135, 48, -5.147961, 1157.709
1686, 842.133881971427, -787.473586717879, -104.815314738911, 136, 48, -4.532269, 1157.709
1687, 832.375824261518, -791.881866685202, -104.444944828017, 137, 48, -4.725636, 1153.618
1688, 827.971398930332, -801.375269208361, -104.753590104382, 138, 48, -4.540207, 1157.027
1689, 828.787177957051, -816.091929186635, -105.741261619864, 139, 48, -4.700878, 1167.936
1690, 812.620486776306, -814.061656373373, -104.568394097075, 140, 48, -3.626846, 1154.982
1691, 805.586434106327, -821.023101434895, -104.568394097075, 141, 48, -3.820671, 1154.982
1692, 653.420006134737, 283.725308063562, -71.0069128045745, 1, 47, 4.302048, 715.8909
1693, 656.46154769372, 278.35780971857, -71.0745407074637, 2, 47, 4.399544, 716.5727
1694, 656.324691723574, 271.66160375194, -70.8040351497879, 3, 47, 3.785618, 713.8455
1695, 659.266797708026, 266.258773676683, -70.871663052677, 4, 47, 3.554993, 714.5273
1696, 731.60197732808, 288.176718021184, -78.3782997345663, 5, 47, -10.87292, 790.2091
1697, 730.887440677403, 280.655488533307, -78.0401602201204, 6, 47, -12.0213, 786.8
1698, 733.275075442282, 274.356734779647, -78.0401602201204, 7, 47, 8.234276, 786.8
1699, 735.608428991052, 268.037671570901, -78.0401602201204, 8, 47, 1.493988, 786.8
1700, 764.104020136903, 270.996765950534, -80.8128800230529, 9, 47, 6.31374, 814.7545
1701, 1035.7783875234, 357.346322286834, -109.216381296793, 10, 47, 13.47125, 1101.118
1702, 1038.81456543632, 348.421527391524, -109.216381296793, 11, 47, 17.13416, 1101.118
1703, 1106.92599057047, 360.701325863148, -116.04673289591, 12, 47, 10.52163, 1169.982
1704, 1102.22617601038, 348.708555547289, -115.235210169002, 13, 47, 10.83642, 1161.8
1705, 1101.29398647808, 338.017942676064, -114.829442751667, 14, 47, -2.12162, 1157.709
1706, 1105.46201761365, 328.917154534356, -114.964698557445, 15, 47, 13.50124, 1159.073
1707, 1106.29529386994, 318.830239170471, -114.761820902658, 16, 47, 13.09756, 1157.027
1708, 1129.25643159791, 314.950396429762, -116.85826773058, 17, 47, 11.5605, 1178.164
1709, 1117.51309005241, 301.336910296606, -115.37046597478, 18, 47, -8.369881, 1163.164
1710, 1120.72085324987, 291.881944232623, -115.438087823788, 19, 47, 7.990173, 1163.845
1711, 1138.32474245746, 286.031555625655, -116.993523536358, 20, 47, 14.49542, 1179.527
1712, 1138.10593178245, 275.588427642878, -116.723011924802, 21, 47, 13.10397, 1176.8
1713, 1173.47237204038, 273.485871432256, -120.104382853737, 22, 47, 14.31061, 1210.891
1714, 1176.44393534443, 263.527786552021, -120.172004702745, 23, 47, 13.50932, 1211.573
1715, 1357.09557764959, 291.755578757419, -138.36375923291, 24, 47, 20.64969, 1394.982
1716, 839.914137570803, 173.022461362318, -85.4791689991205, 25, 47, -1.33754, 861.8
1717, 841.371690308261, 165.789654004709, -85.4791689991205, 26, 47, 3.324665, 861.8
1718, 843.433725414563, 158.670008451089, -85.5467969020096, 27, 47, 4.292303, 862.4818
1719, 861.463044583467, 154.399758831092, -87.2374823664772, 28, 47, 6.55357, 879.5273
1720, 862.090749700849, 146.868296546537, -87.169854463588, 29, 47, 8.348235, 878.8455
1721, 861.982896543062, 139.22928663956, -87.0345986578097, 30, 47, 6.459351, 877.4818
1722, 879.245245799494, 134.265864163833, -88.657656219388, 31, 47, 6.211182, 893.8455
1723, 879.696348008699, 126.599453091289, -88.5900283164988, 32, 47, 5.57692, 893.1636
1724, 897.561639049655, 121.297626859184, -90.2807137809663, 33, 47, 5.668404, 910.2091
1725, 898.572031033516, 113.570749841124, -90.2807137809663, 34, 47, 5.815491, 910.2091
1726, 915.687251431657, 107.738157890757, -91.9037652886638, 35, 47, 6.088951, 926.5727
1727, 917.929251941281, 100.002793637479, -92.0390210944422, 36, 47, 4.067883, 927.9363
1728, 900.528749761958, 90.2742930804045, -90.2130858780772, 37, 47, 5.219596, 909.5273
1729, 934.377941278762, 85.5542995878435, -93.5268228502422, 38, 47, 6.032303, 942.9363
1730, 945.221521571981, 78.3526996856777, -94.5412353396989, 39, 47, 5.963585, 953.1636
1731, 943.154263650947, 70.0164454150365, -94.2707237281422, 40, 47, 5.383549, 950.4363
1732, 944.398764968045, 61.9436045770042, -94.3383516310314, 41, 47, 5.536522, 951.1182
1733, 945.57412058784, 53.8545287368664, -94.4059795339205, 42, 47, 4.686119, 951.8
1734, 954.812130615213, 46.1428016626731, -95.2851362175989, 43, 47, 5.536083, 960.6636
1735, 953.817936269316, 37.8723023877599, -95.1498804118205, 44, 47, 4.851643, 959.3
1736, 954.108476201885, 29.6644985955229, -95.1498804118205, 45, 47, 4.817978, 959.3
1737, 954.328387566646, 21.4544988673911, -95.1498804118205, 46, 47, 5.121494, 959.3
1738, 963.296744611766, 13.365271525295, -96.0290370954989, 47, 47, 5.499464, 968.1636
1739, 962.697629448957, 5.0732462782036, -95.9614091926097, 48, 47, 5.603569, 967.4818
1740, 975.596222364666, -3.25272037528524, -97.2463272397422, 49, 47, -0.004909515, 980.4363
1741, 993.170748912552, -11.8569551754914, -99.0046406070989, 50, 47, 4.332169, 998.1636
1742, 969.29101263013, -19.9137498504652, -96.6376821676206, 51, 47, 3.628582, 974.3
1743, 969.761977059343, -28.2723125273658, -96.7053100705097, 52, 47, 4.141792, 974.9818
1744, 1018.97494015703, -38.4840346352235, -101.642116712015, 53, 47, 5.112301, 1024.755
1745, 1036.22692827551, -48.0669744958466, -103.40041797161, 54, 47, 6.023026, 1042.482
1746, 1035.7750187765, -56.9806230136154, -103.40041797161, 55, 47, 5.917931, 1042.482
1747, 981.756630082645, -62.4856021474816, -98.0578560205314, 56, 47, 4.173454, 988.6182
1748, 1077.94949789286, -77.9253785020998, -107.728579540993, 57, 47, -0.3185365, 1086.118
1749, 1090.76402402492, -88.2916600528504, -109.081125491015, 58, 47, 9.386917, 1099.755
1750, 1250.79207669138, -112.085047315716, -125.176433193258, 59, 47, -8.478188, 1262.027
1751, 1250.45657793755, -122.908750173505, -125.244055042267, 60, 47, -5.917654, 1262.709
1752, 1257.44816097144, -134.528890099669, -126.055589876937, 61, 47, -12.39429, 1270.891
1753, 1265.00566283889, -146.356340154122, -126.934746560615, 62, 47, 6.258467, 1279.755
1754, 1259.66000943345, -156.732077447355, -126.52897914328, 63, 47, 5.921112, 1275.664
1755, 1271.04280572326, -169.265706841276, -127.813903244293, 64, 47, 4.257645, 1288.618
1756, 1262.1504850183, -179.146394690337, -127.070002366393, 65, 47, 3.791122, 1281.118
1757, 1269.28374815158, -191.313503277478, -127.94914694231, 66, 47, 3.037582, 1289.982
1758, 1266.92082769261, -202.120132116276, -127.881525093302, 67, 47, 3.164368, 1289.3
1759, 1264.46596160922, -212.900271077798, -127.813903244293, 68, 47, 2.537933, 1288.618
1760, 1253.23471468512, -222.113924446435, -126.867112603845, 69, 47, 3.149841, 1279.073
1761, 1251.27731831097, -232.888209674503, -126.867112603845, 70, 47, 3.238449, 1279.073
1762, 1239.90461450416, -241.826989659192, -125.920334071158, 71, 47, 1.763931, 1269.527
1763, 1237.11327370835, -252.350242072009, -125.852700114388, 72, 47, 1.364075, 1268.845
1764, 1444.5862322045, -307.640465937949, -147.222947918702, 73, 47, -8.033256, 1484.3
1765, 2365.84348219082, -525.150396167703, -241.563115713986, 74, 47, -2.641174, 2435.437
1766, 2361.23765781186, -545.486062288532, -241.563115713986, 75, 47, -40.77954, 2435.437
1767, 2370.31083000658, -569.107619682875, -242.983283513016, 76, 47, 20.96103, 2449.755
1768, 2364.66825934687, -589.316014006111, -242.915649556246, 77, 47, 0.952301, 2449.073
1769, 1333.45735505825, -344.532434404493, -137.281724894445, 78, 47, 6.735144, 1384.073
1770, 2451.17713032325, -655.871733975214, -252.924506537273, 79, 47, -5.361496, 2549.982
1771, 2454.5975437261, -679.470744296358, -253.871285069959, 80, 47, -63.08282, 2559.527
1772, 2459.74946276647, -703.73682119976, -255.020941257433, 81, 47, -19.22474, 2571.118
1773, 2457.50773127151, -726.027211392978, -255.426720782529, 82, 47, -20.33855, 2575.209
1774, 2466.74557257197, -751.891638910585, -257.049766236346, 83, 47, -6.25383, 2591.573
1775, 2504.19840970484, -786.917734371125, -261.648439417286, 84, 47, -62.53905, 2637.937
1776, 2508.30831917345, -811.986257390309, -262.798095604759, 85, 47, -16.77424, 2649.527
1777, 350.131584764984, -116.681680007558, -36.7874754481147, 86, 47, 2.482048, 370.8909
1778, 376.711540272481, -129.151039662333, -39.6954510568255, 87, 47, -9.180946, 400.2091
1779, 419.097562581657, -147.724276757423, -44.2941121300039, 88, 47, -13.47769, 446.5727
1780, 413.98363381259, -149.938378666283, -43.8883477396093, 89, 47, 16.54468, 442.4818
1781, 436.206352569374, -162.245843468699, -46.3905589579256, 90, 47, 4.142746, 467.7091
1782, 422.117585062582, -161.153218679737, -45.0380130079039, 91, 47, -33.86857, 454.0727
1783, 369.545276796907, -144.737538868324, -39.5601952510472, 92, 47, -11.10825, 398.8454
1784, 364.508872284321, -146.394551825513, -39.154433887593, 93, 47, -26.18721, 394.7545
1785, 346.923959877496, -142.810521784546, -37.3961205202364, 94, 47, -33.21531, 377.0273
1786, 451.33008140023, -190.346531276871, -48.8251453002931, 95, 47, -9.936241, 492.2545
1787, 449.675684218312, -194.22261291793, -48.8251453002931, 96, 47, 29.51728, 492.2545
1788, 581.396557564824, -257.072823825776, -63.3650263707878, 97, 47, 16.78671, 638.8455
1789, 544.548448430595, -246.402647237104, -59.5778940783986, 98, 47, -4.913082, 600.6636
1790, 956.769148003024, -442.884689608556, -105.091109489958, 99, 47, -3.490921, 1059.527
1791, 556.171629561426, -263.283603565245, -61.3362013918745, 100, 47, -34.21303, 618.3909
1792, 1079.695971025, -522.530507173785, -119.563359630623, 101, 47, -4.908703, 1205.436
1793, 1075.16029148952, -531.800590803627, -119.563359630623, 102, 47, -5.856665, 1205.436
1794, 1070.54502243833, -541.031307511338, -119.563359630623, 103, 47, -6.879961, 1205.436
1795, 1066.45343008856, -550.533220586733, -119.630993587393, 104, 47, -3.038888, 1206.118
1796, 1049.07378286578, -553.044083251388, -118.210813680602, 105, 47, -6.366274, 1191.8
1797, 1047.26378364623, -563.657274169785, -118.548947141167, 106, 47, -2.750372, 1195.209
1798, 1031.0775049762, -566.44007225306, -117.264035147915, 107, 47, -4.710026, 1182.255
1799, 990.065997627152, -555.051897216854, -113.13876334108, 108, 47, -10.05378, 1140.664
1800, 982.309239811362, -561.865365065761, -112.800629880515, 109, 47, -6.053051, 1137.255
1801, 978.024694005178, -570.637984385988, -112.868251729523, 110, 47, -6.673542, 1137.936
1802, 845.392983401049, -503.051920583988, -98.0578560205314, 111, 47, -5.826294, 988.6182
1803, 840.453526247964, -509.95489796595, -97.9902281176422, 112, 47, -5.559692, 987.9363
1804, 859.691294439014, -531.80079671389, -100.762953974456, 113, 47, -4.359011, 1015.891
1805, 843.032217150484, -531.578360349567, -99.3427740676639, 114, 47, -4.462853, 1001.573
1806, 837.856689737033, -538.445117673046, -99.2751461647747, 115, 47, -4.047894, 1000.891
1807, 832.625501854618, -545.262228103701, -99.2075243157664, 116, 47, -2.88489, 1000.209
1808, 817.180482665983, -545.251046461314, -97.9226002147531, 117, 47, -4.41921, 987.2545
1809, 809.092455712884, -549.973270200126, -97.5168388512989, 118, 47, -4.033512, 983.1636
1810, 803.772878452567, -556.527915853268, -97.4492109484097, 119, 47, -3.482343, 982.4818
1811, 793.410360953677, -559.512758356965, -96.7729379733989, 120, 47, -4.474659, 975.6636
1812, 791.873492142822, -568.692874615017, -97.1786993368531, 121, 47, -3.9652, 979.7545
1813, 784.213098245246, -573.482498966413, -96.8405658762881, 122, 47, -4.234548, 976.3455
1814, 779.249977659583, -580.208438750859, -96.8405658762881, 123, 47, -4.422387, 976.3455
1815, 770.985108756971, -584.432320096451, -96.4347984589531, 124, 47, -4.67872, 972.2545
1816, 769.688185562065, -593.945460588584, -96.9081937791772, 125, 47, -4.26681, 977.0273
1817, 767.750766817687, -603.060201007099, -97.3139551426314, 126, 47, -4.062537, 981.1182
1818, 765.713293537433, -612.185422356357, -97.7197225599664, 127, 47, -3.945501, 985.2091
1819, 758.312848872372, -617.037911716108, -97.4492109484097, 128, 47, -3.998504, 982.4818
1820, 726.84858373678, -601.903329832306, -94.0678400194747, 129, 47, -4.319243, 948.3909
1821, 732.019187002055, -616.878716876065, -95.4203920233772, 130, 47, -4.022099, 962.0273
1822, 727.199656294219, -623.595639472296, -95.4880199262664, 131, 47, -4.086014, 962.7091
1823, 674.776631908429, -588.791376938434, -89.2663012915097, 132, 47, -56.59155, 899.9818
1824, 669.178496119799, -594.124738620593, -89.1986733886205, 133, 47, -35.59531, 899.3
1825, 854.851016227487, -772.226854155292, -114.829442751667, 134, 47, -4.88308, 1157.709
1826, 848.175336267935, -779.553188160064, -114.829442751667, 135, 47, -4.686283, 1157.709
1827, 838.463612230161, -784.041542788462, -114.423687442093, 136, 47, -4.745052, 1153.618
1828, 834.144606382049, -793.564599948879, -114.761820902658, 137, 47, -4.694626, 1157.027
1829, 827.286108397798, -800.711991605167, -114.761820902658, 138, 47, -4.805641, 1157.027
1830, 793.294292217578, -781.142718622197, -110.974682556388, 139, 47, -4.763584, 1118.845
1831, 811.947901797102, -813.387878575332, -114.55893114011, 140, 47, -3.418636, 1154.982
1832, 785.437891508748, -800.488471961884, -111.786217391058, 141, 47, -4.028158, 1127.027
1833, 632.933150702009, 274.829591197945, -74.8413357291935, 1, 46, 2.141356, 694.0727
1834, 645.259238592168, 273.607721558413, -76.0176577772377, 2, 46, 2.769114, 704.9818
1835, 655.731465517667, 271.416059458823, -76.9734182072658, 3, 46, 2.97448, 713.8455
1836, 658.670912247648, 266.01811279025, -77.0469387466045, 4, 46, 2.69089, 714.5273
1837, 662.19659653308, 260.838061934496, -77.193973243907, 5, 46, 3.446998, 715.8909
1838, 664.416269746295, 255.131039879817, -77.193973243907, 6, 46, 3.97176, 715.8909
1839, 731.342565080058, 273.633681111707, -84.6930090240795, 7, 46, 5.501831, 785.4363
1840, 733.669769190421, 267.33127148296, -84.6930090240795, 8, 46, -4.303017, 785.4363
1841, 736.581521990506, 261.23564993492, -84.7665295634182, 9, 46, -5.830313, 786.1182
1842, 1004.08474264433, 346.411929781811, -115.20379592014, 10, 46, 16.85915, 1068.391
1843, 993.532146773487, 333.233668076266, -113.659871175403, 11, 46, 1.652786, 1054.073
1844, 1004.74079341735, 327.403403137778, -114.615631605431, 12, 46, 19.21546, 1062.936
1845, 1007.52049901354, 318.746755921707, -114.615631605431, 13, 46, 18.2398, 1062.936
1846, 1089.93049005709, 334.53016763235, -123.658585548966, 14, 46, 16.15744, 1146.8
1847, 1091.46896040455, 324.753685788149, -123.511544470288, 15, 46, 16.73714, 1145.436
1848, 1105.94663716728, 318.729757589726, -124.834901015635, 16, 46, 13.93531, 1157.709
1849, 1107.34211193362, 308.838477584198, -124.687859936958, 17, 46, 14.48956, 1156.345
1850, 1116.50301370023, 301.064543655141, -125.423065330345, 18, 46, 10.88824, 1163.164
1851, 1113.80423952651, 290.080572682136, -124.834901015635, 19, 46, 9.63517, 1157.709
1852, 1116.25879242376, 280.486953299898, -124.834901015635, 20, 46, 9.124046, 1157.709
1853, 1120.60719888305, 271.351169799985, -125.055469215026, 21, 46, 11.13354, 1159.755
1854, 1157.8883810927, 269.85391430547, -128.952024893102, 22, 46, 19.34164, 1195.891
1855, 1175.38059370724, 263.289594097983, -130.642977553767, 23, 46, 13.96951, 1211.573
1856, 1177.60236485939, 253.167179352764, -130.642977553767, 24, 46, 15.00312, 1211.573
1857, 861.063752669179, 177.379285825079, -95.3534016703161, 25, 46, 3.870241, 884.3
1858, 839.946147397004, 165.508755242903, -92.8537230769253, 26, 46, 4.911343, 861.1182
1859, 830.680566613666, 156.270834984648, -91.677407610256, 27, 46, 4.459202, 850.2091
1860, 843.336894242189, 151.151014431868, -92.927243616264, 28, 46, 3.821625, 861.8
1861, 845.274364647479, 144.003408102117, -93.0007641556027, 29, 46, 4.765163, 862.4818
1862, 855.181265908887, 138.130672983791, -93.9565245856307, 30, 46, 6.135277, 871.3455
1863, 862.368718245207, 131.688720224771, -94.6182028583041, 31, 46, 6.603287, 877.4818
1864, 864.140751174881, 124.360805566916, -94.6917233976428, 32, 46, 5.523275, 878.1636
1865, 870.552610786322, 117.647592265924, -95.2798811309774, 33, 46, 4.298744, 883.6182
1866, 875.567587583672, 110.663212323769, -95.7210043670096, 34, 46, 4.268875, 887.7091
1867, 876.487297887012, 103.125960027676, -95.7210043670096, 35, 46, 4.28886, 887.7091
1868, 898.23164032605, 97.8568589858231, -98.0001213423843, 36, 46, 4.639675, 908.8455
1869, 899.714797064051, 90.1926976794538, -98.073641881723, 37, 46, 6.606171, 909.5273
1870, 900.457490613721, 82.4484467309364, -98.073641881723, 38, 46, 6.491911, 909.5273
1871, 945.042704209486, 78.3378768925204, -102.852437450489, 39, 46, 4.878481, 953.8455
1872, 912.558546231054, 67.745127284775, -99.2499573483922, 40, 46, 5.551291, 920.4363
1873, 913.784026231356, 59.9355679923758, -99.3234778877309, 41, 46, 4.926046, 921.1182
1874, 944.042701565921, 53.7673078115805, -102.558355293134, 42, 46, 5.132442, 951.1182
1875, 922.804680854287, 44.5959911868837, -100.20571777842, 43, 46, 4.398735, 929.3
1876, 927.218044537124, 36.8161268799859, -100.646834433078, 44, 46, 3.81786, 933.3909
1877, 953.246094885901, 29.6376860160575, -103.440595183823, 45, 46, 5.051498, 959.3
1878, 953.465807481386, 21.4351069854107, -103.440595183823, 46, 46, 5.319527, 959.3
1879, 940.059398937841, 13.0428647111992, -101.970197559799, 47, 46, 2.186729, 945.6636
1880, 940.136822074127, 4.95435481265263, -101.970197559799, 48, 46, 2.08676, 945.6636
1881, 950.990042207228, -3.17068128808783, -103.146513026468, 49, 46, 2.938103, 956.5727
1882, 967.872442475346, -11.5549316958729, -104.984513347186, 50, 46, 2.306793, 973.6182
1883, 968.414908413583, -19.8957505912294, -105.058033886525, 51, 46, 3.177002, 974.3
1884, 968.885447156478, -28.2467582904091, -105.131554425863, 52, 46, 3.582272, 974.9818
1885, 968.606558155659, -36.5817517810817, -105.131554425863, 53, 46, 3.94437, 974.9818
1886, 1035.29032330411, -48.0235286385306, -112.41002858802, 54, 46, 5.574371, 1042.482
1887, 981.370077888022, -53.9876685875601, -106.601952049887, 55, 46, 3.576656, 988.6182
1888, 980.869258682281, -62.4291238568531, -106.601952049887, 56, 46, 3.620747, 988.6182
1889, 983.676250109084, -71.1103296240836, -106.969554746581, 57, 46, 3.487938, 992.0273
1890, 1064.77968164064, -86.1883630298845, -115.865474192814, 58, 46, 7.036327, 1074.527
1891, 1084.92797955368, -97.2217574675471, -118.144591168188, 59, 46, 1.986427, 1095.664
1892, 1248.65180210575, -122.731356775171, -136.083457976581, 60, 46, 2.385963, 1262.027
1893, 1191.60789393388, -127.484927315879, -129.981299281094, 61, 46, -0.0214653, 1205.436
1894, 1190.46694188193, -137.732493858804, -129.981299281094, 62, 46, 0.1347961, 1205.436
1895, 1189.23786465634, -147.969864654573, -129.981299281094, 63, 46, -0.1599159, 1205.436
1896, 1187.92075324046, -158.196281874433, -129.981299281094, 64, 46, -0.09719467, 1205.436
1897, 1186.51570513439, -168.410988500478, -129.981299281094, 65, 46, -2.759577, 1205.436
1898, 1260.09328438126, -189.92826548238, -138.215533873279, 66, 46, 1.805696, 1281.8
1899, 1265.77570753291, -201.937443638111, -139.024253224629, 67, 46, 2.950313, 1289.3
1900, 1263.32306030692, -212.707838853869, -138.950739266666, 68, 46, 2.135183, 1288.618
1901, 1262.11360496204, -223.687552387817, -139.024253224629, 69, 46, 2.593081, 1289.3
1902, 1250.14633770725, -232.677711135033, -137.921451715924, 70, 46, 3.348391, 1279.073
1903, 1248.09816756316, -243.425033772982, -137.921451715924, 71, 46, -0.3192673, 1279.073
1904, 1095.85607265697, -223.536155571363, -121.305941452878, 72, 46, -11.69712, 1124.982
1905, 1202.62033809803, -256.11117765835, -133.363217765174, 73, 46, -0.2979145, 1236.8
1906, 1200.37231156161, -266.448731587931, -133.363217765174, 74, 46, 2.339265, 1236.8
1907, 1199.35633370089, -277.071713466395, -133.510258843852, 75, 46, 2.006418, 1238.164
1908, 1073.01515335383, -257.629122762417, -119.688502750176, 76, 46, -2.355211, 1109.982
1909, 1181.25675011935, -294.389505482018, -132.039861219828, 77, 46, 1.245031, 1224.527
1910, 1331.59585811534, -344.051469587025, -149.17000867687, 78, 46, 5.751108, 1383.391
1911, 1328.5864423727, -355.495440502919, -149.17000867687, 79, 46, 5.521391, 1383.391
1912, 1177.8383788702, -326.043966758345, -132.554498413824, 80, 46, 1.063196, 1229.3
1913, 1152.18023423837, -329.639936003956, -129.981299281094, 81, 46, -0.4880152, 1205.436
1914, 1148.65143801218, -339.348759635857, -129.90778532313, 82, 46, -0.8117361, 1204.755
1915, 2465.8128859162, -751.607345586624, -279.594392443725, 83, 46, -7.720444, 2592.937
1916, 2459.25498455119, -772.794740697889, -279.594392443725, 84, 46, -23.04587, 2592.937
1917, 2480.8903733664, -803.110556173271, -282.829269849128, 85, 46, -2.164398, 2622.937
1918, 2499.61173392823, -832.997961829461, -285.770065097176, 86, 46, -21.4205, 2650.209
1919, 2491.71104880749, -854.253289556359, -285.696537976463, 87, 46, -4.813173, 2649.527
1920, 341.364508174614, -120.324787312317, -39.2576875604498, 88, 46, -25.53174, 364.0727
1921, 1223.01722790762, -442.957656428551, -141.082815163363, 89, 46, -1.96958, 1308.391
1922, 408.493358066883, -151.938065643788, -47.2713605346182, 90, 46, -1.36499, 438.3909
1923, 404.00469207941, -154.238199957153, -46.9037611286122, 91, 46, 8.381821, 434.9818
1924, 396.351126697287, -155.236422186448, -46.1685623166002, 92, 46, -13.8798, 428.1636
1925, 331.470929053814, -133.125807879291, -38.7430470757664, 93, 46, 2.589697, 359.3
1926, 1249.84679110548, -514.496814954903, -146.596809544141, 94, 46, -1.214496, 1359.527
1927, 1245.37393360473, -525.231129440449, -146.596809544141, 95, 46, -2.415566, 1359.527
1928, 351.571335972503, -151.849668318904, -41.5368045358245, 96, 46, -16.18448, 385.2091
1929, 434.564232694375, -192.148806144193, -51.5355156187003, 97, 46, 29.81992, 477.9363
1930, 929.415460673759, -420.55106492934, -110.645561969391, 98, 46, -3.879017, 1026.118
1931, 922.071849489118, -426.823446084284, -110.204432151984, 99, 46, -3.690258, 1022.027
1932, 911.626150273773, -431.550631479813, -109.395712800633, 100, 46, -4.833456, 1014.527
1933, 962.182366318536, -465.658531066664, -115.938988150777, 101, 46, -4.151829, 1075.209
1934, 1074.18849617463, -531.319917059732, -129.981299281094, 102, 46, -5.543091, 1205.436
1935, 1069.57739868454, -540.542290483821, -129.981299281094, 103, 46, -6.827688, 1205.436
1936, 1064.8871249564, -549.724649875159, -129.981299281094, 104, 46, -12.25779, 1205.436
1937, 1048.72514061904, -552.860288236316, -128.584415615034, 105, 46, -22.25341, 1192.482
1938, 909.631370449579, -489.580893346481, -112.042432472701, 106, 46, -4.21349, 1039.073
1939, 863.798782436511, -474.542643374551, -106.896034207242, 107, 46, -12.14283, 991.3455
1940, 907.576476770436, -508.80653058295, -112.851151824052, 108, 46, -4.788544, 1046.573
1941, 981.421368928688, -561.357516948888, -122.629311160974, 109, 46, -5.422947, 1137.255
1942, 976.555269299946, -569.780634303582, -122.629311160974, 110, 46, -5.581001, 1137.255
1943, 807.348018324453, -480.413226951428, -101.89667702046, 111, 46, -5.715836, 944.9818
1944, 840.273387465783, -509.845596676327, -106.601952049887, 112, 46, -5.360659, 988.6182
1945, 824.902927742863, -510.280884572101, -105.205074965202, 113, 46, -5.518509, 975.6636
1946, 820.482071401112, -517.35924836401, -105.205074965202, 114, 46, -5.811066, 975.6636
1947, 837.099383861732, -537.958438201323, -107.925308595234, 115, 46, -4.048271, 1000.891
1948, 822.232748933383, -538.456316440725, -106.601952049887, 116, 46, -4.514217, 988.6182
1949, 813.622635398903, -542.877127863558, -106.087314855891, 117, 46, -4.486027, 983.8455
1950, 808.92174695373, -549.857232466909, -106.087314855891, 118, 46, -4.318896, 983.8455
1951, 797.473440025977, -552.166219368378, -105.205074965202, 119, 46, -5.005493, 975.6636
1952, 793.247186763175, -559.397687964752, -105.278595504541, 120, 46, -4.612786, 976.3455
1953, 787.854337037736, -565.806473071193, -105.205074965202, 121, 46, -4.81646, 975.6636
1954, 783.504278713143, -572.964150576804, -105.278595504541, 122, 46, -4.895278, 976.3455
1955, 778.545644097964, -579.684011047474, -105.278595504541, 123, 46, -4.077992, 976.3455
1956, 770.288245486936, -583.904074592004, -104.837472268509, 124, 46, -4.542714, 972.2545
1957, 762.016150581313, -588.025179576388, -104.396355613851, 125, 46, -4.245941, 968.1636
1958, 721.746874886827, -566.924624835775, -99.544039505747, 126, 46, -4.170627, 923.1636
1959, 716.313048098812, -572.690078115123, -99.4705189664083, 127, 46, -4.292191, 922.4818
1960, 725.0294199998, -589.955240656502, -101.382039826465, 128, 46, -4.720636, 940.2091
1961, 717.838447963226, -594.442036179559, -101.08795766911, 129, 46, -4.3641, 937.4818
1962, 720.990795997844, -607.584999152972, -102.264273135779, 130, 46, -4.275236, 948.3909
1963, 721.396745811766, -618.619468702983, -103.07299248713, 131, 46, -4.924265, 955.8909
1964, 674.16672771584, -588.259191453084, -97.0443609123562, 132, 46, -23.86686, 899.9818
1965, 668.573651863086, -593.587732518321, -96.9708403730175, 133, 46, -22.8878, 899.3
1966, 653.381865880263, -590.230359761964, -95.5004427489935, 134, 46, -8.354212, 885.6636
1967, 847.40870377182, -778.848580538339, -124.834901015635, 135, 46, -5.584583, 1157.709
1968, 840.676327657925, -786.110637728816, -124.834901015635, 136, 46, -4.858086, 1157.709
1969, 833.390655713634, -792.847327960324, -124.761387057671, 137, 46, -4.395002, 1157.027
1970, 826.538356857328, -799.988259368982, -124.761387057671, 138, 46, -4.418602, 1157.027
1971, 792.577264549604, -780.436674286088, -120.644263180204, 139, 46, -4.713764, 1118.845
1972, 785.354410927286, -786.747224569532, -120.57074922224, 140, 46, -4.867191, 1118.164
1973, 784.727964933942, -799.764941756358, -121.526509652269, 141, 46, -4.639576, 1127.027
1974, 632.312762496388, 274.560208820444, -80.8341827817456, 1, 45, 1.413748, 694.0727
1975, 640.262665303098, 271.489036615281, -81.5488514059079, 2, 45, 3.286517, 700.2091
1976, 650.083109141891, 269.078128902567, -82.5017286880466, 3, 45, 1.330709, 708.3909
1977, 659.281055825705, 266.264532117638, -83.3752054536506, 4, 45, 2.273763, 715.8909
1978, 661.547524892834, 260.582393769506, -83.3752054536506, 5, 45, 3.201856, 715.8909
1979, 665.661557625478, 255.609221414545, -83.6134283283714, 6, 45, 4.12179, 717.9363
1980, 730.625717967307, 273.365470940958, -91.4747192188073, 7, 45, 4.046227, 785.4363
1981, 733.586902800295, 267.301077002602, -91.5541268437142, 8, 45, 3.408324, 786.1182
1982, 694.374742328116, 246.26661366726, -86.3926738749972, 9, 45, 3.932808, 741.8
1983, 739.998174604462, 255.30135536633, -91.7923497184349, 10, 45, 1.945717, 788.1636
1984, 1001.54677294755, 335.921797782906, -123.872781387806, 11, 45, 22.7901, 1063.618
1985, 1003.75596691987, 327.082488978736, -123.793366654527, 12, 45, 20.11295, 1062.936
1986, 1006.53294790516, 318.434326832261, -123.793366654527, 13, 45, 8.082031, 1062.936
1987, 1026.71442674019, 315.127388784177, -125.937351201897, 14, 45, 16.39204, 1081.345
1988, 1048.21045845981, 311.882629937857, -128.240165215826, 15, 45, 7.925054, 1101.118
1989, 1050.20425996513, 302.665009277256, -128.160750482547, 16, 45, 25.79192, 1100.436
1990, 1094.51562223383, 305.261160774025, -133.242795826357, 17, 45, 14.02878, 1144.073
1991, 1117.37007357888, 301.298345967794, -135.704410873355, 18, 45, 21.98937, 1165.209
1992, 1112.05724658213, 289.625583649241, -134.751533591216, 19, 45, 9.167053, 1157.027
1993, 1119.10526331223, 281.202197786732, -135.307379857193, 20, 45, 5.83802, 1161.8
1994, 1119.50880249072, 271.085196900416, -135.069164090844, 21, 45, 29.59479, 1159.755
1995, 846.126700350252, 197.195693312348, -101.877032781148, 22, 45, -11.14479, 874.7545
1996, 847.131195445422, 189.760516543052, -101.797625156241, 23, 45, -2.40636, 874.0727
1997, 858.001229810138, 184.457638430585, -102.909324796566, 24, 45, 6.561531, 883.6182
1998, 859.556498388906, 177.068791175916, -102.909324796566, 25, 45, 8.88419, 883.6182
1999, 839.122849260977, 165.346526926111, -100.288894499754, 26, 45, 9.796707, 861.1182
2000, 829.866350411537, 156.11766148947, -99.0183867179876, 27, 45, 3.537701, 850.2091
2001, 830.5122681012, 148.852460598691, -98.9389790930807, 28, 45, 2.383924, 849.5273
2002, 836.43511607786, 142.497527914188, -99.494825359057, 29, 45, 5.367523, 854.3
2003, 837.63016897698, 135.295782969881, -99.494825359057, 30, 45, 3.970716, 854.3
2004, 853.490417402413, 130.332952035339, -101.241778890265, 31, 45, 6.266048, 869.3
2005, 859.942345749308, 123.756601818729, -101.877032781148, 32, 45, 4.806602, 874.7545
2006, 860.975286513328, 116.353300425193, -101.877032781148, 33, 45, 5.529461, 874.7545
2007, 867.319205052218, 109.620697136649, -102.512293780404, 34, 45, 4.15871, 880.2091
2008, 878.990846263301, 103.420523143882, -103.78280156217, 35, 45, 4.711319, 891.1182
2009, 878.50171434998, 95.7074038816362, -103.623986312356, 36, 45, 5.060394, 889.7545
2010, 890.07348764167, 89.2261961738606, -104.894501202495, 37, 45, 7.28759, 900.6636
2011, 890.808222515611, 81.5649323229022, -104.894501202495, 38, 45, 6.634651, 900.6636
2012, 886.078121154614, 73.4500975066827, -104.259247311611, 39, 45, 5.222153, 895.2091
2013, 911.664074898034, 67.6787248883937, -107.197300999679, 40, 45, 6.170546, 920.4363
2014, 911.536889873667, 59.7881771537442, -107.117893374772, 41, 45, 9.05999, 919.7545
2015, 909.313260818751, 51.7893162147176, -106.800269983517, 42, 45, 4.73105, 917.0273
2016, 914.459887398878, 44.1927158859291, -107.356116249493, 43, 45, 4.016235, 921.8
2017, 926.309204261919, 36.7800404609578, -108.706031656166, 44, 45, 3.843634, 933.3909
2018, 922.530284468406, 28.6826907113126, -108.229593015097, 45, 45, 2.525099, 929.3
2019, 922.742917412093, 20.7444178905643, -108.229593015097, 46, 45, 2.357084, 929.3
2020, 923.564362371492, 12.814004140703, -108.309000640004, 47, 45, 1.664555, 929.9818
2021, 937.183795597433, 4.93879288528931, -109.897138921398, 48, 45, 2.207691, 943.6182
2022, 940.57750049615, -3.13596499275405, -110.294177045932, 49, 45, 1.613472, 947.0273
2023, 967.600889228028, -11.5516897612059, -113.470453608721, 50, 45, 2.84581, 974.3
2024, 967.465687810014, -19.8762491810171, -113.470453608721, 51, 45, 3.525322, 974.3
2025, 967.935765340401, -28.2190713922414, -113.549861233628, 52, 45, 3.96537, 974.9818
2026, 967.65714970091, -36.5458950917602, -113.549861233628, 53, 45, 3.945168, 974.9818
2027, 994.364921022502, -46.1251411193255, -116.726137796416, 54, 45, 4.008465, 1002.255
2028, 980.408158890737, -53.9347509724793, -115.137999515022, 55, 45, 3.287643, 988.6182
2029, 979.907830577799, -62.3679320989477, -115.137999515022, 56, 45, 3.169865, 988.6182
2030, 1002.29910851368, -72.4565831292856, -117.837837436741, 57, 45, 2.535671, 1011.8
2031, 1085.33500500374, -87.852209272223, -127.684304733105, 58, 45, 1.88821, 1096.345
2032, 1132.42683997587, -101.478189945075, -133.322210559636, 59, 45, 0.6873798, 1144.755
2033, 1131.5118336042, -111.217540639599, -133.322210559636, 60, 45, 0.6678352, 1144.755
2034, 1190.43990410383, -127.359969182128, -140.389425201003, 61, 45, -0.8160324, 1205.436
2035, 1189.30007038988, -137.597491268678, -140.389425201003, 62, 45, -0.3864422, 1205.436
2036, 1188.0721978808, -147.824827601738, -140.389425201003, 63, 45, -0.3851891, 1205.436
2037, 1186.75637747075, -158.041221095362, -140.389425201003, 64, 45, -0.3237953, 1205.436
2038, 1138.42059289285, -161.584491927706, -134.830934107751, 65, 45, -1.433132, 1157.709
2039, 1136.98822564917, -171.373186610919, -134.830934107751, 66, 45, -4.203842, 1157.709
2040, 1107.38538996382, -176.668404552764, -131.495842295149, 67, 45, -2.452359, 1129.073
2041, 1112.50223860556, -187.313882196047, -132.289918544218, 68, 45, -1.937042, 1135.891
2042, 1250.87467997899, -221.695649589965, -148.965377607229, 69, 45, 1.932059, 1279.073
2043, 1088.47635135598, -202.587631878843, -129.82830349722, 70, 45, -5.555679, 1114.755
2044, 1096.66277775665, -213.889564659965, -131.019396545707, 71, 45, 1.419451, 1124.982
2045, 1094.78193681533, -223.317049976574, -131.019396545707, 72, 45, -11.05122, 1124.982
2046, 1061.69078003255, -226.098684155949, -127.287273716943, 73, 45, -12.58226, 1092.936
2047, 1068.96137590483, -237.279217441958, -128.398966248895, 74, 45, -4.684866, 1102.482
2048, 1066.88032176817, -246.467501366951, -128.398966248895, 75, 45, -10.9716, 1102.482
2049, 1071.96340571689, -257.37659993436, -129.272443014499, 76, 45, -1.918516, 1109.982
2050, 1069.70932780235, -266.589968683284, -129.272443014499, 77, 45, -0.6736708, 1109.982
2051, 1166.37882566344, -301.363470469683, -141.262901966607, 78, 45, -8.860765, 1212.936
2052, 1180.09689343694, -315.763469796724, -143.248071264163, 79, 45, 0.904026, 1229.982
2053, 1176.68388563885, -325.724385091203, -143.168670747628, 80, 45, 0.5398493, 1229.3
2054, 1151.05089059871, -329.316829640872, -140.389425201003, 81, 45, -0.8239759, 1205.436
2055, 1148.82442376594, -339.399865218483, -140.468839934282, 82, 45, -0.9374557, 1206.118
2056, 1145.8617941139, -349.271490307373, -140.468839934282, 83, 45, -0.9850612, 1206.118
2057, 1087.9015377425, -341.861495471559, -133.719241575798, 84, 45, -2.160263, 1148.164
2058, 1303.32477107276, -421.910574125985, -160.638206059708, 85, 45, -1.026957, 1379.3
2059, 1299.64652219111, -433.108426156485, -160.638206059708, 86, 45, -0.9058762, 1379.3
2060, 1296.51259181352, -444.493813613744, -160.717606576243, 87, 45, -0.501071, 1379.982
2061, 1225.5805854742, -431.994890358829, -152.37988415311, 88, 45, -1.867944, 1308.391
2062, 1221.81845128702, -442.523478339865, -152.37988415311, 89, 45, -1.721649, 1308.391
2063, 1210.98420882622, -450.422496671547, -151.506407387506, 90, 45, -1.602215, 1300.891
2064, 1252.61420741218, -478.21464547257, -157.223699513827, 91, 45, -1.445599, 1349.982
2065, 1220.70962695495, -478.107875196654, -153.729792451411, 92, 45, -1.589027, 1319.982
2066, 1253.62610113081, -503.483029320228, -158.414806779059, 93, 45, -1.747705, 1360.209
2067, 1248.62171669253, -513.992515637552, -158.335406262524, 94, 45, -1.612917, 1359.527
2068, 1227.93034683168, -517.874371333444, -156.270822231688, 95, 45, -4.993159, 1341.8
2069, 940.56955233345, -406.248063874767, -120.140644342297, 96, 45, -3.866056, 1031.573
2070, 928.368761472272, -410.491558572233, -119.028944701972, 97, 45, -4.160679, 1022.027
2071, 924.185619423829, -418.184614832335, -118.949529968693, 98, 45, -4.091597, 1021.345
2072, 913.793656691884, -422.991503075696, -118.076060311461, 99, 45, -4.713718, 1013.845
2073, 909.508458021301, -430.548146603135, -117.996652686555, 100, 45, -4.347912, 1013.164
2074, 908.208677504118, -439.537382384907, -118.314283186182, 101, 45, -5.333561, 1015.891
2075, 1073.13559845091, -530.799128079742, -140.389425201003, 102, 45, -5.676652, 1205.436
2076, 1068.52902066482, -540.012461920909, -140.389425201003, 103, 45, -6.565778, 1205.436
2077, 917.021115488535, -473.392061774343, -121.014121107901, 104, 45, -4.312019, 1039.073
2078, 912.914231448711, -481.26435191193, -121.014121107901, 105, 45, -4.075431, 1039.073
2079, 868.191606375944, -467.277224657911, -115.614445264463, 106, 45, -4.872613, 992.7091
2080, 863.545622280202, -474.403565510338, -115.535037639556, 107, 45, -5.154331, 992.0273
2081, 859.432014805664, -481.815728941366, -115.535037639556, 108, 45, -5.277309, 992.0273
2082, 822.9249762918, -470.700084542335, -111.167653811536, 109, 45, -5.928581, 954.5273
2083, 811.825928548362, -473.667704280551, -110.214769421026, 110, 45, -5.346104, 946.3455
2084, 805.392777896813, -479.24975922501, -109.897138921398, 111, 45, -5.019522, 943.6182
2085, 780.976664372535, -473.866624097407, -107.117893374772, 112, 45, -4.100491, 919.7545
2086, 776.294830242464, -480.212155082026, -107.038485749865, 113, 45, -3.909168, 919.0727
2087, 772.134476571837, -486.873420345407, -107.038485749865, 114, 45, -2.184937, 919.0727
2088, 773.044150485591, -496.793608827441, -107.753154374027, 115, 45, -4.021957, 925.2091
2089, 761.376593556217, -498.603390003969, -106.72086235861, 116, 45, -3.466076, 916.3455
2090, 757.058558639034, -505.135621917627, -106.72086235861, 117, 45, -3.222214, 916.3455
2091, 753.804579443434, -512.391836953987, -106.879677608423, 118, 45, -2.725906, 917.7091
2092, 756.049125208088, -523.484251850847, -107.832554890562, 119, 45, -3.567284, 925.8909
2093, 755.944542266116, -533.091873793796, -108.467815889818, 120, 45, -3.580695, 931.3455
2094, 759.030400165246, -545.106237894257, -109.57950842177, 121, 45, -3.576235, 940.8909
2095, 753.219166204518, -550.817132066416, -109.420700280328, 122, 45, -4.120493, 939.5273
2096, 695.223079158233, -517.644284769139, -101.6388170148, 123, 45, -6.193056, 872.7091
2097, 734.455671859046, -556.741793631561, -108.070777765283, 124, 45, -4.131048, 927.9363
2098, 726.421756444054, -560.558045200682, -107.594339124214, 125, 45, -4.34622, 923.8455
2099, 720.506893021147, -565.950632043476, -107.4355238744, 126, 45, -4.410076, 922.4818
2100, 715.610932613029, -572.128738944398, -107.4355238744, 127, 45, -4.288081, 922.4818
2101, 706.459935962504, -574.845282188757, -106.800269983517, 128, 45, -4.071865, 917.0273
2102, 698.880133349042, -578.742655387454, -106.403231858982, 129, 45, -4.159734, 913.6182
2103, 693.874914159545, -584.734217790426, -106.403231858982, 130, 45, -4.250188, 913.6182
2104, 689.332388332714, -591.123315021733, -106.482639483889, 131, 45, -5.117602, 914.3
2105, 673.505923196384, -587.682591754015, -104.815093577588, 132, 45, -9.406258, 899.9818
2106, 668.424726286196, -593.455510144235, -104.815093577588, 133, 45, -7.936071, 899.9818
2107, 654.751428221281, -591.467549398635, -103.465171062542, 134, 45, -0.1571808, 888.3909
2108, 846.578090989762, -778.085168995121, -134.830934107751, 135, 45, -4.80327, 1157.709
2109, 836.884655629693, -782.565071357896, -134.354502575054, 136, 45, -4.246981, 1153.618
2110, 798.720757141682, -759.864073042629, -129.272443014499, 137, 45, -4.61227, 1109.982
2111, 798.479182684606, -772.830403088584, -130.304735029917, 138, 45, -5.027481, 1118.845
2112, 791.800396429448, -779.671706125667, -130.304735029917, 139, 45, -5.122746, 1118.845
2113, 790.325539700732, -791.727169561333, -131.178211795521, 140, 45, -4.724421, 1126.345
2114, 783.958790537679, -798.981028421143, -131.2576265288, 141, 45, -4.691244, 1127.027
2115, 621.716786690204, 269.959268427407, -85.4563225927652, 1, 44, -2.47993, 683.1636
2116, 635.849381365981, 269.617682451861, -87.0767929102361, 2, 44, 1.95154, 696.1182
2117, 633.770332292555, 262.326051498774, -86.4797795392817, 3, 44, 1.543048, 691.3455
2118, 636.003859919235, 256.863546570913, -86.4797795392817, 4, 44, 1.39373, 691.3455
2119, 648.260604953447, 255.348699630615, -87.8443837114153, 5, 44, 2.666528, 702.2545
2120, 651.065075341463, 250.004277837335, -87.9296724265278, 6, 44, 5.159825, 702.9363
2121, 658.894053439728, 246.526886187173, -88.697263227707, 7, 44, 3.155457, 709.0727
2122, 667.982146845397, 243.396312814069, -89.6354314591111, 8, 44, 0.619318, 716.5727
2123, 670.051541635144, 237.640158954746, -89.6354314591111, 9, 44, -0.7490578, 716.5727
2124, 728.984632119888, 251.501653664094, -97.2260660254561, 10, 44, 6.079483, 777.2545
2125, 741.383126257603, 248.662128764512, -98.5906778324224, 11, 44, 2.057415, 788.1636
2126, 742.851928049452, 242.064670673549, -98.5053891173099, 12, 44, 2.31839, 787.4818
2127, 983.540947418461, 311.160404788531, -130.061969394264, 13, 44, -7.01944, 1039.755
2128, 1007.52238342907, 309.23681362856, -132.876474088476, 14, 44, 1.549254, 1062.255
2129, 1027.65168584427, 305.765610192555, -135.179246492014, 15, 44, -3.850561, 1080.664
2130, 1049.0945695534, 302.345200577591, -137.652596325777, 16, 44, 8.694298, 1100.436
2131, 1077.06927721747, 300.39536313462, -140.978833310663, 17, 44, 24.87255, 1127.027
2132, 1078.96073730535, 290.941285435586, -140.893536960718, 18, 44, 23.21727, 1126.345
2133, 852.959619507912, 222.145872785308, -111.128012066292, 19, 44, 6.663315, 888.3909
2134, 1113.98632792431, 279.915941767213, -144.81678731656, 20, 44, 7.546097, 1157.709
2135, 864.545321967088, 209.346669104663, -112.151469012809, 21, 44, 4.060318, 896.5727
2136, 844.573833919661, 196.833787025411, -109.336964318597, 22, 44, -0.3959961, 874.0727
2137, 820.49203968961, 183.79324726567, -106.010734968543, 23, 44, -2.776837, 847.4818
2138, 779.055101181795, 167.485382512906, -100.467014295231, 24, 44, 2.476967, 803.1636
2139, 775.829372997441, 159.820988489893, -99.8699932894435, 25, 44, 3.630779, 798.3909
2140, 789.122365034814, 155.494088253155, -101.405182526635, 26, 44, 2.440247, 810.6636
2141, 791.760601519537, 148.949060902913, -101.575759956859, 27, 44, 1.796349, 812.0273
2142, 830.300571691247, 148.814518315679, -106.351889828992, 28, 44, 3.459566, 850.2091
2143, 831.550201393704, 141.665319589617, -106.351889828992, 29, 44, 4.418551, 850.2091
2144, 826.72795774787, 133.534834929832, -105.58429139298, 30, 44, 1.48082, 844.0727
2145, 827.846257251862, 126.416939591918, -105.58429139298, 31, 44, 3.227806, 844.0727
2146, 825.555483770566, 118.807896586647, -105.157855452251, 32, 44, 2.745077, 840.6636
2147, 829.898932265289, 112.153602200886, -105.58429139298, 33, 44, 1.254612, 844.0727
2148, 866.402758754627, 109.504867253666, -110.104562754609, 34, 44, 2.706438, 880.2091
2149, 853.876220662766, 100.465580291847, -108.398796087193, 35, 44, 4.11692, 866.5727
2150, 854.708996045691, 93.1153323318664, -108.398796087193, 36, 44, 3.436102, 866.5727
2151, 877.690447455462, 87.984847467013, -111.213300781405, 37, 44, 4.163792, 889.0727
2152, 869.657625971738, 79.6283235982788, -110.104562754609, 38, 44, 6.95249, 880.2091
2153, 885.141853389784, 73.3724870150372, -111.980899217417, 39, 44, 6.27342, 895.2091
2154, 878.319698020335, 65.203355976294, -111.042730986013, 40, 44, 4.743296, 887.7091
2155, 888.298311540271, 58.2639467538195, -112.236757727921, 41, 44, 4.064159, 897.2545
2156, 892.14359023023, 50.8114293436839, -112.663201303484, 42, 44, 2.041529, 900.6636
2157, 908.088252310885, 43.8847965741555, -114.624826481404, 43, 44, 3.199673, 916.3455
2158, 908.432214769743, 36.0702165772943, -114.624826481404, 44, 44, 3.157972, 916.3455
2159, 920.879358169877, 28.6313612219667, -116.160008083763, 45, 44, 2.876671, 928.6182
2160, 921.767908066786, 20.7224984578332, -116.245296798875, 46, 44, 2.448513, 929.3
2161, 922.588485052563, 12.8004643198578, -116.330585513987, 47, 44, 1.889767, 929.9818
2162, 923.34092824876, 4.8658434221266, -116.4158742291, 48, 44, 1.822412, 930.6636
2163, 939.583646373118, -3.13265139899268, -118.462788122133, 49, 44, 1.990496, 947.0273
2164, 928.022835144106, -11.0791877128722, -117.012887600054, 50, 44, 1.206049, 935.4363
2165, 966.44342248662, -19.8552470922062, -121.8743061873, 51, 44, 3.36842, 974.3
2166, 966.913003313128, -28.189253923254, -121.959594902412, 52, 44, 3.993544, 974.9818
2167, 966.634682070752, -36.507279147303, -121.959594902412, 53, 44, 4.007313, 974.9818
2168, 953.445832829905, -44.2270464888182, -120.339124584941, 54, 44, 1.774746, 962.0273
2169, 951.679130946901, -52.3542939416186, -120.168547154716, 55, 44, 0.959692, 960.6636
2170, 951.868566167773, -60.5833245223374, -120.253835869829, 56, 44, 0.6220207, 961.3455
2171, 951.986799259733, -68.8194871896408, -120.339124584941, 57, 44, 0.3145142, 962.0273
2172, 935.177265881883, -75.6977232744808, -118.292210691908, 58, 44, -0.7286205, 945.6636
2173, 943.924067739885, -84.5862200174246, -119.486245068649, 59, 44, -0.4872265, 955.2091
2174, 943.161372521206, -92.7043669918609, -119.486245068649, 60, 44, -0.9258232, 955.2091
2175, 960.489684982384, -102.75859894935, -121.789017472187, 61, 44, -0.926548, 973.6182
2176, 1188.04340543898, -137.452099917148, -150.786951565434, 62, 44, -0.9751606, 1205.436
2177, 1186.81683035213, -147.668629612395, -150.786951565434, 63, 44, -0.6798992, 1205.436
2178, 1185.50240029379, -157.874228030875, -150.786951565434, 64, 44, -0.5787048, 1205.436
2179, 1137.21768935816, -161.413754892814, -144.81678731656, 65, 44, -1.48995, 1157.709
2180, 1041.47091201165, -156.976286057941, -132.791177738531, 66, 44, -1.628031, 1061.573
2181, 1039.41382018659, -165.824457272692, -132.705896658252, 67, 44, -1.862671, 1060.891
2182, 1019.93756689039, -171.728611972318, -130.403108985049, 68, 44, -1.493475, 1042.482
2183, 1011.09540064148, -179.19896791452, -129.464940753645, 69, 44, -4.85206, 1034.982
2184, 1009.51619568654, -187.891537719399, -129.464940753645, 70, 44, -4.728331, 1034.982
2185, 983.295994566531, -191.77887357493, -126.309281198983, 71, 44, -1.825701, 1009.755
2186, 1093.62514373751, -223.081083699743, -140.722959530494, 72, 44, 0.520546, 1124.982
2187, 1060.568952476, -225.859778686339, -136.714428094373, 73, 44, -10.62244, 1092.936
2188, 1067.83186592799, -237.028498146163, -137.908454836281, 74, 44, -11.25969, 1102.482
2189, 1065.75301072148, -246.207073340235, -137.908454836281, 75, 44, -3.347994, 1102.482
2190, 1022.81359289655, -245.575813038423, -132.620600308307, 76, 44, -2.07719, 1060.209
2191, 1020.6628650656, -254.366746331958, -132.620600308307, 77, 44, -1.765919, 1060.209
2192, 1065.59332795339, -275.322987999815, -138.761341987406, 78, 44, -2.271379, 1109.3
2193, 1050.76902815644, -281.158671064106, -137.140864035102, 79, 44, -0.7585602, 1096.345
2194, 1064.60983384355, -294.700545935044, -139.27307427808, 80, 44, -2.868832, 1113.391
2195, 1065.93703037064, -304.965667726366, -139.784791299089, 81, 44, -2.055593, 1117.482
2196, 1147.61052710182, -339.041240910304, -150.872247915379, 82, 44, -0.7854043, 1206.118
2197, 1144.65102789006, -348.902435220986, -150.872247915379, 83, 44, -0.707324, 1206.118
2198, 1086.75201478648, -341.500270100336, -143.622760574651, 84, 44, -1.964535, 1148.164
2199, 1083.77361127326, -350.837762546728, -143.622760574651, 85, 44, -1.967339, 1148.164
2200, 1088.41610682795, -362.715691522702, -144.646209886335, 86, 44, -3.461716, 1156.345
2201, 1098.69308372755, -376.673764574856, -146.437265268863, 87, 44, -4.387772, 1170.664
2202, 1224.28558499063, -431.538426215591, -163.665448294586, 88, 44, -2.285205, 1308.391
2203, 1220.52742603416, -442.055889243533, -163.665448294586, 89, 44, -2.293581, 1308.391
2204, 1216.67891665506, -452.540628765577, -163.665448294586, 90, 44, -2.446185, 1308.391
2205, 1168.50217720036, -446.102919076923, -157.695284045712, 91, 44, -1.556916, 1260.664
2206, 1163.99083805427, -455.893173971864, -157.609987695767, 92, 44, -1.647076, 1259.982
2207, 1251.67378923239, -502.698939145409, -170.06204848419, 93, 44, -2.196714, 1359.527
2208, 933.908696734264, -384.441559835883, -127.332738145499, 94, 44, -4.118729, 1017.936
2209, 929.943247919178, -392.199586999814, -127.247457065219, 95, 44, -4.337067, 1017.255
2210, 925.913371215653, -399.917808777596, -127.162160715274, 96, 44, -4.475332, 1016.573
2211, 936.04937052729, -413.887649988298, -129.038504812915, 97, 44, -4.710075, 1031.573
2212, 911.499297059351, -412.444182693891, -126.138703768758, 98, 44, -4.763437, 1008.391
2213, 904.233722303189, -418.566246906794, -125.626979112916, 99, 44, -4.951234, 1004.3
2214, 909.158853448794, -430.382648856072, -126.821013489657, 100, 44, -4.47114, 1013.845
2215, 902.986671027609, -437.010136043472, -126.479858629207, 101, 44, -4.345539, 1011.118
2216, 880.396644529814, -435.465724886334, -123.83593136522, 102, 44, -5.512886, 989.9818
2217, 884.466081562709, -446.990860288519, -124.944677026849, 103, 44, -0.08255577, 998.8455
2218, 916.052152042083, -472.891855622104, -129.976673044319, 104, 44, -7.414042, 1039.073
2219, 911.949607510309, -480.755827563683, -129.976673044319, 105, 44, -4.220001, 1039.073
2220, 833.916921525176, -448.829937796954, -119.400956353537, 106, 44, -6.268131, 954.5273
2221, 829.431548839228, -455.662415469248, -119.315667638425, 107, 44, -5.957611, 953.8455
2222, 819.579836812757, -459.47375673325, -118.462788122133, 108, 44, -6.551176, 947.0273
2223, 816.183507251872, -466.844070764101, -118.548076837245, 109, 44, -5.981483, 947.7091
2224, 789.34965832313, -460.553706631557, -115.221839852359, 110, 44, -4.626705, 921.1182
2225, 784.776625398128, -466.982097542046, -115.136551137246, 111, 44, -4.279778, 920.4363
2226, 780.151451269447, -473.365916502469, -115.051262422134, 112, 44, -4.208206, 919.7545
2227, 775.474564164104, -479.704742529624, -114.965973707021, 113, 44, -3.782635, 919.0727
2228, 759.87449275369, -479.142823621606, -113.260214674438, 114, 44, -3.328972, 905.4363
2229, 760.276578637504, -488.588581869549, -113.942516760505, 115, 44, -3.010315, 910.8909
2230, 760.006173035834, -497.705941457512, -114.539537766292, 116, 44, -3.181705, 915.6636
2231, 755.133202090519, -503.850957519544, -114.454249051179, 117, 44, -3.210724, 914.9818
2232, 751.329706542119, -510.709564510021, -114.539537766292, 118, 44, -3.261261, 915.6636
2233, 749.132492936842, -518.69521374589, -114.880684991909, 119, 44, -3.373405, 918.3909
2234, 677.197301354789, -477.559342151108, -104.475553366184, 120, 44, -3.34581, 835.2091
2235, 667.568880034555, -479.422116231044, -103.62266621506, 121, 44, -3.663365, 828.3909
2236, 663.419347911629, -485.1479608723, -103.62266621506, 122, 44, -3.554341, 828.3909
2237, 654.880075606143, -487.605976425801, -102.940364128993, 123, 44, -3.138547, 822.9363
2238, 649.043334651797, -491.996405125454, -102.684497983656, 124, 44, -2.175704, 820.8909
2239, 728.867458682687, -562.445320814152, -116.07471936865, 125, 44, -3.904317, 927.9363
2240, 616.542787578355, -484.287914094357, -98.8465439777596, 126, 44, -2.685005, 790.2091
2241, 617.108496797277, -493.376344566583, -99.6141347789389, 127, 44, -3.60164, 796.3455
2242, 601.297276558816, -489.274600054785, -97.7377983161307, 128, 44, -1.411002, 781.3455
2243, 698.141666926373, -578.13113132492, -114.283671620954, 129, 44, -4.034135, 913.6182
2244, 604.686833604096, -509.574673244867, -99.6994234940513, 130, 44, 9.594452, 797.0273
2245, 619.793581837548, -531.491690984017, -102.940364128993, 131, 44, -6.492026, 822.9363
2246, 624.882168097677, -545.254851428279, -104.560834446464, 132, 44, -3.616318, 835.8909
2247, 668.730163625842, -593.726690226433, -112.748490018596, 133, 44, -2.404403, 901.3455
2248, 644.522083434885, -582.226904427153, -109.507541748822, 134, 44, -2.296118, 875.4363
2249, 655.426644024878, -602.39894760774, -112.236757727921, 135, 44, -1.504517, 897.2545
2250, 710.993537325834, -664.845154621393, -122.727185703591, 136, 44, -4.187683, 981.1182
2251, 697.895485135788, -663.943814094809, -121.447862611737, 137, 44, -4.837634, 970.8909
2252, 690.699061545558, -668.51239922432, -121.192004101233, 138, 44, -4.140361, 968.8455
2253, 687.813823336045, -677.277985153188, -121.703728757075, 139, 44, -1.311623, 972.9363
2254, 704.422905479496, -705.672188375232, -125.712267828028, 140, 44, -4.966043, 1004.982
2255, 783.130426393467, -798.136791142553, -140.978833310663, 141, 44, -3.806524, 1127.027
2256, 622.251807587006, 270.191582968346, -91.5248448713836, 1, 43, 2.677629, 684.5273
2257, 621.443000788898, 263.50897957734, -91.0690280417513, 2, 43, 1.814023, 681.1182
2258, 628.057439056637, 259.961408269434, -91.7071634425198, 3, 43, 1.34686, 685.8909
2259, 631.523900368564, 255.054220604203, -91.8894901743728, 4, 43, 2.195164, 687.2545
2260, 641.239138665308, 252.58295654446, -92.9834424047736, 5, 43, 4.115371, 695.4363
2261, 650.958043280314, 249.963178300336, -94.0773946351745, 6, 43, 3.469528, 703.6182
2262, 658.147354354713, 246.247506825064, -94.8066934018696, 7, 43, 2.966199, 709.0727
2263, 667.225148576476, 243.120481209389, -95.809482266344, 8, 43, -0.2629128, 716.5727
2264, 668.655362179131, 237.144990617327, -95.7183189004175, 9, 43, 1.507546, 715.8909
2265, 733.907246143785, 253.1999687078, -104.743418680687, 10, 43, 0.426712, 783.3909
2266, 740.542945504518, 248.380329614775, -105.381562242173, 11, 43, 2.074692, 788.1636
2267, 742.010082760243, 241.790348167278, -105.290398876246, 12, 43, 1.883308, 787.4818
2268, 745.351381146464, 235.804963764817, -105.472725608099, 13, 43, 5.690514, 788.8455
2269, 1006.38059737422, 308.886367536986, -142.028949719527, 14, 43, 11.77985, 1062.255
2270, 1012.88666287871, 301.372452161717, -142.575913593652, 15, 43, 6.601955, 1066.345
2271, 1015.44210342521, 292.646683478422, -142.575913593652, 16, 43, 14.93118, 1066.345
2272, 1083.00809899716, 302.051704618718, -151.692184900565, 17, 43, 20.73682, 1134.527
2273, 849.399998071704, 229.040333668812, -118.691307578119, 18, 43, 8.79388, 887.7091
2274, 852.646882468035, 222.064423158518, -118.873626149256, 19, 43, 4.458384, 889.0727
2275, 825.036291140812, 207.310273598349, -114.771307325431, 20, 43, 3.275538, 858.3909
2276, 866.192456431539, 209.745517036563, -120.241068477436, 21, 43, 2.300312, 899.3
2277, 760.701048362127, 177.286652900925, -105.381562242173, 22, 43, 0.175415, 788.1636
2278, 812.968650911713, 182.107980392812, -112.401084293493, 23, 43, 0.9810257, 840.6636
2279, 773.547972511601, 166.301430889361, -106.748996409636, 24, 43, 4.425884, 798.3909
2280, 774.950155648429, 159.63986956, -106.748996409636, 25, 43, 3.651486, 798.3909
2281, 787.565129361193, 155.187239845362, -108.298765469669, 26, 43, 2.229323, 809.9818
2282, 789.53522335369, 148.530414171413, -108.389928835596, 27, 43, 2.587166, 810.6636
2283, 794.109375621959, 142.327981278436, -108.845737504511, 28, 43, 2.546242, 814.0727
2284, 805.296044656337, 137.192584812424, -110.213179832692, 29, 43, 0.6910667, 824.3
2285, 806.446607747625, 130.258948709878, -110.213179832692, 30, 43, 1.236025, 824.3
2286, 817.556791280575, 124.845678277718, -111.580622160872, 31, 43, 1.803003, 834.5273
2287, 827.96391089557, 119.154499772537, -112.856892962409, 32, 43, 2.003853, 844.0727
2288, 828.958439981071, 112.02650287178, -112.856892962409, 33, 43, 2.667427, 844.0727
2289, 839.276704554968, 106.076398294819, -114.133171924663, 34, 43, 4.150475, 853.6182
2290, 852.908555847221, 100.351726544818, -115.865259555832, 35, 43, 2.9492, 866.5727
2291, 856.427296311619, 93.3025306660925, -116.229913019538, 36, 43, 1.760399, 869.3
2292, 857.198348251602, 85.9305990381305, -116.229913019538, 37, 43, 1.97122, 869.3
2293, 857.905945465865, 78.5523063356237, -116.229913019538, 38, 43, 1.792644, 869.3
2294, 867.304073247735, 71.8938513739394, -117.415028615866, 39, 43, 3.238137, 878.1636
2295, 876.650484874218, 65.0794394807265, -118.600144212193, 40, 43, 3.485613, 887.0273
2296, 887.965890442085, 58.2421430816601, -120.058741745583, 41, 43, 3.152079, 897.9363
2297, 888.434124571066, 50.6001592585682, -120.058741745583, 42, 43, 2.77953, 897.9363
2298, 887.486763559653, 42.8891971479193, -119.87641501373, 43, 43, 1.133066, 896.5727
2299, 887.147752935933, 35.2250955703613, -119.785251647804, 44, 43, 1.05604, 895.8909
2300, 887.417984642128, 27.5910027168525, -119.785251647804, 45, 43, 0.8037434, 895.8909
2301, 896.404367791415, 20.1522942669064, -120.970367244131, 46, 43, 1.40494, 904.7545
2302, 903.300881045537, 12.5328582409748, -121.881992742679, 47, 43, 0.8361053, 911.5727
2303, 922.2945417733, 4.86032915042819, -124.434550667186, 48, 43, 1.931875, 930.6636
2304, 927.032047422556, -3.09080330578261, -125.072686067955, 49, 43, 1.521296, 935.4363
2305, 926.971142845081, -11.0666320989845, -125.072686067955, 50, 43, 1.505903, 935.4363
2306, 913.330555847123, -18.764061549043, -123.249435070859, 51, 43, -0.1177311, 921.8
2307, 913.135309753967, -26.6214261518291, -123.249435070859, 52, 43, -0.2057552, 921.8
2308, 926.376754301239, -34.9868418670834, -125.072686067955, 53, 43, 0.4339924, 935.4363
2309, 923.341605349294, -42.8306157504896, -124.708040764966, 54, 43, -0.8737011, 932.7091
2310, 923.61354752383, -50.8103346843503, -124.799195970176, 55, 43, -0.6874428, 933.3909
2311, 924.490877570523, -58.8408240848701, -124.981522702029, 56, 43, -1.01577, 934.7545
2312, 934.733436879292, -67.5722350720249, -126.440128396135, 57, 43, -0.8256378, 945.6636
2313, 934.117465743886, -75.6119379795434, -126.440128396135, 58, 43, -1.039997, 945.6636
2314, 943.527299912349, -84.5506651545889, -127.807562563599, 59, 43, -0.923336, 955.8909
2315, 942.764925283997, -92.6653997575763, -127.807562563599, 60, 43, -1.232876, 955.8909
2316, 960.073066866839, -102.714026795666, -130.26895712218, 61, 43, -0.9570847, 974.3
2317, 959.153806981735, -110.970444606317, -130.26895712218, 62, 43, -1.090363, 974.3
2318, 951.458292014703, -118.384352599276, -129.357331623632, 63, 43, -1.027649, 967.4818
2319, 991.261276986433, -132.006994538645, -134.918247980846, 64, 43, -1.861622, 1009.073
2320, 1041.60120194267, -147.842196511493, -141.937778192884, 65, 43, -1.770916, 1061.573
2321, 1038.28624903469, -156.496275948486, -141.664296255821, 66, 43, -1.541412, 1059.527
2322, 996.198529233265, -158.930040410956, -136.103363577174, 67, 43, -2.200176, 1017.936
2323, 1007.45440013087, -169.626800086746, -137.835467529776, 68, 43, -1.612427, 1030.891
2324, 1009.94956542476, -178.995888671842, -138.382431403902, 69, 43, -4.825226, 1034.982
2325, 963.864818394874, -179.39488604111, -132.274534851129, 70, 43, -0.07003784, 989.3
2326, 982.181663338909, -191.561538012898, -135.009411346773, 71, 43, -2.364502, 1009.755
2327, 980.497164218767, -200.004883950389, -135.009411346773, 72, 43, -2.673546, 1009.755
2328, 978.07920145542, -208.292682397216, -134.918247980846, 73, 43, -2.450855, 1009.073
2329, 1005.93486758411, -223.289113674382, -139.020583126104, 74, 43, -1.91375, 1039.755
2330, 1023.72713969207, -236.498382295842, -141.755451461031, 75, 43, -2.413826, 1060.209
2331, 1021.65447790686, -245.297511490639, -141.755451461031, 76, 43, -2.025042, 1060.209
2332, 1011.63853409654, -252.117727792153, -140.661507391347, 77, 43, -2.173054, 1052.027
2333, 1009.43193494942, -260.812271644464, -140.661507391347, 78, 43, -2.06526, 1052.027
2334, 1009.10877019022, -270.011461304298, -140.934989328409, 79, 43, -3.581263, 1054.073
2335, 1016.51643424221, -281.387545558917, -142.30243165659, 80, 43, -2.566248, 1064.3
2336, 1149.18127348806, -328.781930285378, -161.264264876394, 81, 43, -0.514801, 1206.118
2337, 1016.06018757901, -300.17701885875, -142.940567057358, 82, 43, -0.06730461, 1069.073
2338, 1025.72038902291, -312.651046359155, -144.672662849244, 83, 43, -1.921642, 1082.027
2339, 1022.9924557001, -321.464506326064, -144.672662849244, 84, 43, -2.089535, 1082.027
2340, 1041.40290534938, -337.121573566638, -147.681029442668, 85, 43, -2.364578, 1104.527
2341, 1042.95109570445, -347.564433794804, -148.319164843436, 86, 43, -3.488674, 1109.3
2342, 1058.4582182734, -362.879722851795, -150.962877973154, 87, 43, -4.599052, 1129.073
2343, 1059.12055088917, -373.320752369066, -151.509858168712, 88, 43, -4.401906, 1133.164
2344, 1065.39907517651, -385.870833813782, -152.877300496893, 89, 43, -3.761597, 1143.391
2345, 1134.23677416323, -421.876483534392, -163.269842605343, 90, 43, -2.405142, 1221.118
2346, 925.40636906146, -353.29543292747, -133.641977179309, 91, 43, -3.055414, 999.5273
2347, 922.33245489172, -361.244312730787, -133.641977179309, 92, 43, -3.399256, 999.5273
2348, 914.801109422061, -367.403672739313, -133.003833617824, 93, 43, -3.603855, 994.7545
2349, 914.105533309682, -376.289629070859, -133.36848708153, 94, 43, -4.508656, 997.4818
2350, 910.211605131515, -383.877851055749, -133.277323715603, 95, 43, -4.342646, 996.8
2351, 899.431417742035, -388.4798004989, -132.183371485202, 96, 43, -4.556912, 988.6182
2352, 896.055747810488, -396.203896286875, -132.183371485202, 97, 43, -5.004622, 988.6182
2353, 891.998134676433, -403.620104599095, -132.092208119276, 98, 43, -4.970447, 987.9363
2354, 884.813375904921, -409.576644655677, -131.545236084434, 99, 43, -5.114825, 983.8455
2355, 886.7532306207, -419.776151140689, -132.365698217055, 100, 43, -5.473525, 989.9818
2356, 883.716982017016, -427.68436226826, -132.456861582982, 101, 43, -5.229412, 990.6636
2357, 880.004587844897, -435.271804055815, -132.456861582982, 102, 43, -5.649845, 990.6636
2358, 875.62398788792, -442.522249065506, -132.365698217055, 103, 43, -5.912926, 989.9818
2359, 846.566879135928, -437.021605691738, -128.536869491011, 104, 43, -6.295414, 961.3455
2360, 842.775524775767, -444.289072035606, -128.536869491011, 105, 43, -5.543167, 961.3455
2361, 823.451991787518, -443.197513700545, -126.166638298356, 106, 43, -5.35878, 943.6182
2362, 828.491586222525, -455.146030920122, -127.534080626536, 107, 43, -6.115878, 953.8455
2363, 799.201072841479, -448.048991482952, -123.614088534565, 108, 43, -5.199637, 924.5273
2364, 781.826441692726, -447.192372092627, -121.51734743969, 109, 43, -4.053684, 908.8455
2365, 778.533601733081, -454.242973610825, -121.608510805616, 110, 43, -4.590755, 909.5273
2366, 774.596597298094, -460.924461876892, -121.608510805616, 111, 43, -4.411896, 909.5273
2367, 770.024573690891, -467.221316401448, -121.51734743969, 112, 43, -3.719778, 908.8455
2368, 762.528369952927, -471.696290611533, -120.970367244131, 113, 43, -4.055647, 904.7545
2369, 759.013356451877, -478.599829636272, -121.061530610057, 114, 43, -3.680468, 905.4363
2370, 756.572835612143, -486.208386815253, -121.335020707837, 115, 43, -3.9489, 907.4818
2371, 759.710163857612, -497.512093654752, -122.520136304164, 116, 43, -3.371866, 916.3455
2372, 754.839509379987, -503.654995597848, -122.428972938238, 117, 43, -3.320465, 915.6636
2373, 682.861223238383, -464.168732986607, -111.398295429019, 118, 43, -3.068958, 833.1636
2374, 678.842361253628, -470.026713552126, -111.398295429019, 119, 43, -3.390036, 833.1636
2375, 664.281467583399, -468.451099890162, -109.66620779785, 120, 43, -2.658381, 820.2091
2376, 660.226448914884, -474.149066556393, -109.66620779785, 121, 43, -2.60201, 820.2091
2377, 650.668338484231, -475.823351570146, -108.754574138585, 122, 43, -2.325308, 813.3909
2378, 641.6727137749, -477.772132334925, -107.934112005963, 123, 43, -1.135592, 807.2545
2379, 629.999741118799, -477.560728709592, -106.657841204426, 124, 43, -2.830464, 797.7091
2380, 619.448308875391, -478.009820115844, -105.563888974025, 125, 43, -2.929058, 789.5273
2381, 615.844083540955, -483.739089377469, -105.655052339952, 126, 43, -3.017497, 790.2091
2382, 615.881387760913, -492.395274667386, -106.384351106647, 127, 43, -3.478016, 795.6636
2383, 600.615849667975, -488.720124120035, -104.469936743625, 128, 43, -1.254313, 781.3455
2384, 608.358489401196, -503.781679837375, -106.5666778385, 129, 43, -2.318142, 797.0273
2385, 601.934772467754, -507.255488211611, -106.202024374794, 130, 43, -3.55748, 794.3
2386, 600.625749613512, -515.054696701103, -106.748996409636, 131, 43, -3.33589, 798.3909
2387, 625.701401698539, -545.969691950426, -112.036430829788, 132, 43, -4.306283, 837.9363
2388, 627.549564710315, -557.164827122949, -113.221546426115, 133, 43, -6.943147, 846.8
2389, 637.774797750808, -576.131766094282, -115.956422921759, 134, 43, -4.338703, 867.2545
2390, 637.769202055892, -586.170091859304, -116.868048420307, 135, 43, -4.033161, 874.0727
2391, 652.937425105341, -610.557284367149, -120.605721941142, 136, 43, -5.873615, 902.0273
2392, 680.459963597395, -647.356507087542, -126.713618493915, 137, 43, -4.721725, 947.7091
2393, 683.604502293198, -661.645731682278, -128.354542759158, 138, 43, -2.246639, 959.9818
2394, 687.034350597044, -676.510452271119, -130.086630390327, 139, 43, -1.401302, 972.9363
2395, 687.871535429612, -689.091464732011, -131.362909352581, 140, 43, -4.382332, 982.4818
2396, 689.489029198349, -702.70103516049, -132.821506885971, 141, 43, -6.323924, 993.3909
2397, 610.356112220527, 265.026283772122, -95.6693277711414, 1, 42, 0.4314971, 672.2545
2398, 620.691024889217, 263.190121046887, -96.9307238246407, 2, 42, 1.927952, 681.1182
2399, 622.932470848663, 257.840115104461, -96.9307238246407, 3, 42, 2.20957, 681.1182
2400, 630.759726095868, 254.745592738473, -97.8039953429142, 4, 42, 2.121999, 687.2545
2401, 632.300218199785, 249.061931667225, -97.7069642091077, 5, 42, 1.95617, 686.5727
2402, 640.719937341057, 246.03181970239, -98.6772668611876, 6, 42, 2.418922, 693.3909
2403, 648.501822952662, 242.638606714713, -99.5505470654457, 7, 42, 1.587426, 699.5273
2404, 659.442719968838, 240.284755079906, -100.908965566767, 8, 42, 2.39817, 709.0727
2405, 667.846257052977, 236.858033780661, -101.879268218847, 9, 42, 1.416146, 715.8909
2406, 669.221477560267, 230.883205019684, -101.782245771025, 10, 42, 1.439857, 715.2091
2407, 671.822962554015, 225.331440796127, -101.879268218847, 11, 42, 1.163963, 715.8909
2408, 735.337191581597, 239.615929357004, -111.194187576389, 12, 42, 3.082396, 781.3455
2409, 737.371567930128, 233.28041009265, -111.194187576389, 13, 42, -0.2449856, 781.3455
2410, 739.351359816742, 226.927622077757, -111.194187576389, 14, 42, 0.6879196, 781.3455
2411, 806.60859548549, 239.996851834636, -120.99425391698, 15, 42, 1.381264, 850.2091
2412, 863.764826835614, 248.933849626784, -129.241830802651, 16, 42, 5.548842, 908.1636
2413, 850.272951252432, 237.141711640753, -126.913100963266, 17, 42, 3.768459, 891.8
2414, 849.023735094071, 228.938874523368, -126.427945294233, 18, 42, 3.955234, 888.3909
2415, 858.799155984988, 223.666728987281, -127.592310213926, 19, 42, 12.54149, 896.5727
2416, 824.037957574399, 207.059418203238, -122.158610150688, 20, 42, 4.378044, 858.3909
2417, 756.917103492763, 183.284867060552, -111.970427960856, 21, 42, 20.64344, 786.8
2418, 754.522461296756, 175.846690352122, -111.388249844002, 22, 42, 1.943942, 782.7091
2419, 761.934488258064, 170.676139470691, -112.261521362276, 23, 42, 0.9811485, 788.8455
2420, 773.271750879268, 166.242047303168, -113.716970997403, 24, 42, 5.315334, 799.0727
2421, 774.673433318881, 159.582864711015, -113.716970997403, 25, 42, 2.701667, 799.0727
2422, 779.990680115321, 153.694718366194, -114.299157800242, 26, 42, 2.501822, 803.1636
2423, 783.937099534108, 147.477273507246, -114.687273649483, 27, 42, 0.7987895, 805.8909
2424, 790.491329708742, 141.679520012508, -115.463522719935, 28, 42, 2.28038, 811.3455
2425, 791.01574668279, 134.759751565716, -115.366491586128, 29, 42, 1.534697, 810.6636
2426, 806.13701764214, 130.208943066251, -117.404128024095, 30, 42, 1.104018, 824.9818
2427, 804.558863072269, 122.860819023073, -117.016003488869, 31, 42, 1.390327, 822.2545
2428, 815.606118500934, 117.376056833541, -118.471461809981, 32, 42, 1.030684, 832.4818
2429, 820.598570832402, 110.896739472287, -119.053639926835, 33, 42, 1.26325, 836.5727
2430, 824.870111778242, 104.255545332784, -119.538795595867, 34, 42, 1.331154, 839.9818
2431, 829.75807276906, 97.627881261155, -120.120973712722, 35, 42, 1.891808, 844.0727
2432, 830.567326007485, 90.4852446189091, -120.120973712722, 36, 42, 1.685032, 844.0727
2433, 842.059330485416, 84.4129749454679, -121.67346316764, 37, 42, 1.344681, 854.9818
2434, 856.867838037888, 78.4572542694588, -123.711099605607, 38, 42, 1.992997, 869.3
2435, 857.511148766051, 71.0820818009382, -123.711099605607, 39, 42, 1.864059, 869.3
2436, 854.725821125572, 63.4518297865734, -123.225943936574, 40, 42, 1.790147, 865.8909
2437, 873.422788406282, 57.2882534798887, -125.845767177379, 41, 42, 0.922142, 884.3
2438, 877.252314651702, 49.9633069055679, -126.330922846412, 42, 42, 2.621984, 887.7091
2439, 885.738764516596, 42.8047223380963, -127.49527908012, 43, 42, 1.221089, 895.8909
2440, 886.074261515454, 35.1824715116797, -127.49527908012, 44, 42, 0.9484863, 895.8909
2441, 886.344166228295, 27.5576162774449, -127.49527908012, 45, 42, 0.8384209, 895.8909
2442, 885.87380544733, 19.9155540202286, -127.398256632298, 46, 42, 0.9549465, 895.2091
2443, 892.760496160274, 12.3866155522492, -128.368559284378, 47, 42, 0.8949261, 902.0273
2444, 891.484274293687, 4.69796448883567, -128.174497016765, 48, 42, 0.1107092, 900.6636
2445, 892.84145869097, -2.97680898921929, -128.368559284378, 49, 42, 0.382679, 902.0273
2446, 894.132412008564, -10.6745873675273, -128.562612866006, 50, 42, -0.3633671, 903.3909
2447, 912.225381976684, -18.7413561327021, -131.182436106811, 51, 42, -0.4331741, 921.8
2448, 912.030372140685, -26.5892129466665, -131.182436106811, 52, 42, -0.5466747, 921.8
2449, 911.767848598868, -34.4351014749732, -131.182436106811, 53, 42, -0.7958813, 921.8
2450, 921.550158428284, -42.7475167389573, -132.637894427923, 54, 42, -0.5062809, 932.0273
2451, 921.822125870387, -50.7117840145206, -132.73492556173, 55, 42, -0.5672779, 932.7091
2452, 922.698677874127, -58.7267564292349, -132.928979143358, 56, 42, -0.9266453, 934.0727
2453, 924.178639035831, -66.8092247282448, -133.220072544777, 57, 42, -1.113476, 936.1182
2454, 926.933043172295, -75.0303964349055, -133.70522821381, 58, 42, -1.118169, 939.5273
2455, 932.302847887081, -83.5448279256922, -134.578499732083, 59, 42, -1.318081, 945.6636
2456, 927.519657874374, -91.1669256830361, -133.996312929244, 60, 42, -0.7162533, 941.5727
2457, 933.411437210141, -99.861615414196, -134.966615581324, 61, 42, -1.023863, 948.3909
2458, 933.188117641402, -107.966313183773, -135.063646715131, 62, 42, -0.9952106, 949.0727
2459, 946.288662169099, -117.741125999029, -137.101283153097, 63, 42, -0.9315434, 963.3909
2460, 945.240623221882, -125.878390172467, -137.101283153097, 64, 42, -1.167475, 963.3909
2461, 953.477169567982, -135.334097934585, -138.459710340403, 65, 42, -1.591497, 972.9363
2462, 964.289671555274, -145.343100396726, -140.206262062934, 66, 42, -2.956551, 985.2091
2463, 943.676378220803, -150.550839540919, -137.392376554516, 67, 42, -2.039288, 965.4363
2464, 943.011666358201, -158.776468084345, -137.489407688323, 68, 42, -1.987982, 966.1182
2465, 949.58496706954, -168.297319855322, -138.653772608016, 69, 42, -3.088144, 974.3
2466, 962.698495637898, -179.177809606654, -140.788440179789, 70, 42, -2.172489, 989.3
2467, 961.121264031441, -187.453985781888, -140.788440179789, 71, 42, -2.150211, 989.3
2468, 979.310715523936, -199.762868427874, -143.699348136028, 72, 42, -2.413239, 1009.755
2469, 976.895678611748, -208.04063824024, -143.602317002222, 73, 42, -2.078386, 1009.073
2470, 1004.71763804558, -223.01892311478, -147.968700651543, 74, 42, -1.945084, 1039.755
2471, 990.267969586498, -228.768744879656, -146.125117795205, 75, 42, -4.111191, 1026.8
2472, 988.919225364814, -237.437832743834, -146.222140243027, 76, 42, -2.361427, 1027.482
2473, 988.149477518701, -246.26385076712, -146.41620251064, 77, 42, -2.239197, 1028.845
2474, 1008.86384111501, -260.665490233721, -149.812266135912, 78, 42, -0.2872257, 1052.709
2475, 1007.2358093679, -269.510305330294, -149.909305955703, 79, 42, -0.5453377, 1053.391
2476, 1015.28640049944, -281.04705310432, -151.461786724637, 80, 42, -0.9473095, 1064.3
2477, 1012.83076592585, -289.771911495544, -151.461786724637, 81, 42, -1.60423, 1064.3
2478, 977.938901646834, -288.914758900068, -146.610264778253, 82, 42, -0.3769569, 1030.209
2479, 987.682551691481, -301.05668812061, -148.453847634591, 83, 42, -3.001173, 1043.164
2480, 1021.11068429274, -320.873179661712, -153.887539011844, 84, 42, -2.253443, 1081.345
2481, 1018.31218048681, -329.646674600561, -153.887539011844, 85, 42, -2.162421, 1081.345
2482, 929.64319108736, -309.804467987283, -140.885471313595, 86, 42, -6.799307, 989.9818
2483, 1046.96302517075, -358.938733575881, -159.127185493454, 87, 42, -2.033806, 1118.164
2484, 919.719352123891, -324.184362408062, -140.206262062934, 88, 42, -2.983013, 985.2091
2485, 918.165149832381, -332.545015477771, -140.400315644563, 89, 42, -2.670364, 986.5727
2486, 915.270034888361, -340.432361742075, -140.400315644563, 90, 42, -2.887678, 986.5727
2487, 923.656084303093, -352.627220959056, -142.146867367094, 91, 42, -3.120062, 998.8455
2488, 917.445962778861, -359.330450244856, -141.661711698062, 92, 42, -3.454157, 995.4363
2489, 903.047790224071, -362.683288608005, -139.915168661515, 93, 42, -3.605034, 983.1636
2490, 900.518009148079, -370.696353195754, -140.012199795321, 94, 42, -3.349508, 983.8455
2491, 894.807931900015, -377.38141775921, -139.624075260096, 95, 42, -3.463426, 981.1182
2492, 898.343062496745, -388.009721268597, -140.691409045982, 96, 42, -4.46317, 988.6182
2493, 880.775111632633, -389.447343911421, -138.459710340403, 97, 42, -3.296914, 972.9363
2494, 891.533641170548, -403.409926001021, -140.691409045982, 98, 42, -4.59717, 988.6182
2495, 884.355159802091, -409.36453821715, -140.109230929128, 99, 42, -4.780521, 984.5273
2496, 880.19037224999, -416.66938892973, -140.012199795321, 100, 42, -4.898726, 983.8455
2497, 870.498115166279, -421.286949121279, -139.041897143242, 101, 42, -4.849314, 977.0273
2498, 870.470776700009, -430.556147758243, -139.624075260096, 102, 42, -4.937109, 981.1182
2499, 854.085277957019, -431.637030647059, -137.586438822129, 103, 42, -3.371888, 966.8
2500, 817.956886952491, -422.252323983486, -132.346801026504, 104, 42, -4.631091, 929.9818
2501, 813.696656574543, -428.959458171458, -132.249769892698, 105, 42, -4.587332, 929.3
2502, 811.758711779956, -436.903968141069, -132.540863294117, 106, 42, -4.834402, 931.3455
2503, 794.956715432337, -436.723075767173, -130.406195722344, 107, 42, -4.014006, 916.3455
2504, 794.11320960613, -445.19662795534, -130.891342705392, 108, 42, -3.831205, 919.7545
2505, 780.880394120962, -446.651247828764, -129.338861936458, 109, 42, -3.901875, 908.8455
2506, 741.450846815275, -432.606680936946, -123.420006204187, 110, 42, -3.342299, 867.2545
2507, 773.659298185539, -460.366721124377, -129.435893070264, 111, 42, -4.07155, 909.5273
2508, 769.669787027833, -467.006045490078, -129.435893070264, 112, 42, -3.909967, 909.5273
2509, 761.605673975501, -471.125515428518, -128.756675133619, 113, 42, -3.821745, 904.7545
2510, 757.524043082371, -477.660735325399, -128.756675133619, 114, 42, -3.600149, 904.7545
2511, 701.721311478956, -450.958282915373, -119.926920131093, 115, 42, -2.796917, 842.7091
2512, 684.829887970317, -448.47517852258, -117.695221425514, 116, 42, -2.217961, 827.0273
2513, 688.243950277062, -459.220138108247, -118.956608793029, 117, 42, -2.870059, 835.8909
2514, 682.034928337563, -463.607066510119, -118.568492943788, 118, 42, -1.519761, 833.1636
2515, 678.02092936897, -469.457958637599, -118.568492943788, 119, 42, -2.124333, 833.1636
2516, 661.823047225734, -466.717422560987, -116.433825372015, 120, 42, -2.290309, 818.1636
2517, 659.427543178902, -473.575323396596, -116.724918773434, 121, 42, -2.372593, 820.2091
2518, 649.880998521267, -475.24758244501, -115.75460743537, 122, 42, -2.359068, 813.3909
2519, 640.896258950196, -477.194005091398, -114.881335917096, 123, 42, -1.863372, 807.2545
2520, 629.237411152052, -476.982857274613, -113.522917415775, 124, 42, -2.955348, 797.7091
2521, 625.110284537566, -482.378998187684, -113.522917415775, 125, 42, -2.506969, 797.7091
2522, 609.260881516896, -478.568053010608, -111.388249844002, 126, 42, -3.347718, 782.7091
2523, 604.593730395173, -483.370827331575, -111.291218710196, 127, 42, -3.521007, 782.0273
2524, 594.13084408012, -483.44328579223, -110.126853790503, 128, 42, -3.086339, 773.8455
2525, 589.429637333817, -488.106696980994, -110.029822656697, 129, 42, -3.056519, 773.1636
2526, 597.593937531685, -503.597430153735, -112.358552496082, 130, 42, -2.993692, 789.5273
2527, 593.238997253487, -508.720333749053, -112.358552496082, 131, 42, -3.636634, 789.5273
2528, 596.467751597059, -520.461219543037, -113.81400213121, 132, 42, -1.853158, 799.7545
2529, 617.70610489348, -548.425390597851, -118.7625552114, 133, 42, -7.52672, 834.5273
2530, 621.478296124761, -561.410374944798, -120.412067114141, 134, 42, 0.3104002, 846.1182
2531, 636.997470667984, -585.460797874767, -124.390308856267, 135, 42, -7.41394, 874.0727
2532, 652.640284098064, -610.279429859962, -128.465590418184, 136, 42, -0.9463882, 902.7091
2533, 644.920639516328, -613.546123035345, -127.980434749152, 137, 42, -4.370431, 899.3
2534, 652.711276082777, -631.744858894794, -130.600257989957, 138, 42, -2.19048, 917.7091
2535, 673.700151840034, -663.380504949068, -135.936926919389, 139, 42, -4.993477, 955.2091
2536, 687.039177810228, -688.257630939537, -139.818137527709, 140, 42, -6.724224, 982.4818
2537, 680.619493423939, -693.661541120508, -139.721106393902, 141, 42, -5.519157, 981.8
2538, 609.570574657331, 264.685190929815, -101.447519957753, 1, 41, 0.102412, 672.2545
2539, 619.892186136845, 262.851391373824, -102.78510123164, 2, 41, 1.096348, 681.1182
2540, 621.507972112383, 257.250495947784, -102.68220965591, 3, 41, 1.42574, 680.4363
2541, 628.697988797077, 253.912916731236, -103.50533305115, 4, 41, 1.673203, 685.8909
2542, 637.130504762905, 250.964572955792, -104.534248808444, 5, 41, 2.099635, 692.7091
2543, 639.895321074926, 245.715173023102, -104.637131173577, 6, 41, 2.079672, 693.3909
2544, 641.985706309984, 240.200585097177, -104.637131173577, 7, 41, 2.168602, 693.3909
2545, 650.361416997986, 236.975750985872, -105.666046930872, 8, 41, 1.351345, 700.2091
2546, 659.999070932129, 234.074954508051, -106.900727418433, 9, 41, 2.123325, 708.3909
2547, 654.342736648502, 225.74999949124, -105.666046930872, 10, 41, 1.838232, 700.2091
2548, 670.319344042093, 224.827122628121, -107.929643175727, 11, 41, 0.9738374, 715.2091
2549, 674.151379844022, 219.678007936998, -108.238308692319, 12, 41, 1.208927, 717.2545
2550, 737.065182312953, 233.183479636514, -118.012934701847, 13, 41, 5.007011, 782.0273
2551, 742.910182852705, 228.019924456354, -118.630274945627, 14, 41, 4.452599, 786.1182
2552, 745.490535745069, 221.81189569849, -118.733166521356, 15, 41, 2.14341, 786.8
2553, 847.757182438717, 244.320505323596, -134.681231811073, 16, 41, 5.622589, 892.4818
2554, 846.58168640276, 236.112215332207, -134.166773932425, 17, 41, 4.218143, 889.0727
2555, 849.232571771508, 228.995187241041, -134.269665508155, 18, 41, 4.71084, 889.7545
2556, 824.429040998831, 214.715333145429, -130.051147745633, 19, 41, 11.36534, 861.8
2557, 745.188387494388, 187.246561336303, -117.29269367174, 20, 41, 3.021055, 777.2545
2558, 745.461659398637, 180.51097076699, -117.086910520281, 21, 41, 1.014332, 775.8909
2559, 746.987137284313, 174.090530852189, -117.086910520281, 22, 41, -0.3120489, 775.8909
2560, 757.665286239839, 169.719822450894, -118.527383369897, 23, 41, 2.4307, 785.4363
2561, 759.097468194319, 163.194785108577, -118.527383369897, 24, 41, 1.894617, 785.4363
2562, 763.774226824766, 157.337626239423, -119.041841248545, 25, 41, 1.108898, 788.8455
2563, 772.373884623336, 152.193852691978, -120.173639370972, 26, 41, 1.429757, 796.3455
2564, 768.355564172396, 144.546014923404, -119.350506765137, 27, 41, 1.01467, 790.8909
2565, 769.570761541165, 137.92993295826, -119.350506765137, 28, 41, 0.4927695, 790.8909
2566, 789.333255174051, 134.473117401125, -122.231452464369, 29, 41, 0.5186757, 809.9818
2567, 802.437940775965, 129.611460406946, -124.083482406306, 30, 41, 1.569465, 822.2545
2568, 803.523383626596, 122.702695287674, -124.083482406306, 31, 41, 1.201872, 822.2545
2569, 814.556421070161, 117.224992070173, -125.626846831652, 32, 41, 0.7590889, 832.4818
2570, 815.534845421603, 110.21242114954, -125.626846831652, 33, 41, 1.31536, 832.4818
2571, 827.820605454851, 104.628458986539, -127.37598519786, 34, 41, 0.7746429, 844.0727
2572, 829.359559611932, 97.5809929012078, -127.478876773589, 35, 41, 1.221283, 844.7545
2573, 829.498373275991, 90.368788738252, -127.37598519786, 36, 41, 1.034299, 844.0727
2574, 830.245180778136, 83.2286551628372, -127.37598519786, 37, 41, 1.388004, 844.0727
2575, 855.765036148964, 78.3562785946029, -131.18294586806, 38, 41, 1.969716, 869.3
2576, 853.048960445192, 70.7121954901995, -130.668487989413, 39, 41, 1.830228, 865.8909
2577, 853.625776044865, 63.3701663203561, -130.668487989413, 40, 41, 1.977804, 865.8909
2578, 860.865104743277, 56.4645884984435, -131.697403746708, 41, 41, 1.046879, 872.7091
2579, 873.431577672879, 49.7456994383773, -133.549433688645, 42, 41, 1.465686, 884.9818
2580, 875.173708221591, 42.2941493347336, -133.755216840104, 43, 41, 0.9027252, 886.3455
2581, 884.933870517043, 35.137191137837, -135.195680479124, 44, 41, 1.253269, 895.8909
2582, 867.687669250438, 26.9775610298486, -132.520527141947, 45, 41, -0.1107302, 878.1636
2583, 873.952208601171, 19.6475415736057, -133.446542112916, 46, 41, -0.2435484, 884.3
2584, 874.088903479633, 12.1275563294476, -133.446542112916, 47, 41, -0.2801313, 884.3
2585, 886.292883551691, 4.67060677759293, -135.298572054853, 48, 41, -0.4224911, 896.5727
2586, 892.366369982475, -2.97522500325587, -136.224596236418, 49, 41, 0.2329512, 902.7091
2587, 892.981650048389, -10.6608490118675, -136.327478601551, 50, 41, -0.4194469, 903.3909
2588, 893.53074838572, -18.357281327483, -136.430370177281, 51, 41, -0.4462852, 904.0727
2589, 910.85657523467, -26.5549922267831, -139.105532725054, 52, 41, -0.5673475, 921.8
2590, 910.594389564628, -34.3907829776903, -139.105532725054, 53, 41, -0.4992085, 921.8
2591, 914.977777041863, -42.4426467535731, -139.825764544564, 54, 41, -0.8824635, 926.5727
2592, 913.905747660429, -50.2762838776785, -139.722872968834, 55, 41, -0.9647722, 925.8909
2593, 916.802629634306, -58.3514922209099, -140.237330847482, 56, 41, -1.101285, 929.3
2594, 921.644684674851, -66.6260442053424, -141.060454242721, 57, 41, -0.8882236, 934.7545
2595, 921.037338772306, -74.5531699063526, -141.060454242721, 58, 41, -1.104775, 934.7545
2596, 927.075007119047, -83.0763545552867, -142.089360789419, 59, 41, -0.9414063, 941.5727
2597, 923.642853887666, -90.785870362059, -141.677803697098, 60, 41, -0.571516, 938.8455
2598, 922.157378195735, -98.6575927631512, -141.574912121368, 61, 41, -0.5668488, 938.1636
2599, 933.326188906961, -107.982287503653, -143.426942063305, 62, 41, -0.9926376, 950.4363
2600, 929.018362173616, -115.592284267005, -142.912493395255, 63, 41, -0.7005539, 947.0273
2601, 927.321333313046, -123.492065133802, -142.809601819525, 64, 41, -0.8984108, 946.3455
2602, 924.889862856809, -131.276489121687, -142.603818668066, 65, 41, -0.6542301, 944.9818
2603, 943.720602504257, -142.242815952813, -145.690538308161, 66, 41, -2.102533, 965.4363
2604, 943.12745079717, -150.463265573421, -145.79342988389, 67, 41, -1.926443, 966.1182
2605, 941.133335928722, -158.460210415297, -145.690538308161, 68, 41, -1.658766, 965.4363
2606, 948.362836830907, -168.080718654999, -147.028119582047, 69, 41, -2.50478, 974.3
2607, 961.45948808933, -178.947205051184, -149.291715826903, 70, 41, -2.141573, 989.3
2608, 959.222735920625, -187.083702993639, -149.188824251173, 71, 41, -2.180264, 988.6182
2609, 952.954760627883, -194.386698161653, -148.468592431663, 72, 41, -1.533264, 983.8455
2610, 947.950874335401, -201.876525032218, -147.954134553016, 73, 41, -1.89765, 980.4363
2611, 958.680779083472, -212.800041390667, -149.909056070683, 74, 41, -1.762014, 993.3909
2612, 956.814419226118, -221.040405720198, -149.909056070683, 75, 41, -1.638895, 993.3909
2613, 964.708014479822, -231.624761976082, -151.452420496028, 76, 41, -1.500242, 1003.618
2614, 982.299693014461, -244.805983823963, -154.53914934672, 77, 41, -2.050522, 1024.073
2615, 980.157088129646, -253.248374528913, -154.53914934672, 78, 41, -2.225941, 1024.073
2616, 990.964009870502, -265.156391768017, -156.596962440116, 79, 41, -0.5497704, 1037.709
2617, 922.388648445928, -255.331511714411, -146.102104611079, 80, 41, -2.355609, 968.1636
2618, 927.933834023766, -265.482812995572, -147.336794309236, 81, 41, -1.717642, 976.3455
2619, 973.448353707795, -287.588105902676, -154.950715649638, 82, 41, -1.889189, 1026.8
2620, 985.766601796567, -300.472685164418, -157.317194259626, 83, 41, -2.328028, 1042.482
2621, 931.704122029318, -292.778117728286, -149.085932675444, 84, 41, -4.184662, 987.9363
2622, 931.074408493265, -301.406178229904, -149.394607402632, 85, 41, -3.85055, 989.9818
2623, 928.44672621653, -309.405744943511, -149.394607402632, 86, 41, -4.530082, 989.9818
2624, 919.374512177899, -315.196540039471, -148.365700855934, 87, 41, -2.465919, 983.1636
2625, 919.806965900238, -324.21524467248, -148.880149523985, 88, 41, -2.772749, 986.5727
2626, 916.983457374535, -332.117025004863, -148.880149523985, 89, 41, -2.759752, 986.5727
2627, 912.828660787593, -339.52429885425, -148.674375583122, 90, 41, -3.162247, 985.2091
2628, 905.465885632869, -345.682688990088, -147.954134553016, 91, 41, -3.136475, 980.4363
2629, 902.458207590966, -353.460287817508, -147.954134553016, 92, 41, -2.674799, 980.4363
2630, 898.132809625905, -360.709327377952, -147.748351401557, 93, 41, -3.60454, 979.0727
2631, 888.14017030482, -365.601041749421, -146.616553279129, 94, 41, -2.949543, 971.5727
2632, 883.098689307311, -372.443094781743, -146.307887762538, 95, 41, -2.942284, 969.5273
2633, 882.955374158563, -381.36351570157, -146.822336430588, 96, 41, -3.148419, 972.9363
2634, 879.641540720402, -388.946119279761, -146.822336430588, 97, 41, -3.279913, 972.9363
2635, 863.36711003091, -390.664856473607, -144.661631761463, 98, 41, -3.281026, 958.6182
2636, 859.973975287916, -398.078583440716, -144.661631761463, 99, 41, -3.395893, 958.6182
2637, 859.563198886272, -406.904783462804, -145.17608964011, 100, 41, -3.467748, 962.0273
2638, 856.030480818981, -414.2851814793, -145.17608964011, 101, 41, -3.759483, 962.0273
2639, 843.372179600805, -417.152518493493, -143.632725214764, 102, 41, -4.053913, 951.8
2640, 825.314610919457, -417.096930717537, -141.16334581845, 103, 41, -3.712066, 935.4363
2641, 816.904164047107, -421.708878845485, -140.340222423211, 104, 41, -4.384626, 929.9818
2642, 812.649416650196, -428.407380850145, -140.237330847482, 105, 41, -4.088449, 929.3
2643, 797.656824469501, -429.314064349699, -138.282409329815, 106, 41, -3.817572, 916.3455
2644, 793.933594096147, -436.161006552397, -138.282409329815, 107, 41, -4.220154, 916.3455
2645, 757.81587819299, -424.847577777819, -132.623418717676, 108, 41, -2.872498, 878.8455
2646, 744.186425760813, -425.662877677277, -130.874271140872, 109, 41, -2.755339, 867.2545
2647, 740.496588342597, -432.049909584679, -130.874271140872, 110, 41, -2.836689, 867.2545
2648, 725.746775761862, -431.856327853441, -128.919349623205, 111, 41, -1.828938, 854.3
2649, 722.004334009579, -438.084480559606, -128.919349623205, 112, 41, -1.970191, 854.3
2650, 707.317596566917, -437.543178367876, -126.964428105538, 113, 41, -1.85478, 841.3455
2651, 704.097044753137, -443.972062944349, -127.067319681268, 114, 41, -2.40767, 842.0273
2652, 687.776784675686, -441.996890749562, -124.803723436412, 115, 41, -1.990495, 827.0273
2653, 683.38463582817, -447.528724923161, -124.700831860683, 116, 41, -1.83838, 826.3455
2654, 679.508920782099, -453.391824689086, -124.700831860683, 117, 41, -2.249797, 826.3455
2655, 672.795762421567, -457.326827142092, -124.186373982036, 118, 41, -1.958754, 822.9363
2656, 661.632267353567, -458.110539286232, -122.848792708149, 119, 41, -1.643128, 814.0727
2657, 657.666314239831, -463.786095654819, -122.848792708149, 120, 41, -1.156693, 814.0727
2658, 643.797428843008, -462.350380598993, -120.996762766212, 121, 41, -2.059575, 801.8
2659, 639.251596654125, -467.474470826591, -120.893871190482, 122, 41, -2.420432, 801.1182
2660, 634.124672170354, -472.152064884742, -120.688088039023, 123, 41, -2.747563, 799.7545
2661, 624.66763376342, -473.518814232499, -119.659181492325, 124, 41, -3.396603, 792.9363
2662, 612.032797005491, -472.287490352069, -118.012934701847, 125, 41, -3.174692, 782.0273
2663, 607.94670490165, -477.535781018183, -118.012934701847, 126, 41, -3.34154, 782.0273
2664, 603.815609104685, -482.748721753831, -118.012934701847, 127, 41, -2.875101, 782.0273
2665, 592.843382554546, -482.395680476909, -116.67535342796, 128, 41, -2.899536, 773.1636
2666, 588.671032460832, -487.478496267265, -116.67535342796, 129, 41, -3.021297, 773.1636
2667, 597.340233905131, -503.383631976864, -119.247624400004, 130, 41, -3.304449, 790.2091
2668, 593.49874948408, -508.943079121577, -119.350506765137, 131, 41, -3.477345, 790.8909
2669, 589.605827113303, -514.473694524852, -119.453398340866, 132, 41, -3.559126, 791.5727
2670, 601.790375429614, -534.294738369028, -122.848792708149, 133, 41, -0.191514, 814.0727
2671, 600.172119866888, -542.163510692001, -123.466142162526, 134, 41, -2.294375, 818.1636
2672, 620.297689158787, -570.112122476643, -128.610674896017, 135, 41, -3.977648, 852.2545
2673, 628.16961129549, -587.397072441766, -131.28583744379, 136, 41, -3.675859, 869.9818
2674, 647.508891762982, -616.008460312321, -136.430370177281, 137, 41, -3.676383, 904.0727
2675, 641.700632579989, -621.087899714074, -136.327478601551, 138, 41, -3.352398, 903.3909
2676, 673.31331161473, -662.999590289489, -144.250065458545, 139, 41, -5.623909, 955.8909
2677, 679.488491449126, -680.693553555446, -146.822336430588, 140, 41, -4.272917, 972.9363
2678, 673.606830925825, -686.514501808823, -146.822336430588, 141, 41, -4.143845, 972.9363
2679, 608.739013847626, 264.324114065482, -107.218052745416, 1, 40, -0.3914692, 672.2545
2680, 610.990658766875, 259.076898152462, -107.218052745416, 2, 40, 0.06391931, 672.2545
2681, 615.684777201167, 254.840197373786, -107.653029742319, 3, 40, 0.4702516, 674.9818
2682, 618.478685298901, 249.785635899388, -107.761773991545, 4, 40, 1.096581, 675.6636
2683, 622.483673441276, 245.19521214147, -108.088006739222, 5, 40, 1.118096, 677.7091
2684, 639.022392010692, 245.379974578933, -110.589095267875, 6, 40, 2.055206, 693.3909
2685, 641.109925594914, 239.872909514826, -110.589095267875, 7, 40, 2.015713, 693.3909
2686, 643.150000554692, 234.348087685657, -110.589095267875, 8, 40, 1.678144, 693.3909
2687, 645.142465872004, 228.805918070346, -110.589095267875, 9, 40, 1.934463, 693.3909
2688, 653.450098784185, 225.44203703345, -111.676537760133, 10, 40, 1.547862, 700.2091
2689, 655.365557516502, 219.81157768402, -111.676537760133, 11, 40, 1.343509, 700.2091
2690, 670.671874568413, 218.544181306355, -113.960147524847, 12, 40, 1.926233, 714.5273
2691, 669.960364064675, 211.953695086923, -113.525170527944, 13, 40, 1.668698, 711.8
2692, 741.896723511202, 227.708865424155, -125.37819634842, 14, 40, 25.13714, 786.1182
2693, 743.828411784222, 221.317350363622, -125.37819634842, 15, 40, 4.405095, 786.1182
2694, 745.058265402259, 214.723054748947, -125.269452099194, 16, 40, 0.7426567, 785.4363
2695, 845.426801009837, 235.790117000815, -141.798441698325, 17, 40, 6.728797, 889.0727
2696, 847.424186330213, 228.507556906903, -141.798441698325, 18, 40, 11.27796, 889.0727
2697, 754.260009039328, 196.440422480682, -125.921917594549, 19, 40, 9.543732, 789.5273
2698, 753.311002520833, 189.287564334048, -125.486940597646, 20, 40, 7.461826, 786.8
2699, 739.211257669666, 178.997457537228, -122.877098085254, 21, 40, 4.1796, 770.4363
2700, 740.723945025482, 172.630850476523, -122.877098085254, 22, 40, 0.4612789, 770.4363
2701, 754.004481483333, 168.899788664755, -124.834484836804, 23, 40, 1.635313, 782.7091
2702, 755.429743576753, 162.406278288465, -124.834484836804, 24, 40, 1.005595, 782.7091
2703, 756.139831121404, 155.76493936999, -124.725740587579, 25, 40, 1.060283, 782.0273
2704, 756.131210626886, 148.993284699256, -124.508252089127, 26, 40, 0.3438749, 780.6636
2705, 766.645959584746, 144.224397508547, -126.030661843775, 27, 40, 0.6490078, 790.2091
2706, 768.520932510371, 137.741772421151, -126.139396358487, 28, 40, 0.3849701, 790.8909
2707, 769.677581821438, 131.124519514214, -126.139396358487, 29, 40, 0.1387357, 790.8909
2708, 782.737905326689, 126.429469333368, -128.096783110038, 30, 40, 0.37357, 803.1636
2709, 784.462083008885, 119.79192379161, -128.205527359263, 31, 40, 0.3332276, 803.8455
2710, 791.459737350512, 113.90108657284, -129.184215867782, 32, 40, -0.1141218, 809.9818
2711, 801.748814448814, 108.349359307261, -130.706625622429, 33, 40, 0.5482373, 819.5273
2712, 805.990206560677, 101.86930926218, -131.250337134045, 34, 40, 0.06827354, 822.9363
2713, 811.516225802466, 95.4815775033674, -132.011546878625, 35, 40, -0.4834399, 827.7091
2714, 828.366792508139, 90.2455099149958, -134.621379656504, 36, 40, 0.9268997, 844.0727
2715, 829.112581234317, 83.1151167297905, -134.621379656504, 37, 40, 0.8767507, 844.0727
2716, 829.796994303928, 75.9785708881482, -134.621379656504, 38, 40, 0.799542, 844.0727
2717, 835.786343965562, 69.2812371656703, -135.49133365031, 39, 40, 1.321208, 849.5273
2718, 852.461281282445, 63.2837183371243, -138.101166428188, 40, 40, 2.335882, 865.8909
2719, 852.974205943897, 55.9470203554965, -138.101166428188, 41, 40, 2.018904, 865.8909
2720, 853.42398857481, 48.6061808553523, -138.101166428188, 42, 40, 2.11464, 865.8909
2721, 858.516775866583, 41.4891768157204, -138.862376172769, 43, 40, 0.309191, 870.6636
2722, 858.841961816788, 34.1011856082756, -138.862376172769, 44, 40, 0.45965, 870.6636
2723, 866.50399160783, 26.9407589212388, -140.058553179739, 45, 40, 0.1443214, 878.1636
2724, 866.030785098543, 19.4694580399087, -139.949808930513, 46, 40, -0.00453949, 877.4818
2725, 872.223462165102, 12.101674242933, -140.928497439032, 47, 40, -0.03033543, 883.6182
2726, 872.29529834488, 4.59684197867581, -140.928497439032, 48, 40, -0.6538715, 883.6182
2727, 885.091195530536, -2.95096895589621, -142.994618705295, 49, 40, -0.4423323, 896.5727
2728, 891.763466994878, -10.6463057504224, -144.082051463039, 50, 40, -0.3604889, 903.3909
2729, 891.638862225894, -18.3184131782467, -144.082051463039, 51, 40, -0.696784, 903.3909
2730, 892.121063427616, -26.0087795914152, -144.190795712265, 52, 40, -0.6120806, 904.0727
2731, 909.352179655914, -34.3438679385983, -147.018126723108, 53, 40, -0.4177637, 921.8
2732, 909.695409261315, -42.1976160267536, -147.126870972334, 54, 40, -0.5274057, 922.4818
2733, 912.659020480485, -50.2076982387575, -147.67058248395, 55, 40, -0.7349396, 925.8909
2734, 912.865003201475, -58.1008751625188, -147.779326733175, 56, 40, -1.040696, 926.5727
2735, 915.016707178009, -66.1469051954403, -148.214303730079, 57, 40, -1.440517, 929.3
2736, 919.109981114388, -74.3971603539791, -148.975503740146, 58, 40, -1.194572, 934.0727
2737, 918.435868361554, -82.3021904920141, -148.975503740146, 59, 40, -1.503176, 934.0727
2738, 922.382843592895, -90.662022566567, -149.736713484726, 60, 40, -0.8317623, 938.8455
2739, 920.230117650966, -98.4514035697769, -149.519224986274, 61, 40, -0.5266037, 937.4818
2740, 919.349006971566, -106.365180755575, -149.519224986274, 62, 40, -0.7137127, 937.4818
2741, 918.399840819127, -114.271084182185, -149.519224986274, 63, 40, -0.5296726, 937.4818
2742, 926.723510713969, -123.412452657855, -151.041634740922, 64, 40, -0.9604378, 947.0273
2743, 922.961734796462, -131.00281558227, -150.606657744019, 65, 40, -0.8364449, 944.3
2744, 921.800459109479, -138.938890072326, -150.606657744019, 66, 40, -0.5750656, 944.3
2745, 941.840860106533, -150.258007379943, -154.086444515704, 67, 40, -1.956528, 966.1182
2746, 939.849465559313, -158.244042991282, -153.977700266478, 68, 40, -1.629562, 965.4363
2747, 941.767024945779, -166.911726409932, -154.521421512607, 69, 40, -0.894392, 968.8455
2748, 917.135654455133, -170.697636302577, -150.715401993245, 70, 40, -0.9101543, 944.9818
2749, 915.633070470459, -178.582115490248, -150.715401993245, 71, 40, -0.695446, 944.9818
2750, 951.654763768937, -194.121520728819, -156.913775526547, 72, 40, -1.31959, 983.8455
2751, 946.657703651979, -201.601130166397, -156.370054280418, 73, 40, -1.7253, 980.4363
2752, 944.888141329353, -209.738465578363, -156.370054280418, 74, 40, -1.576534, 980.4363
2753, 955.50915711822, -220.738867971494, -158.436175546681, 75, 40, -1.475348, 993.3909
2754, 901.869939632685, -216.537446528256, -149.845457733952, 76, 40, -1.490496, 939.5273
2755, 900.62664604311, -224.451655345691, -149.954201983178, 77, 40, -1.374929, 940.2091
2756, 898.662187472136, -232.192105718684, -149.954201983178, 78, 40, -1.603385, 940.2091
2757, 912.236352736483, -244.09090271889, -152.564034761056, 79, 40, -1.828645, 956.5727
2758, 921.1303491066, -254.983194903443, -154.412677263381, 80, 40, -2.220356, 968.1636
2759, 923.432310990034, -264.194922680616, -155.173877273448, 81, 40, -2.528545, 972.9363
2760, 924.998157112828, -273.274351899922, -155.826342768803, 82, 40, -2.531967, 977.0273
2761, 922.612738669723, -281.222681362661, -155.826342768803, 83, 40, -2.927414, 977.0273
2762, 929.148838934853, -291.975147174683, -157.348742788937, 84, 40, -2.588232, 986.5727
2763, 929.804260259062, -300.995007520491, -157.892464035066, 85, 40, -2.511082, 989.9818
2764, 927.818733359746, -309.196465733206, -158.001208284291, 86, 40, 6.428616, 990.6636
2765, 917.483608436136, -314.548266339192, -156.696287028095, 87, 40, -3.024147, 982.4818
2766, 911.569285430763, -321.311611966969, -156.152565781966, 88, 40, -2.208514, 979.0727
2767, 903.07532786462, -327.079718651005, -155.173877273448, 89, 40, -2.433109, 972.9363
2768, 900.227793433855, -334.837438288827, -155.173877273448, 90, 40, -2.230335, 972.9363
2769, 897.942447100703, -342.810441119112, -155.282621522674, 91, 40, -2.682413, 973.6182
2770, 894.333020261927, -350.277945380223, -155.173877273448, 92, 40, -2.543093, 972.9363
2771, 890.661613716957, -357.708735458647, -155.065133024222, 93, 40, -2.29841, 972.2545
2772, 886.928591875914, -365.102298025649, -154.956388774996, 94, 40, -2.681795, 971.5727
2773, 878.793011916797, -370.627193759726, -154.086444515704, 95, 40, -3.44737, 966.1182
2774, 873.100017489755, -377.106818729437, -153.6514675188, 96, 40, -3.129568, 963.3909
2775, 869.82317234277, -384.604786928618, -153.6514675188, 97, 40, -3.346125, 963.3909
2776, 862.802564445923, -390.409405324995, -152.999011757959, 98, 40, -2.743025, 959.3
2777, 858.800820472138, -397.535534673379, -152.890267508733, 99, 40, -2.95046, 958.6182
2778, 855.348741208133, -404.909720166518, -152.890267508733, 100, 40, -3.174742, 958.6182
2779, 854.862705618935, -413.720024079513, -153.433988754862, 101, 40, -3.130225, 962.0273
2780, 822.915367487725, -407.034078616381, -148.323047979304, 102, 40, -2.710653, 929.9818
2781, 802.562358441677, -405.598413000978, -145.278228470009, 103, 40, -2.193045, 910.8909
2782, 799.641092712889, -412.797196449699, -145.386972719235, 104, 40, -1.916428, 911.5727
2783, 782.365243563665, -412.442361978055, -142.885874456069, 105, 40, -2.818954, 895.8909
2784, 766.933812819693, -412.778355513742, -140.71100894058, 106, 40, -2.270584, 882.2545
2785, 744.476225305365, -408.990754640109, -137.231222168896, 107, 40, -1.983677, 860.4363
2786, 739.755570136075, -414.722587852565, -137.013733670444, 108, 40, -1.489161, 859.0727
2787, 753.103782325425, -430.763464741448, -140.167297428965, 109, 40, -2.242101, 878.8455
2788, 739.486421565875, -431.460517990688, -138.31865492664, 110, 40, -2.149623, 867.2545
2789, 735.746876715355, -437.806897694286, -138.31865492664, 111, 40, -2.158499, 867.2545
2790, 721.019393899999, -437.486856756032, -136.252533660377, 112, 40, -1.39623, 854.3
2791, 701.200908852335, -433.759425501113, -133.207723885595, 113, 40, -0.9302874, 835.2091
2792, 697.443001854449, -439.776321498386, -133.207723885595, 114, 40, -1.130915, 835.2091
2793, 691.36847283597, -444.305074210765, -132.772746888692, 115, 40, -0.8276072, 832.4818
2794, 683.01547622711, -447.286973035726, -131.9028026294, 116, 40, -1.364131, 827.0273
2795, 664.584477802708, -443.433720787954, -129.075471618556, 117, 40, -1.100315, 809.3
2796, 661.858026968333, -449.892000512174, -129.292960117008, 118, 40, -0.9152765, 810.6636
2797, 650.215339564442, -450.205521341162, -127.77055036236, 119, 40, -1.946568, 801.1182
2798, 641.367198749846, -452.291964098964, -126.791861853842, 120, 40, -2.131085, 794.9818
2799, 634.718473041858, -455.830226149717, -126.248140607713, 121, 40, -2.364181, 791.5727
2800, 622.623455003212, -455.314576725777, -124.616996338353, 122, 40, -2.381765, 781.3455
2801, 619.762761365616, -461.458574882313, -124.834484836804, 123, 40, -3.048996, 782.7091
2802, 607.723578721446, -460.674657727339, -123.203330832931, 124, 40, -2.549602, 772.4818
2803, 599.474541852965, -462.596658687154, -122.333386573638, 125, 40, -2.490868, 767.0273
2804, 594.413640864009, -466.90570069588, -122.115898075187, 126, 40, -2.373836, 765.6636
2805, 585.117264487355, -467.799452760417, -121.028465317442, 127, 40, -2.998075, 758.8455
2806, 578.982410797883, -471.117030669239, -120.593488320539, 128, 40, -2.892437, 756.1182
2807, 574.907612314779, -476.081007710294, -120.593488320539, 129, 40, -3.201485, 756.1182
2808, 584.172512366314, -492.287082444722, -123.420819331383, 130, 40, -3.59706, 773.8455
2809, 592.689113453079, -508.248791804303, -126.139396358487, 131, 40, -3.425883, 790.8909
2810, 588.801501708854, -513.77186248148, -126.248140607713, 132, 40, -3.600775, 791.5727
2811, 584.862688526215, -519.26562787721, -126.356884856939, 133, 40, -3.669032, 792.2545
2812, 595.857045987701, -538.265502894248, -129.727927379397, 134, 40, -3.99384, 813.3909
2813, 591.69947071223, -543.827660511731, -129.836671628623, 135, 40, -3.584132, 814.0727
2814, 622.887974443207, -582.458250236831, -137.774943415025, 136, 40, -3.426188, 863.8455
2815, 621.754876741235, -591.507343274049, -138.644887674317, 137, 40, -2.882459, 869.3
2816, 641.30889613767, -620.708746645106, -144.190795712265, 138, 40, -4.096858, 904.0727
2817, 640.261231592846, -630.4537975141, -145.169493955297, 139, 40, -3.20969, 910.2091
2818, 653.358730434404, -654.517451822313, -149.410480737049, 140, 40, -3.437656, 936.8
2819, 648.174662171987, -660.59500120346, -149.519224986274, 141, 40, -3.442753, 937.4818
2820, 604.778977247584, 262.604603499933, -112.407557148215, 1, 39, -0.7443123, 668.8455
2821, 603.92200198028, 256.07959263216, -111.834613586154, 2, 39, -0.4707067, 665.4363
2822, 614.79724333717, 254.4728351887, -113.438845302228, 3, 39, 0.1130476, 674.9818
2823, 617.587123906303, 249.425560063814, -113.55343401464, 4, 39, -0.1240261, 675.6636
2824, 620.335618259418, 244.349097024755, -113.668022727052, 5, 39, 0.2330059, 676.3455
2825, 622.414974091603, 239.002846268945, -113.668022727052, 6, 39, 0.3599247, 676.3455
2826, 624.448255206605, 233.638903155133, -113.668022727052, 7, 39, 0.3385153, 676.3455
2827, 640.328403061067, 233.319966755424, -116.188953884727, 8, 39, 0.4965751, 691.3455
2828, 642.312127128064, 227.802111486505, -116.188953884727, 9, 39, 0.6272933, 691.3455
2829, 652.508124721192, 225.117053454767, -117.678596888389, 10, 39, 1.088857, 700.2091
2830, 655.058002908647, 219.708422944194, -117.793175343106, 11, 39, 0.862452, 700.8909
2831, 663.953597527488, 216.354973123675, -119.053640921943, 12, 39, 1.301828, 708.3909
2832, 665.790484755273, 210.634480734701, -119.053640921943, 13, 39, 0.8065395, 708.3909
2833, 678.501235533511, 208.251016126627, -121.001638775253, 14, 39, -0.4044706, 719.9818
2834, 749.198241810414, 222.915079805616, -133.262528426393, 15, 39, -1.226576, 792.9363
2835, 839.567784166295, 241.960350829288, -148.961058934504, 16, 39, 12.31897, 886.3455
2836, 750.333377489358, 209.268495695316, -132.80418383444, 17, 39, -5.442739, 790.2091
2837, 750.808203452754, 202.455099871078, -132.575006409615, 18, 39, 9.296074, 788.8455
2838, 753.172713518844, 196.157245872025, -132.689595122028, 19, 39, 11.56801, 789.5273
2839, 754.18066062329, 189.506086914319, -132.575006409615, 20, 39, 8.397427, 788.8455
2840, 730.959997044759, 176.999443223984, -128.220666111043, 21, 39, 1.086705, 762.9363
2841, 733.110383176136, 170.856457106314, -128.335254823455, 22, 39, 0.9578736, 763.6182
2842, 734.553253287462, 164.542641708428, -128.335254823455, 23, 39, 0.751606, 763.6182
2843, 741.855695429955, 159.488057686782, -129.366542977468, 24, 39, 0.005661726, 769.7545
2844, 747.15024895998, 153.913083849749, -130.05407525194, 25, 39, 0.6108022, 773.8455
2845, 741.852428361664, 146.179695415675, -128.908198385515, 26, 39, 0.0114789, 767.0273
2846, 766.20128904486, 144.14074436996, -132.918762289157, 27, 39, -0.1436732, 790.8909
2847, 767.41307930683, 137.543212229251, -132.918762289157, 28, 39, 0.2479991, 790.8909
2848, 773.20611657651, 131.725650994818, -133.720883276041, 29, 39, 0.09286547, 795.6636
2849, 781.609557796692, 126.247216272068, -134.981348854879, 30, 39, -0.1296191, 803.1636
2850, 783.995673535893, 119.720700351683, -135.210526279703, 31, 39, -0.4192845, 804.5273
2851, 752.398617456532, 108.27969638871, -129.595720402292, 32, 39, 0.5794592, 771.1182
2852, 801.259132933752, 108.283183121572, -137.84604614979, 33, 39, -0.1480908, 820.2091
2853, 809.496085456856, 102.312418196512, -139.106511728627, 34, 39, -0.3402981, 827.7091
2854, 811.013854664772, 95.4224693953665, -139.221090183344, 35, 39, -0.04997525, 828.3909
2855, 779.732857689706, 84.9471393301815, -133.720883276041, 36, 39, -0.296609, 795.6636
2856, 789.797634292304, 79.1739554469086, -135.325114992115, 37, 39, 0.3306788, 805.2091
2857, 790.449593791523, 72.3758110810897, -135.325114992115, 38, 39, -0.1674005, 805.2091
2858, 838.600435376716, 69.5145069909908, -143.460841769505, 39, 39, 0.8314419, 853.6182
2859, 803.642871658942, 59.6596118209522, -137.387691300142, 40, 39, 1.449877, 817.4818
2860, 812.845262362443, 53.3149421428713, -138.877334303803, 41, 39, 1.033001, 826.3455
2861, 813.273884562367, 46.319459081514, -138.877334303803, 42, 39, 1.023451, 826.3455
2862, 823.040975068924, 39.7747528075376, -140.481555762182, 43, 39, 0.2360135, 835.8909
2863, 824.024320172618, 32.7187160586525, -140.596144474594, 44, 39, 0.02604914, 836.5727
2864, 824.947125143819, 25.6487007982847, -140.710733187006, 45, 39, 0.3029933, 837.2545
2865, 828.497046096587, 18.6256525203435, -141.283676749066, 46, 39, -0.2302189, 840.6636
2866, 840.05154917408, 11.655304674035, -143.231664344681, 47, 39, -0.2871642, 852.2545
2867, 840.120735680435, 4.4272877227007, -143.231664344681, 48, 39, -0.2269425, 852.2545
2868, 868.356615659576, -2.89517445026952, -148.044349235207, 49, 39, -0.4576244, 880.8909
2869, 868.971643826455, -10.3742058864548, -148.158937947619, 50, 39, -0.5204859, 881.5727
2870, 890.353529675886, -18.2920064639142, -151.82574597172, 51, 39, -0.8701143, 903.3909
2871, 891.506876063495, -25.990873654165, -152.054923396544, 52, 39, -0.998415, 904.7545
2872, 908.041312660935, -34.2943598998342, -154.919620691455, 53, 39, -0.01004028, 921.8
2873, 884.885094556679, -41.0467515475547, -151.023635242531, 54, 39, -1.005019, 898.6182
2874, 903.961225614745, -49.7292103805738, -154.346677129395, 55, 39, -1.412881, 918.3909
2875, 902.829201732267, -57.4621291855415, -154.232098674678, 56, 39, -1.132801, 917.7091
2876, 918.390249157057, -66.3907798260459, -156.982196999482, 57, 39, -1.41509, 934.0727
2877, 917.785047864154, -74.2899139161192, -156.982196999482, 58, 39, -1.540369, 934.0727
2878, 917.781350123928, -82.2435382915401, -157.096785711894, 59, 39, -1.543962, 934.7545
2879, 916.370876008583, -90.0710996709554, -156.982196999482, 60, 39, -1.266438, 934.0727
2880, 916.230322040761, -98.0234828961718, -157.096785711894, 61, 39, -1.031268, 934.7545
2881, 918.023729156141, -106.211851156783, -157.555140561542, 62, 39, -0.7444572, 937.4818
2882, 915.074983219383, -113.857391729522, -157.211374424306, 63, 39, -0.928628, 935.4363
2883, 914.061514221625, -121.726245256619, -157.211374424306, 64, 39, -0.5902443, 935.4363
2884, 921.631249091539, -130.813969862165, -158.701017427968, 65, 39, -0.9608555, 944.3
2885, 912.496282751127, -137.536512883758, -157.325963136718, 66, 39, 0.01146317, 936.1182
2886, 911.279180184222, -145.382303509132, -157.325963136718, 67, 39, 0.1781254, 936.1182
2887, 914.634136311218, -153.9984953884, -158.128073865908, 68, 39, -0.1802635, 940.8909
2888, 913.275319990271, -161.86207024602, -158.128073865908, 69, 39, -0.2393379, 940.8909
2889, 915.813567274566, -170.451568934448, -158.81560614038, 70, 39, -0.576849, 944.9818
2890, 914.313149323907, -178.324682334726, -158.81560614038, 71, 39, -0.431776, 944.9818
2891, 919.989196434668, -187.662279079752, -160.076071719218, 72, 39, -0.4273796, 952.4818
2892, 895.332281244373, -190.670819111278, -156.065497557881, 73, 39, -0.7477074, 928.6182
2893, 889.72178743383, -197.49309397139, -155.377975541104, 74, 39, -0.6662207, 924.5273
2894, 891.918885394234, -206.048433568242, -156.065497557881, 75, 39, -0.9605923, 928.6182
2895, 900.569858581496, -216.225299267622, -157.898906698779, 76, 39, -1.252459, 939.5273
2896, 899.328357248615, -224.128099441231, -158.013495411191, 77, 39, -1.154989, 940.2091
2897, 896.715975357492, -231.689252593923, -157.898906698779, 78, 39, -1.389004, 939.5273
2898, 910.921328092373, -243.739036065566, -160.763593735995, 79, 39, -2.286324, 956.5727
2899, 908.790544866684, -251.567345330548, -160.763593735995, 80, 39, -3.199593, 956.5727
2900, 905.300147707051, -259.007292337203, -160.534426568866, 81, 39, -3.40027, 955.2091
2901, 923.664735824902, -272.88041615479, -164.201234592966, 82, 39, -2.87352, 977.0273
2902, 901.995207757004, -274.938227351423, -160.763593735995, 83, 39, -2.753753, 956.5727
2903, 903.443598626416, -283.897548615963, -161.451126010467, 84, 39, -2.774178, 960.6636
2904, 903.52534113685, -292.488030518023, -161.90947060242, 85, 39, -2.797075, 963.3909
2905, 900.975407958761, -300.250902290597, -161.90947060242, 86, 39, -2.846062, 963.3909
2906, 898.358779426547, -307.991547773666, -161.90947060242, 87, 39, -3.128307, 963.3909
2907, 891.872309467647, -314.368785789371, -161.221948585643, 88, 39, -2.646584, 959.3
2908, 889.134551260788, -322.030588031813, -161.221948585643, 89, 39, -2.739382, 959.3
2909, 898.930079601111, -334.354756929112, -163.513702318494, 90, 39, -2.785233, 972.9363
2910, 882.833864276828, -337.042387766405, -161.107359873231, 91, 39, -2.281206, 958.6182
2911, 879.275526953736, -344.380469049734, -160.992771160819, 92, 39, -2.558203, 957.9363
2912, 876.280022254395, -351.932781025755, -160.992771160819, 93, 39, -2.579699, 957.9363
2913, 880.677900865065, -362.529214157102, -162.367825452069, 94, 39, -3.260046, 966.1182
2914, 876.287594668853, -369.570544752269, -162.138648027244, 95, 39, -3.407846, 964.7545
2915, 871.841409414855, -376.563204392425, -161.90947060242, 96, 39, -2.769085, 963.3909
2916, 868.569287969256, -384.050363975031, -161.90947060242, 97, 39, -3.073309, 963.3909
2917, 861.5588005553, -389.84661478529, -161.221948585643, 98, 39, -2.837205, 959.3
2918, 857.562825253119, -396.962471537454, -161.107359873231, 99, 39, -2.775043, 958.6182
2919, 853.50822664389, -404.038447197649, -160.992771160819, 100, 39, -3.236302, 957.9363
2920, 813.095785485057, -393.506472722158, -154.002921249854, 101, 39, -1.454973, 916.3455
2921, 805.462861264863, -398.401641952017, -153.200800262969, 102, 39, -1.283472, 911.5727
2922, 802.00530442901, -405.316889426994, -153.200800262969, 103, 39, -1.591297, 911.5727
2923, 797.891137859328, -411.893820592647, -153.086211550557, 104, 39, -1.574987, 910.8909
2924, 769.346220344457, -405.579075640437, -148.273526660031, 105, 39, -1.607987, 882.2545
2925, 755.17510372458, -406.449594775706, -146.210950352004, 106, 39, -1.116756, 869.9818
2926, 742.813948857222, -408.07755462668, -144.492129923519, 107, 39, -1.160291, 859.7545
2927, 738.689183335737, -414.12474890232, -144.377541211107, 108, 39, -1.02984, 859.0727
2928, 723.430347283582, -413.790728726319, -142.085787478256, 109, 39, -1.141052, 845.4363
2929, 719.843422996229, -419.999620142417, -142.085787478256, 110, 39, -1.15799, 845.4363
2930, 705.806508474943, -419.990852325967, -140.023211170229, 111, 39, -1.171855, 833.1636
2931, 699.293782868963, -424.304590978601, -139.450267608168, 112, 39, -1.383699, 829.7545
2932, 695.617293402186, -430.305428509239, -139.450267608168, 113, 39, -1.219905, 829.7545
2933, 677.676025781504, -427.312151664589, -136.585580570952, 114, 39, -1.701878, 812.7091
2934, 673.974460178003, -433.12688430413, -136.585580570952, 115, 39, -1.451209, 812.7091
2935, 661.226497237132, -433.018004326845, -134.752171430054, 116, 39, -1.628423, 801.8
2936, 663.626453093671, -442.794493608379, -136.012637008892, 117, 39, -0.9158363, 809.3
2937, 660.348066998932, -448.865618896107, -136.127225721304, 118, 39, -1.027134, 809.9818
2938, 644.857325234479, -446.495661717748, -133.720883276041, 119, 39, -2.033793, 795.6636
2939, 640.991924402143, -452.027320736894, -133.720883276041, 120, 39, -1.909203, 795.6636
2940, 627.798334296222, -450.860450503684, -131.772885422731, 121, 39, -2.066245, 784.0727
2941, 623.896011355784, -456.245176837892, -131.772885422731, 122, 39, -2.059585, 784.0727
2942, 607.548261532285, -452.363988957903, -129.137365552644, 123, 39, -2.279641, 768.3909
2943, 603.098171800255, -457.168445651855, -129.022787097927, 124, 39, -2.416371, 767.7091
2944, 597.546145585674, -461.108572692516, -128.679020960691, 125, 39, -2.682008, 765.6636
2945, 593.556770181114, -466.232637732484, -128.679020960691, 126, 39, -2.440506, 765.6636
2946, 584.27379489728, -467.125101418206, -127.533144094265, 127, 39, -3.263334, 758.8455
2947, 577.626444529294, -470.013683157758, -126.960200532205, 128, 39, -3.36286, 755.4363
2948, 584.432191469085, -483.968311939126, -129.366542977468, 129, 39, -3.663386, 769.7545
2949, 580.760585932752, -489.411823383506, -129.48113168988, 130, 39, -3.060508, 770.4363
2950, 592.344947003723, -507.95365869304, -133.033351001569, 131, 39, -3.465794, 791.5727
2951, 588.459156146875, -513.473141237598, -133.147939713981, 132, 39, -3.641842, 792.2545
2952, 584.019585917418, -518.517086015828, -133.147939713981, 133, 39, -3.679441, 792.2545
2953, 594.998094579451, -537.489571964444, -136.700159025669, 134, 39, -3.034094, 813.3909
2954, 599.259112549566, -550.775684869022, -138.762745591391, 135, 39, -1.326984, 825.6636
2955, 594.498201176571, -555.91116899596, -138.762745591391, 136, 39, -1.384218, 825.6636
2956, 633.032557161697, -602.236379801699, -148.961058934504, 137, 39, -4.64, 886.3455
2957, 627.827641270567, -607.660537175132, -148.961058934504, 138, 39, -2.75462, 886.3455
2958, 639.338269801544, -629.54497352543, -152.971633095841, 139, 39, 0.1311035, 910.2091
2959, 651.942044655663, -653.09825357372, -157.325963136718, 140, 39, -3.419569, 936.1182
2960, 646.298826505854, -658.68322072754, -157.325963136718, 141, 39, -2.951244, 936.1182
2961, 592.164326261427, 257.127122395041, -115.844230992487, 1, 38, 0.05824232, 655.8909
2962, 577.054904006252, 244.687201757448, -112.472376660095, 2, 38, 0.07360268, 636.8
2963, 579.138770746864, 239.713314522506, -112.472376660095, 3, 38, 0.3527808, 636.8
2964, 610.426279852169, 246.533502458347, -118.132286168859, 4, 38, -0.02842355, 668.8455
2965, 619.393253065104, 243.977901050317, -119.456945153031, 5, 38, -0.1992941, 676.3455
2966, 621.469450103073, 238.639771899142, -119.456945153031, 6, 38, 0.2226052, 676.3455
2967, 623.499642416955, 233.283977266807, -119.456945153031, 7, 38, 0.275934, 676.3455
2968, 624.853129739977, 227.681156670556, -119.336520629006, 8, 38, 0.1160021, 675.6636
2969, 640.703873534906, 227.231729037142, -121.985838597351, 9, 38, 0.4908125, 690.6636
2970, 642.635202087095, 221.710868660785, -121.985838597351, 10, 38, 0.6665092, 690.6636
2971, 649.609059482058, 217.880830942184, -122.949224009448, 11, 38, 0.8320098, 696.1182
2972, 633.593475121872, 206.461866901254, -119.577369677056, 12, 38, 1.140617, 677.0273
2973, 605.913611319338, 191.691383119192, -114.037884692317, 13, 38, 0.4480246, 645.6636
2974, 666.56395411763, 204.587130411383, -125.116843881692, 14, 38, 0.3041277, 708.3909
2975, 650.289064093354, 193.485823283301, -121.744989549301, 15, 38, 0.5777225, 689.3
2976, 839.582096195703, 241.964475503581, -156.788245757903, 16, 38, 1.612929, 887.7091
2977, 628.311380753477, 175.236476775808, -117.048476232737, 17, 38, 1.186279, 662.7091
2978, 749.667634545032, 202.147545969748, -139.326829915614, 18, 38, 8.465492, 788.8455
2979, 751.379112234391, 195.690118104601, -139.326829915614, 19, 38, 6.554779, 788.8455
2980, 644.340284169522, 161.906042238357, -119.216096104981, 20, 38, 0.9045656, 674.9818
2981, 648.970647649987, 157.146004934826, -119.818207945004, 21, 38, 2.143975, 678.3909
2982, 731.996699408253, 170.596905383566, -134.871154866998, 22, 38, 0.8583084, 763.6182
2983, 733.437377624526, 164.292681438596, -134.871154866998, 23, 38, 0.754252, 763.6182
2984, 709.891679928074, 152.616264722638, -130.295066074459, 24, 38, 0.8405337, 737.7091
2985, 694.088716904352, 142.982398831786, -127.164050010014, 25, 38, 0.09046149, 719.9818
2986, 695.293210154446, 137.005347423914, -127.164050010014, 26, 38, 0.1597986, 719.9818
2987, 741.953829578309, 139.579218689227, -135.473277487123, 27, 38, 0.05361438, 767.0273
2988, 719.346618941991, 128.92827519294, -131.138026962531, 28, 38, -0.1012859, 742.4818
2989, 725.721782406012, 123.636081219609, -132.101412374628, 29, 38, 0.1639942, 747.9363
2990, 726.758654129052, 117.387583186762, -132.101412374628, 30, 38, 0.09166209, 747.9363
2991, 737.029466249302, 112.548687266644, -133.787344930876, 31, 38, 0.4337301, 757.4818
2992, 751.255632516653, 108.115206370526, -136.19581385117, 32, 38, 0.2823097, 771.1182
2993, 751.492962432296, 101.557719245812, -136.075389327145, 33, 38, 0.2845073, 770.4363
2994, 758.331134470639, 95.8456668973359, -137.159199263267, 34, 38, 0.8839138, 776.5727
2995, 767.792231443385, 90.3370889233331, -138.72470729549, 35, 38, 0.7148731, 785.4363
2996, 768.541050129366, 83.7278601542318, -138.72470729549, 36, 38, 0.8783835, 785.4363
2997, 785.259046348513, 78.7189807242057, -141.614874311884, 37, 38, -0.3252167, 801.8
2998, 789.248804794208, 72.265863428133, -142.216996932009, 38, 38, 0.0882661, 805.2091
2999, 785.828484163386, 65.1400563983205, -141.494449787859, 39, 38, -0.3309107, 801.1182
3000, 796.398732725757, 59.1218325013414, -143.300806868131, 40, 38, 1.098132, 811.3455
3001, 797.547590403939, 52.3115599086957, -143.421231392156, 41, 38, 1.132661, 812.0273
3002, 812.038422693506, 46.2490941939063, -145.950124836475, 42, 38, 0.8500898, 826.3455
3003, 808.384347557743, 39.0664481739797, -145.227577692326, 43, 38, 0.4538494, 822.2545
3004, 807.349391893621, 32.0566212268585, -144.986728644276, 44, 38, 0.2273233, 820.8909
3005, 823.693930203851, 25.6097373046528, -147.87689566067, 45, 38, -0.1171367, 837.2545
3006, 827.238458395265, 18.5973578905659, -148.479018280795, 46, 38, -0.4253809, 840.6636
3007, 828.038886901375, 11.4886348561265, -148.59944280482, 47, 38, -0.4640435, 841.3455
3008, 838.844490181994, 4.420562134596, -150.526213629015, 48, 38, -0.4437652, 852.2545
3009, 838.851475517495, -2.79680181585814, -150.526213629015, 49, 38, -0.5371461, 852.2545
3010, 853.559495725468, -10.1902081706627, -153.175531597359, 50, 38, -0.8409314, 867.2545
3011, 852.769266014816, -17.5198507180051, -153.055107073334, 51, 38, -0.644269, 866.5727
3012, 845.878829476922, -24.6606396136218, -151.850872613187, 52, 38, -0.6585398, 859.7545
3013, 861.059639040653, -32.5199842174008, -154.620615105556, 53, 38, -0.6271882, 875.4363
3014, 883.540846556835, -40.98439654349, -158.715016582098, 54, 38, -0.863081, 898.6182
3015, 865.063234488006, -47.5893327737574, -155.463586773731, 55, 38, -1.035979, 880.2091
3016, 897.439197237723, -57.1190730083799, -161.364334550442, 56, 38, -0.9097586, 913.6182
3017, 860.76951080846, -62.2253547721245, -154.861464153606, 57, 38, -1.307136, 876.8
3018, 865.553555762829, -70.0620469869859, -155.824849565703, 58, 38, -1.619366, 882.2545
3019, 864.918723477042, -77.5064519928945, -155.824849565703, 59, 38, -2.065178, 882.2545
3020, 871.56655331865, -85.6672335940759, -157.149508549876, 60, 38, -1.758454, 889.7545
3021, 882.141219030153, -94.3764385607874, -159.196714678198, 61, 38, -1.399852, 901.3455
3022, 881.296578071421, -101.962659572151, -159.196714678198, 62, 38, -1.490742, 901.3455
3023, 891.042090527449, -110.867120409906, -161.123485502392, 63, 38, -1.209219, 912.2545
3024, 912.672943694463, -121.541328296528, -165.217886978934, 64, 38, -0.8949537, 935.4363
3025, 896.975780797918, -127.314436084986, -162.568569010589, 65, 38, -0.469018, 920.4363
3026, 895.84720078557, -135.027070687068, -162.568569010589, 66, 38, -0.4693842, 920.4363
3027, 895.977752862074, -142.941167137925, -162.809418058639, 67, 38, -0.169878, 921.8
3028, 896.038340891563, -150.867489884137, -163.050267106689, 68, 38, -0.3096581, 923.1636
3029, 903.958383617126, -160.210806298885, -164.736199662936, 69, 38, 0.2036953, 932.7091
3030, 902.546513325201, -167.982299815039, -164.736199662936, 70, 38, 0.1241016, 932.7091
3031, 912.265503027737, -177.925316017433, -166.783395011156, 71, 38, -0.3706913, 944.3
3032, 877.823018200927, -179.061089915691, -160.76222271042, 72, 38, -0.8639507, 910.2091
3033, 876.906258978759, -186.746795782794, -160.882636454342, 73, 38, -0.8359613, 910.8909
3034, 878.542873535939, -195.011690993385, -161.484759074467, 74, 38, -0.7434273, 914.3
3035, 890.563952211283, -205.735420956323, -164.013652518787, 75, 38, -1.21411, 928.6182
3036, 888.760895713649, -213.389987263995, -164.013652518787, 76, 38, -1.283346, 928.6182
3037, 897.310981211546, -223.625334624129, -165.940434123084, 77, 38, -1.209926, 939.5273
3038, 898.602529588391, -232.17669159551, -166.542545963106, 78, 38, -2.035471, 942.9363
3039, 898.516576062726, -240.419844595244, -166.903819535181, 79, 38, -2.164851, 944.9818
3040, 899.001936009741, -248.857706284973, -167.385517631281, 80, 38, -2.598711, 947.7091
3041, 903.924886760404, -258.613828782657, -168.710176615453, 81, 38, -3.161726, 955.2091
3042, 901.022778447315, -266.191250148862, -168.589752091428, 82, 38, -3.176035, 954.5273
3043, 899.98302197912, -274.324890621786, -168.830590359376, 83, 38, -2.486655, 955.8909
3044, 897.589490855148, -282.05795746924, -168.830590359376, 84, 38, -2.640715, 955.8909
3045, 895.129515022007, -289.770144773045, -168.830590359376, 85, 38, -2.869257, 955.8909
3046, 899.606716817383, -299.794784680143, -170.155249343548, 86, 38, -2.833956, 963.3909
3047, 897.62889576657, -307.741315902748, -170.275673867573, 87, 38, -2.591627, 964.0727
3048, 889.884510590201, -313.66812279887, -169.312288455475, 88, 38, -2.772118, 958.6182
3049, 887.783847819769, -321.541384431806, -169.4327129795, 89, 38, -2.481937, 959.3
3050, 885.613533681715, -329.401701541321, -169.553137503525, 90, 38, -2.739337, 959.9818
3051, 881.492732345067, -336.530379418197, -169.312288455475, 91, 38, -2.487641, 958.6182
3052, 877.939800568819, -343.85731326425, -169.19186393145, 92, 38, -2.612283, 957.9363
3053, 874.326090109878, -351.148040125481, -169.071439407426, 93, 38, -2.978209, 957.2545
3054, 868.169691008123, -357.380235755924, -168.469327567403, 94, 38, -2.31979, 953.8455
3055, 858.260841099473, -361.967838543392, -167.144668583231, 95, 38, -2.188502, 946.3455
3056, 851.41823430744, -367.742086033896, -166.422121439081, 96, 38, -2.145503, 942.2545
3057, 844.540129223586, -373.425526912389, -165.699585075034, 97, 38, -1.67408, 938.1636
3058, 833.958983021133, -377.357977413759, -164.254501566837, 98, 38, -3.081497, 929.9818
3059, 819.719159521418, -379.444786956782, -162.086881694592, 99, 38, -1.630442, 917.7091
3060, 815.817602086934, -386.196250784637, -161.966457170567, 100, 38, -1.744275, 917.0273
3061, 797.96686598446, -386.184668999826, -159.076290154173, 101, 38, -1.516528, 900.6636
3062, 794.013156091801, -392.738337583581, -158.955865630148, 102, 38, -1.363881, 899.9818
3063, 791.203708613818, -399.857986359291, -159.076290154173, 103, 38, -1.066939, 900.6636
3064, 781.770868605445, -403.572084735575, -157.872055694025, 104, 38, -1.608024, 893.8455
3065, 758.678992234785, -399.955593777578, -153.898078741509, 105, 38, -1.105298, 871.3455
3066, 754.618849085043, -406.150207955727, -153.777654217484, 106, 38, -1.319222, 870.6636
3067, 751.096507480197, -412.627719946159, -153.777654217484, 107, 38, -0.9389486, 870.6636
3068, 731.713198786086, -410.213864710237, -150.526213629015, 108, 38, -1.431545, 852.2545
3069, 722.913911248417, -413.495335473694, -149.442403692892, 109, 38, -0.5272322, 846.1182
3070, 719.329547562736, -419.699794541498, -149.442403692892, 110, 38, -0.6044598, 846.1182
3071, 704.734302611005, -419.352835179261, -147.154359296623, 111, 38, -1.025076, 833.1636
3072, 701.100215397062, -425.400664808717, -147.154359296623, 112, 38, -1.447458, 833.1636
3073, 691.706954744832, -427.886512292623, -145.950124836475, 113, 38, -1.075224, 826.3455
3074, 679.484871787939, -428.452728945818, -144.143767756203, 114, 38, -1.634573, 816.1182
3075, 672.950611064019, -432.46891192841, -143.541655916181, 115, 38, -1.52516, 812.7091
3076, 669.204852934384, -438.242797459409, -143.541655916181, 116, 38, -1.355032, 812.7091
3077, 652.56998654292, -435.417237194601, -140.771913423812, 117, 38, -1.84055, 797.0273
3078, 648.244595013587, -440.638393414576, -140.651488899787, 118, 38, -1.403085, 796.3455
3079, 643.877708587116, -445.817380544412, -140.531064375762, 119, 38, -1.511429, 795.6636
3080, 640.018179768411, -451.340636301238, -140.531064375762, 120, 38, -1.567933, 795.6636
3081, 626.844632329295, -450.175538685724, -138.48385824744, 121, 38, -1.697235, 784.0727
3082, 622.948237491658, -455.552084966218, -138.48385824744, 122, 38, -2.049133, 784.0727
3083, 614.699514753034, -457.688618518733, -137.520472835342, 123, 38, -2.09074, 778.6182
3084, 602.181992382002, -456.473951222647, -135.593702011148, 124, 38, -2.134029, 767.7091
3085, 597.701013771356, -461.228079861263, -135.473277487123, 125, 38, -2.035042, 767.0273
3086, 590.544047082476, -463.866175234538, -134.750730342973, 126, 38, -1.843296, 762.9363
3087, 580.241171919024, -463.901031754034, -133.305646834776, 127, 38, -1.871036, 754.7545
3088, 576.228411427853, -468.876105933917, -133.305646834776, 128, 38, -2.215329, 754.7545
3089, 573.206764783173, -474.672535828093, -133.546495882826, 129, 38, -1.935479, 756.1182
3090, 569.614772404216, -480.019152712972, -133.666920406851, 130, 38, -1.757786, 756.8
3091, 573.105331128765, -491.455107764282, -135.473277487123, 131, 38, -1.659037, 767.0273
3092, 587.565215172497, -512.693113133013, -139.928941755637, 132, 38, -2.484288, 792.2545
3093, 582.63053846803, -517.283831424438, -139.808517231612, 133, 38, -2.795143, 791.5727
3094, 575.170450590106, -519.578334973964, -139.085980867564, 134, 38, -2.261608, 787.4818
3095, 582.537388351673, -535.406842068949, -141.976147883959, 135, 38, -2.455784, 803.8455
3096, 593.595086158861, -555.066672369663, -145.82970031245, 136, 38, -1.36961, 825.6636
3097, 594.632090147017, -565.704043548244, -147.274783820648, 137, 38, -1.090612, 833.8455
3098, 626.39167028088, -606.270692501846, -156.426972185828, 138, 38, -0.7604809, 885.6636
3099, 621.152290008308, -611.63756408626, -156.426972185828, 139, 38, -3.919102, 885.6636
3100, 626.297529408135, -627.408258183484, -159.076290154173, 140, 38, -3.949335, 900.6636
3101, 640.146863286894, -652.413373436049, -164.013652518787, 141, 38, -2.037422, 928.6182
3102, 542.051558584782, 235.367365556432, -111.349324685703, 1, 37, 1.20921, 601.3455
3103, 576.133385485995, 244.296452477746, -117.914332836848, 2, 37, 1.23614, 636.8
3104, 553.450328111214, 229.080523143039, -112.864328305459, 3, 37, 1.786162, 609.5273
3105, 559.749677919634, 226.066690036475, -113.748075707943, 4, 37, 1.60895, 614.3
3106, 559.803739883345, 220.505697763066, -113.36932197758, 5, 37, -2.039379, 612.2545
3107, 569.811673535117, 218.803559491679, -115.010576840791, 6, 37, 0.635016, 621.1182
3108, 578.576063371404, 216.47570589045, -116.399329217092, 7, 37, 1.84722, 628.6182
3109, 579.787606385643, 211.260385140536, -116.273077973638, 8, 37, 1.336082, 627.9363
3110, 582.215269669357, 206.488188792862, -116.399329217092, 9, 37, 1.508722, 628.6182
3111, 587.770672470614, 202.782458762868, -117.156836677818, 10, 37, 2.071481, 632.7091
3112, 589.493605054569, 197.717926850958, -117.156836677818, 11, 37, 2.086679, 632.7091
3113, 602.639924174849, 196.375386899994, -119.429336456604, 12, 37, 1.026114, 644.9818
3114, 604.946007351969, 191.385264657168, -119.555587700059, 13, 37, 0.9679923, 645.6636
3115, 609.132352121746, 186.959764612972, -120.06058137218, 14, 37, 1.41642, 648.3909
3116, 617.140446896177, 183.622844120271, -121.323093806723, 15, 37, 1.769874, 655.2091
3117, 619.341219400749, 178.49186397505, -121.449333748482, 16, 37, 1.714775, 655.8909
3118, 625.371804368786, 174.416626897792, -122.333092452662, 17, 37, 1.595181, 660.6636
3119, 636.553072607576, 171.646254390077, -124.226838501085, 18, 37, 1.012794, 670.8909
3120, 641.248328218114, 167.007518628273, -124.858094718357, 19, 37, 1.963519, 674.3
3121, 642.661483138909, 161.484202975393, -124.858094718357, 20, 37, 1.950256, 674.3
3122, 644.678277606407, 156.106622327164, -124.984345961811, 21, 37, 1.70811, 674.9818
3123, 659.700858665505, 153.747858505642, -127.63559947096, 22, 37, 2.484386, 689.3
3124, 660.999247930244, 148.066272846746, -127.63559947096, 23, 37, 2.036696, 689.3
3125, 668.144240272107, 143.641179534046, -128.771849360353, 24, 37, 2.636911, 695.4363
3126, 679.855355292786, 140.050323814433, -130.791857953926, 25, 37, 1.118708, 706.3455
3127, 684.979442307685, 134.973051801781, -131.549354112956, 26, 37, 2.21596, 710.4363
3128, 702.577301297637, 132.171554178304, -134.705612595923, 27, 37, 1.388758, 727.4818
3129, 707.645549814898, 126.831096140805, -135.463108754953, 28, 37, 1.574203, 731.5727
3130, 724.562852712498, 123.438642574127, -138.493115994465, 29, 37, 1.690665, 747.9363
3131, 726.259528633726, 117.306963389158, -138.619367237919, 30, 37, 1.589997, 748.6182
3132, 731.878350382111, 111.762081906398, -139.503114640403, 31, 37, 1.952288, 753.3909
3133, 750.055926953101, 107.942553535761, -142.785624366824, 32, 37, 1.921129, 771.1182
3134, 756.268792249972, 102.203130990214, -143.795623012763, 33, 37, 1.982844, 776.5727
3135, 757.784874356166, 95.7766249411362, -143.921874256217, 34, 37, 1.317791, 777.2545
3136, 766.566118024936, 90.1928265664395, -145.436877875973, 35, 37, 2.177429, 785.4363
3137, 767.313740896995, 83.5941522986051, -145.436877875973, 36, 37, 2.244986, 785.4363
3138, 768.671254321475, 77.0561229871246, -145.563129119427, 37, 37, 2.114365, 786.1182
3139, 783.984975585808, 71.783892267236, -148.340633872031, 38, 37, 1.95666, 801.1182
3140, 784.573568042105, 65.0360320360547, -148.340633872031, 39, 37, 2.170665, 801.1182
3141, 791.785965097469, 58.7793969048483, -149.603135004878, 40, 37, 1.869172, 807.9363
3142, 796.942556000309, 52.2718753885077, -150.486893709058, 41, 37, 1.697567, 812.7091
3143, 797.362792529182, 45.4132536931903, -150.486893709058, 42, 37, 1.433286, 812.7091
3144, 805.085715267325, 38.9070365675972, -151.87564608536, 43, 37, 1.673345, 820.2091
3145, 805.390662789231, 31.9788479138221, -151.87564608536, 44, 37, 1.746482, 820.2091
3146, 808.984477662931, 25.1524009061984, -152.506891000936, 45, 37, 1.951041, 823.6182
3147, 822.56809455395, 18.49236225484, -155.03189326663, 46, 37, 1.338597, 837.2545
3148, 823.366720961675, 11.4238108372096, -155.158144510085, 47, 37, 2.177371, 837.9363
3149, 829.464686609986, 4.37113222835513, -156.294394399478, 48, 37, -0.1135542, 844.0727
3150, 837.511885185505, -2.7923355083146, -157.809398019234, 49, 37, 0.9388521, 852.2545
3151, 851.526432400418, -10.1659364724271, -160.460651528383, 50, 37, 0.8026476, 866.5727
3152, 844.038701803249, -17.3404842847078, -159.071899152081, 51, 37, 0.9581366, 859.0727
3153, 844.528016925388, -24.6212582030012, -159.198150395535, 52, 37, 0.9101486, 859.7545
3154, 850.310864544697, -32.1140309464354, -160.334400284929, 53, 37, 1.061698, 865.8909
3155, 849.333837929029, -39.3976520125133, -160.20816034317, 54, 37, 0.9753895, 865.2091
3156, 853.646524456607, -46.9612704643156, -161.091907745654, 55, 37, 0.8864698, 869.9818
3157, 858.560266033733, -54.6445560530655, -162.101906391593, 56, 37, 0.365469, 875.4363
3158, 860.063207894812, -62.1742958663124, -162.480660121956, 57, 37, 0.4491754, 877.4818
3159, 864.171323974533, -69.950162531248, -163.36440752444, 58, 37, 0.3123264, 882.2545
3160, 863.537505473924, -77.3826793146711, -163.36440752444, 59, 37, 0.4984245, 882.2545
3161, 863.506582612006, -84.8750102226553, -163.490658767895, 60, 37, 0.6308804, 882.9363
3162, 880.732497840585, -94.2257256296507, -166.89941973777, 61, 37, 0.2555475, 901.3455
3163, 867.908589052004, -100.413720201786, -164.626908657288, 62, 37, -0.0294466, 889.0727
3164, 877.650967272534, -109.200941797122, -166.646917250861, 63, 37, -0.1312208, 899.9818
3165, 878.671454964445, -117.013324992763, -167.025670981224, 64, 37, -0.1027126, 902.0273
3166, 877.632180534493, -124.56885519851, -167.025670981224, 65, 37, -0.1701689, 902.0273
3167, 887.128609006674, -133.712956061953, -169.045668273101, 66, 37, 0.1149931, 912.9363
3168, 885.945342260708, -141.340631325528, -169.045668273101, 67, 37, 0.2619181, 912.9363
3169, 894.607426917418, -150.626564479868, -170.93942562322, 68, 37, 0.8654308, 923.1636
3170, 864.24954317624, -153.173109144319, -165.384416118014, 69, 37, 0.05277157, 893.1636
3171, 861.582251489766, -160.358015845463, -165.131913631105, 70, 37, 0.05907726, 891.8
3172, 871.35047281665, -169.945380728847, -167.278162166437, 71, 37, 0.05748081, 903.3909
3173, 869.856055684279, -177.435963937026, -167.278162166437, 72, 37, 0.03204632, 903.3909
3174, 873.539944654327, -186.029902263962, -168.288172114071, 73, 37, -0.3785114, 908.8455
3175, 877.794010889541, -194.845464648155, -169.424422003464, 74, 37, -0.08638477, 914.9818
3176, 876.085121402348, -202.390564762632, -169.424422003464, 75, 37, -0.1933794, 914.9818
3177, 875.614413172446, -210.233539049899, -169.676924490373, 76, 37, 0.0766058, 916.3455
3178, 878.324180603128, -218.893497247341, -170.560671892857, 77, 37, -0.7035484, 921.1182
3179, 885.490515745413, -228.788871181058, -172.328177999522, 78, 37, -0.8169689, 930.6636
3180, 889.961871407463, -238.130826430672, -173.590679132369, 79, 37, -1.471852, 937.4818
3181, 897.566289370179, -248.460296985341, -175.484436482488, 80, 37, -1.40801, 947.7091
3182, 885.088446762013, -253.224704155192, -173.464427888915, 81, 37, -1.310743, 936.8
3183, 898.298749868203, -265.386484064963, -176.494435128427, 82, 37, -1.721149, 953.1636
3184, 898.545808610145, -273.886811912949, -176.999428800549, 83, 37, -1.118309, 955.8909
3185, 895.516941272052, -281.40668079085, -176.87318885879, 84, 37, -1.183286, 955.2091
3186, 893.062645565448, -289.101060521433, -176.87318885879, 85, 37, -1.175913, 955.2091
3187, 898.170104382866, -299.316032234854, -178.38818117685, 86, 37, -0.9349613, 963.3909
3188, 874.645775544631, -299.861828406292, -174.221924047945, 87, 37, -1.130072, 940.8909
3189, 882.776149222472, -311.162554559557, -176.368183884973, 88, 37, -0.9362125, 952.4818
3190, 880.066313272081, -318.746214471282, -176.368183884973, 89, 37, -1.020416, 952.4818
3191, 877.919329221451, -326.539861760394, -176.494435128427, 90, 37, -1.287825, 953.1636
3192, 879.459080232594, -335.753985363087, -177.378182530912, 91, 37, -1.10914, 957.9363
3193, 854.078015463908, -334.511513802206, -172.833171671644, 92, 37, -0.8512516, 933.3909
3194, 869.199334054933, -349.089025346831, -176.494435128427, 93, 37, -1.017559, 953.1636
3195, 862.446149204764, -355.024151755032, -175.736927667701, 94, 37, -0.8158569, 949.0727
3196, 853.803390424099, -360.087927787692, -174.600677778308, 95, 37, -0.2975168, 942.9363
3197, 846.367971179346, -365.560791080475, -173.716930375824, 96, 37, -0.4775782, 938.1636
3198, 835.837893134119, -369.577708455245, -172.201926756068, 97, 37, -1.217317, 929.9818
3199, 821.639261601651, -371.783428482929, -169.929426977282, 98, 37, 0.183814, 917.7091
3200, 818.410122232827, -378.838838725223, -169.929426977282, 99, 37, 0.1376638, 917.7091
3201, 805.430787482785, -381.279283012116, -167.909418383708, 100, 37, 0.06981325, 906.8
3202, 796.692565670139, -385.567957622361, -166.773168494315, 101, 37, 0.1983252, 900.6636
3203, 774.127302914337, -382.902307968166, -162.733162608865, 102, 37, 0.0974369, 878.8455
3204, 770.804258145012, -389.548526104632, -162.733162608865, 103, 37, 0.2406712, 878.8455
3205, 752.539732461603, -388.482151065108, -159.576904125898, 104, 37, 0.6071196, 861.8
3206, 748.576764478762, -394.629965228493, -159.450652882444, 105, 37, 0.2684278, 861.1182
3207, 750.463750610322, -403.913854978815, -160.586902771837, 106, 37, 0.100769, 867.2545
3208, 734.628649568494, -403.580820386874, -157.935649262688, 107, 37, -0.8632669, 852.9363
3209, 724.700223463358, -406.282242709942, -156.546896886386, 108, 37, 1.481514, 845.4363
3210, 721.759465539453, -412.835010767963, -156.673148129841, 109, 37, 1.340331, 846.1182
3211, 710.078678090652, -414.30228511078, -154.905642023176, 110, 37, 0.7622538, 836.5727
3212, 685.759183040677, -408.061671743337, -150.360642465604, 111, 37, 0.07215405, 812.0273
3213, 691.960997987318, -419.855338938671, -152.506891000936, 112, 37, 0.3509073, 823.6182
3214, 682.05507920178, -421.915909662608, -151.118138624634, 113, 37, 0.1119747, 816.1182
3215, 678.399779382971, -427.768518271865, -151.118138624634, 114, 37, 0.2659531, 816.1182
3216, 674.694260531408, -433.589461008162, -151.118138624634, 115, 37, 0.2052717, 816.1182
3217, 657.486080880222, -430.568514427411, -148.088131385122, 116, 37, 0.01525879, 799.7545
3218, 644.839664940794, -430.259299587855, -146.068134093245, 117, 37, 0.07307196, 788.8455
3219, 641.113958208921, -435.791407616622, -146.068134093245, 118, 37, 0.02185678, 788.8455
3220, 637.891666076662, -441.672677666448, -146.194385336699, 119, 37, -0.07031536, 789.5273
3221, 620.926401304492, -437.877119619344, -143.164378097187, 120, 37, -0.01770687, 773.1636
3222, 617.680266825106, -443.594046295447, -143.290629340641, 121, 37, -0.2062407, 773.8455
3223, 621.953430352815, -454.824598412818, -145.184375389064, 122, 37, -0.1877437, 784.0727
3224, 602.969513799315, -448.9547773445, -141.649374477431, 123, 37, -0.05338669, 764.9818
3225, 600.686387112956, -455.340232753368, -142.028128207794, 124, 37, -0.07029486, 767.0273
3226, 593.56377534504, -458.035496125697, -141.270620747068, 125, 37, -0.07296467, 762.9363
3227, 589.600987292782, -463.125411628802, -141.270620747068, 126, 37, -0.1050367, 762.9363
3228, 567.801260765876, -453.955361060264, -136.978112374709, 127, 37, 0.6714861, 739.7545
3229, 563.354813630117, -458.400880684602, -136.851861131254, 128, 37, 0.8128713, 739.0727
3230, 572.807450840991, -474.341863942881, -140.134370857675, 129, 37, 0.2099344, 756.8
3231, 565.118636959035, -476.230221611748, -139.250623455191, 130, 37, 0.4105692, 752.0273
3232, 572.190119815203, -490.670286457791, -142.028128207794, 131, 37, 0.2127242, 767.0273
3233, 573.500736054333, -500.420838673116, -143.416880584096, 132, 37, 0.2516937, 774.5273
3234, 578.192815785698, -513.343835079668, -145.689380362882, 133, 37, -0.205184, 786.8
3235, 573.754738059495, -518.299455715299, -145.689380362882, 134, 37, -0.2078743, 786.8
3236, 581.607114666481, -534.551832749362, -148.845638845848, 135, 37, 0.00602293, 803.8455
3237, 576.986442458345, -539.536044157974, -148.845638845848, 136, 37, -0.129817, 803.8455
3238, 583.48822606863, -555.102313378691, -151.749394841906, 137, 37, -3.524047, 819.5273
3239, 606.614771074031, -587.129067626313, -159.071899152081, 138, 37, 0.7483711, 859.0727
3240, 611.56670128534, -602.198806101852, -161.72315266123, 139, 37, -1.534873, 873.3909
3241, 617.250212060248, -618.344895561193, -164.626908657288, 140, 37, -0.4837856, 889.0727
3242, 623.63889000738, -635.589073961112, -167.783167140254, 141, 37, -0.09032631, 906.1182
3243, 539.302932852997, 234.173868762364, -116.083681771709, 1, 36, 1.508063, 599.3
3244, 541.297742912927, 229.525178819989, -116.083681771709, 2, 36, 1.702254, 599.3
3245, 542.016366073753, 224.347852707955, -115.819544910156, 3, 36, 3.126824, 597.9363
3246, 548.888372709224, 221.680123299146, -116.876080533931, 4, 36, 0.9773989, 603.3909
3247, 558.866074641711, 220.136353091632, -118.592958311588, 5, 36, 0.03400898, 612.2545
3248, 564.486115720872, 216.758583826638, -119.385368896247, 6, 36, 0.9474664, 616.3455
3249, 566.956652073554, 212.128273595936, -119.517437327023, 7, 36, 1.377821, 617.0273
3250, 578.816468382615, 210.906526268278, -121.630508574574, 8, 36, 1.157923, 627.9363
3251, 579.979194155723, 205.695143321766, -121.498440143798, 9, 36, 2.025441, 627.2545
3252, 582.992147059506, 201.133854677107, -121.76257700535, 10, 36, 2.403108, 628.6182
3253, 589.1403423804, 197.599441488315, -122.687044198349, 11, 36, 2.91215, 633.3909
3254, 586.366714719228, 191.072622056911, -121.76257700535, 12, 36, 0.423058, 628.6182
3255, 596.917473640989, 188.845297403213, -123.611523213784, 13, 36, 2.56818, 638.1636
3256, 601.717438884379, 184.683920244084, -124.27185354523, 14, 36, 1.739099, 641.5727
3257, 609.69541301194, 181.40766230344, -125.592526030559, 15, 36, 1.647539, 648.3909
3258, 618.30382952146, 178.192892023203, -127.045266946663, 16, 36, 1.942191, 655.8909
3259, 624.324313324556, 174.124480924206, -127.969745962098, 17, 36, 1.746206, 660.6636
3260, 626.445169917749, 168.920662901938, -128.101814392874, 18, 36, 1.989898, 661.3455
3261, 637.584975300509, 166.053430401129, -130.082817209649, 19, 36, 1.97873, 671.5727
3262, 638.990057084931, 160.561668599731, -130.082817209649, 20, 36, 2.480297, 671.5727
3263, 642.948326175711, 155.687720552408, -130.611090932754, 21, 36, 1.512681, 674.3
3264, 651.429946196979, 151.820265016532, -132.063831848859, 22, 36, 2.256292, 681.8
3265, 660.544816088157, 147.964478435737, -133.64864119574, 23, 36, 2.549896, 689.9818
3266, 665.063199988385, 142.978801212315, -134.308971527186, 24, 36, 2.021566, 693.3909
3267, 678.716604886921, 139.815741028781, -136.818259889502, 25, 36, 1.727881, 706.3455
3268, 683.832109111198, 134.746973392126, -137.610658651724, 26, 36, 1.797651, 710.4363
3269, 685.623505845964, 128.982140728809, -137.742727082501, 27, 36, 2.069847, 711.1182
3270, 695.925664946903, 124.730544749164, -139.591673290934, 28, 36, 3.189535, 720.6636
3271, 707.523497074106, 120.535768209995, -141.704744538485, 29, 36, 1.737234, 731.5727
3272, 725.043051736757, 117.110475487532, -145.006431663024, 30, 36, 1.966898, 748.6182
3273, 718.750164621804, 109.757331565772, -143.553690746919, 31, 36, 2.633188, 741.1182
3274, 723.640422932077, 104.141027736816, -144.346101331577, 32, 36, 2.479827, 745.2091
3275, 730.475546099645, 98.7173987453041, -145.534705386129, 33, 36, 2.262681, 751.3455
3276, 740.58856483017, 93.6031789624969, -147.383639772127, 34, 36, 2.849606, 760.8909
3277, 750.667026416634, 88.3221673000397, -149.232585980561, 35, 36, 1.988989, 770.4363
3278, 766.028498636168, 83.454132992856, -152.13806781277, 36, 36, 2.168526, 785.4363
3279, 760.728049779063, 76.259849492193, -150.949463758218, 37, 36, 2.137887, 779.3
3280, 762.0221372359, 69.77291237465, -151.081532188995, 38, 36, 2.129912, 779.9818
3281, 775.259983509887, 64.2639966187522, -153.590808728875, 39, 36, 1.757605, 792.9363
3282, 783.121965898285, 58.1362121678601, -155.043549644979, 40, 36, 1.443767, 800.4363
3283, 790.935350547649, 51.8778596686915, -156.496290561084, 41, 36, 1.527419, 807.9363
3284, 796.694987079078, 45.3752192895194, -157.552826184859, 42, 36, 1.971154, 813.3909
3285, 803.069074393382, 38.8095792177296, -158.741442061847, 43, 36, 2.197987, 819.5273
3286, 804.041642093887, 31.9252836876122, -158.873510492623, 44, 36, 2.054571, 820.2091
3287, 803.617971440376, 24.9855491065628, -158.741442061847, 45, 36, 1.56725, 819.5273
3288, 803.803196421868, 18.0705038139023, -158.741442061847, 46, 36, 1.435571, 819.5273
3289, 804.597765621524, 11.1634007550927, -158.873510492623, 47, 36, 1.243329, 820.2091
3290, 824.061993570046, 4.34266099136576, -162.703459517831, 48, 36, 1.239524, 839.9818
3291, 807.346300926824, -2.69176089732157, -159.401772393293, 49, 36, 0.7455396, 822.9363
3292, 820.001537516306, -9.78957695321826, -161.911048933173, 50, 36, 1.397793, 835.8909
3293, 819.218250220332, -16.8305566597146, -161.778992324832, 51, 36, 0.5403805, 835.2091
3294, 825.060702546118, -24.0537106921489, -162.967596379384, 52, 36, 1.385703, 841.3455
3295, 832.175928659306, -31.4291215603288, -164.420337295489, 53, 36, 1.214793, 848.8455
3296, 820.515511659763, -38.0608697730254, -162.175185794726, 54, 36, 1.121739, 837.2545
3297, 822.829279409451, -45.2659352896708, -162.703459517831, 55, 36, 1.136226, 839.9818
3298, 852.449326874843, -54.2556147397813, -168.646491613026, 56, 36, 0.7834606, 870.6636
3299, 837.940529923658, -60.5750390757558, -165.873078211593, 57, 36, 0.5634031, 856.3455
3300, 844.055584169234, -68.3218982857447, -167.193750696921, 58, 36, 0.8600373, 863.1636
3301, 852.763834227829, -76.4172371169743, -169.042696905355, 59, 36, 0.4568882, 872.7091
3302, 851.409094209973, -83.6859348033515, -168.910628474579, 60, 36, 0.03926563, 872.0273
3303, 857.308660558918, -91.7197115217264, -170.231300959907, 61, 36, 0.5217361, 878.8455
3304, 866.454851502771, -100.245528300753, -172.212303776681, 62, 36, 0.3181977, 889.0727
3305, 865.560295016142, -107.696570644361, -172.212303776681, 63, 36, 0.1892991, 889.0727
3306, 863.275610025009, -114.963048979746, -171.948178737564, 64, 36, -0.1450744, 887.7091
3307, 850.995966874078, -120.788179516722, -169.703027236801, 65, 36, 0.1041846, 876.1182
3308, 855.216696048462, -128.903015122259, -170.759562860577, 66, 36, -0.08173466, 881.5727
3309, 854.075993937454, -136.256306596818, -170.759562860577, 67, 36, -0.315793, 881.5727
3310, 846.275865626429, -142.488897818308, -169.438890375248, 68, 36, 0.07807064, 874.7545
3311, 858.850057294245, -152.216144750348, -172.212303776681, 69, 36, 0.2025623, 889.0727
3312, 847.644496181165, -157.763915534364, -170.231300959907, 70, 36, 0.06773567, 878.8455
3313, 843.629602352088, -164.538791724532, -169.703027236801, 71, 36, -0.2337313, 876.1182
3314, 842.182728137336, -171.791071869482, -169.703027236801, 72, 36, -0.2078609, 876.1182
3315, 853.758184511204, -181.817159700151, -172.344372207457, 73, 36, -0.3167171, 889.7545
3316, 870.446624489508, -193.214552498717, -176.042264624325, 74, 36, -0.2306643, 908.8455
3317, 874.617688249395, -202.051562744082, -177.230868678877, 75, 36, -0.09017277, 914.9818
3318, 874.147768450715, -209.881400133797, -177.49500554043, 76, 36, -0.2226267, 916.3455
3319, 872.958706707974, -217.556328840463, -177.627073971206, 77, 36, -0.7668619, 917.0273
3320, 871.054597806652, -225.058986658364, -177.627073971206, 78, 36, -0.7436428, 917.0273
3321, 872.963022600388, -233.58237323863, -178.419472733429, 79, 36, -0.8784933, 921.1182
3322, 872.210363919772, -241.441382792199, -178.683609594981, 80, 36, -0.87047, 922.4818
3323, 882.962825213822, -252.616561669934, -181.324954565638, 81, 36, -0.8707352, 936.1182
3324, 880.756696885512, -260.203994648117, -181.324954565638, 82, 36, -0.7894611, 936.1182
3325, 878.485369907741, -267.772165838004, -181.324954565638, 83, 36, -1.010893, 936.1182
3326, 894.016960029876, -280.93532762805, -185.022846982505, 84, 36, -0.8390827, 955.2091
3327, 877.566174181744, -284.084563264925, -182.117365150296, 85, 36, -0.863656, 940.2091
3328, 875.08950307842, -291.624400137181, -182.117365150296, 86, 36, -0.661087, 940.2091
3329, 872.548052843742, -299.142649302973, -182.117365150296, 87, 36, -0.6289082, 940.2091
3330, 870.57282235934, -306.861103547087, -182.249421758637, 88, 36, -0.8425035, 940.8909
3331, 877.963281000372, -317.984529169381, -184.362504828623, 89, 36, -0.6046391, 951.8
3332, 860.148299715778, -319.929972531428, -181.192886134861, 90, 36, -0.328392, 935.4363
3333, 857.363868697535, -327.318623790182, -181.192886134861, 91, 36, -0.4948673, 935.4363
3334, 853.270286218027, -334.195155427572, -180.928749273309, 92, 36, -0.4594865, 934.0727
3335, 846.639109305821, -340.02835702748, -180.136350511086, 93, 36, -0.5094104, 929.9818
3336, 843.68225701622, -347.300034818568, -180.136350511086, 94, 36, -0.576509, 929.9818
3337, 833.883278022137, -351.686705589971, -178.683609594981, 95, 36, -0.6874142, 922.4818
3338, 825.914010412062, -356.726375869324, -177.627073971206, 96, 36, -0.4825382, 917.0273
3339, 814.249465748382, -360.032075757909, -175.778127762772, 97, 36, 0.4036446, 907.4818
3340, 820.263024678107, -371.160695240066, -177.759142401982, 98, 36, 0.5654583, 917.7091
3341, 795.186384142012, -368.088661362826, -173.00471436134, 99, 36, 0.1594214, 893.1636
3342, 791.990012687446, -374.916614665266, -173.00471436134, 100, 36, 0.09956264, 893.1636
3343, 795.358114193891, -384.922135441492, -174.457455277444, 101, 36, 0.456399, 900.6636
3344, 773.430223590032, -382.557515475887, -170.363369390683, 102, 36, 0.8187699, 879.5273
3345, 770.110171126745, -389.197748884479, -170.363369390683, 103, 36, 0.2869763, 879.5273
3346, 750.684852636251, -387.52460998995, -166.797545404592, 104, 36, 1.287984, 861.1182
3347, 740.222296401445, -390.225709575234, -165.212736057711, 105, 36, 0.9029336, 852.9363
3348, 736.837497906222, -396.579946773186, -165.212736057711, 106, 36, 0.4372206, 852.9363
3349, 721.672923287789, -396.463370442408, -162.571391087055, 107, 36, 0.6461921, 839.3
3350, 718.235144142352, -402.657782773551, -162.571391087055, 108, 36, 0.6539254, 839.3
3351, 703.712177073633, -402.512246905697, -160.062114547175, 109, 36, 0.832057, 826.3455
3352, 702.53400472772, -409.900272332306, -160.590376447845, 110, 36, 0.4835081, 829.0727
3353, 684.610543786851, -407.378172833315, -157.288701145742, 111, 36, 0.5944662, 812.0273
3354, 681.652101524759, -413.600296774501, -157.420769576518, 112, 36, 0.6198502, 812.7091
3355, 677.499495355154, -419.097847952778, -157.288701145742, 113, 36, 0.5686693, 812.0273
3356, 676.697649104689, -426.695231149472, -157.949031477188, 114, 36, 0.3822584, 815.4363
3357, 669.062386349701, -429.97016048382, -157.024564284189, 115, 36, 0.4578333, 810.6636
3358, 656.94439389763, -430.213779374971, -155.043549644979, 116, 36, 0.9811926, 800.4363
3359, 649.880151779762, -433.622486523813, -154.251150882757, 117, 36, 0.5639372, 796.3455
3360, 640.040099226371, -435.061461697344, -152.798409966652, 118, 36, 0.713707, 788.8455
3361, 636.273253583414, -440.552097766324, -152.798409966652, 119, 36, 0.7845831, 788.8455
3362, 625.899504657012, -441.38415067326, -151.213600619771, 120, 36, 0.7758932, 780.6636
3363, 619.362197004827, -444.801943413229, -150.553258465889, 121, 36, 0.7912788, 777.2545
3364, 603.093785927372, -441.032842015325, -147.515708202903, 122, 36, 0.6291018, 761.5727
3365, 598.740408609444, -445.805900103724, -147.383639772127, 123, 36, 1.138421, 760.8909
3366, 591.151234438473, -448.112270323579, -146.459172579128, 124, 36, 0.854887, 756.1182
3367, 587.273912541209, -453.181796237694, -146.459172579128, 125, 36, 0.8193085, 756.1182
3368, 571.254425302194, -448.714378986407, -143.421622316143, 126, 36, 0.4660702, 740.4363
3369, 566.850199762806, -453.194990714385, -143.289553885366, 127, 36, 0.6137881, 739.7545
3370, 562.930046908953, -458.055248705686, -143.289553885366, 128, 36, 0.6903906, 739.7545
3371, 555.361904149042, -459.895206303892, -142.365086692367, 129, 36, 0.6402411, 734.9818
3372, 564.17206932198, -475.43254111409, -145.666773816906, 130, 36, 0.4563795, 752.0273
3373, 560.060689479886, -480.268934090641, -145.666773816906, 131, 36, 0.3813722, 752.0273
3374, 557.923855696732, -486.828884831711, -146.195035717575, 132, 36, 0.5873493, 754.7545
3375, 568.220657746445, -504.490134874254, -150.024996565219, 133, 36, 0.4031091, 774.5273
3376, 572.793705046008, -517.431309703122, -152.402204674323, 134, 36, 0.4939264, 786.8
3377, 568.320659585283, -522.340326501765, -152.402204674323, 135, 36, 0.09051192, 786.8
3378, 572.111343552371, -534.97737278365, -154.64734435265, 136, 36, -0.04972172, 798.3909
3379, 582.510889567446, -554.172522975872, -158.741442061847, 137, 36, -0.3520837, 819.5273
3380, 577.240724590131, -558.698575414643, -158.60937363107, 138, 36, -0.305222, 818.8455
3381, 598.150142321795, -588.98776015566, -165.741009780817, 139, 36, 0.2831631, 855.6636
3382, 619.524329009867, -620.6230456213, -173.136782792116, 140, 36, -0.3436317, 893.8455
3383, 614.630200464855, -626.407759685042, -173.268851222892, 141, 36, -0.7325439, 894.5273
3384, 527.33267487146, 228.976193298611, -118.706291185266, 1, 35, 1.258213, 587.0273
3385, 536.660211346568, 227.55873747419, -120.360786604429, 2, 35, 1.6317, 595.2091
3386, 538.59820434805, 222.933029666863, -120.360786604429, 3, 35, 0.8992262, 595.2091
3387, 547.926006377528, 221.291451398489, -122.015269681309, 4, 35, 0.2258854, 603.3909
3388, 557.886214398894, 219.750387884258, -123.80764074726, 5, 35, 1.018692, 612.2545
3389, 563.496401856469, 216.378540864257, -124.634894627983, 6, 35, 3.401391, 616.3455
3390, 565.337210063146, 211.52235524821, -124.634894627983, 7, 35, 3.117421, 616.3455
3391, 567.763555401785, 206.879115838084, -124.77277027477, 8, 35, 2.909376, 617.0273
3392, 569.522475080859, 201.986568341054, -124.77277027477, 9, 35, 2.874565, 617.0273
3393, 572.501633544855, 197.514599372578, -125.048509226061, 10, 35, 2.708217, 618.3909
3394, 583.675915587907, 195.766656318847, -127.116631585586, 11, 35, 1.355567, 628.6182
3395, 585.338637586736, 190.737614307578, -127.116631585586, 12, 35, 1.937938, 628.6182
3396, 587.594666997742, 185.895864238796, -127.254507232373, 13, 35, 1.78072, 629.3
3397, 594.917382768019, 182.59679273158, -128.495375711175, 14, 35, 1.781175, 635.4363
3398, 609.266442586525, 181.28002722466, -131.252863962353, 15, 35, 1.523818, 649.0727
3399, 610.803578208968, 176.031347150826, -131.252863962353, 16, 35, 1.54727, 649.0727
3400, 623.229685110375, 173.819188361461, -133.596737615452, 17, 35, 2.286686, 660.6636
3401, 625.346823204359, 168.624494196628, -133.734613262239, 18, 35, 2.030627, 661.3455
3402, 630.005332253928, 164.079378662367, -134.423979153892, 19, 35, 2.230592, 664.7545
3403, 632.041316656815, 158.815629916602, -134.561854800679, 20, 35, 2.475143, 665.4363
3404, 639.874097292757, 154.943306627124, -135.940598926268, 21, 35, 1.983074, 672.2545
3405, 648.987172781567, 151.250959737479, -137.595094345431, 22, 35, 1.918504, 680.4363
3406, 656.780321057553, 147.121217645233, -138.97383847102, 23, 35, 2.511038, 687.2545
3407, 659.327448560386, 141.745699060156, -139.249589764594, 24, 35, 1.81733, 688.6182
3408, 669.024599406995, 137.819186180301, -141.041960830545, 25, 35, 1.751912, 697.4818
3409, 669.530457108583, 131.928877698485, -140.904085183758, 26, 35, 2.039977, 696.8
3410, 677.859193079695, 127.521488237547, -142.420704956134, 27, 35, 2.141536, 704.3
3411, 694.048233439923, 124.394053272574, -145.591820147673, 28, 35, 2.296746, 719.9818
3412, 698.384008973693, 118.978738339207, -146.281186039325, 29, 35, 2.686502, 723.3909
3413, 699.381821976257, 112.965619797035, -146.281186039325, 30, 35, 2.604433, 723.3909
3414, 714.189608794652, 109.060908159304, -149.176562279574, 31, 35, 2.36033, 737.7091
3415, 728.319963538756, 104.814472935111, -151.934050530751, 32, 35, 2.58426, 751.3455
3416, 729.194802861773, 98.5443174675277, -151.934050530751, 33, 35, 2.936642, 751.3455
3417, 738.627682159645, 93.355342498028, -153.726421596702, 34, 35, 2.048093, 760.2091
3418, 742.056142973111, 87.309025838731, -154.277911841567, 35, 35, 2.441069, 762.9363
3419, 758.711187871524, 82.656956612617, -157.586902679894, 36, 35, 2.473959, 779.3
3420, 759.394264807318, 76.1261430497531, -157.586902679894, 37, 35, 1.918245, 779.3
3421, 762.680952253646, 69.8332353498736, -158.138405267042, 38, 35, 2.022914, 782.0273
3422, 762.58809475291, 63.2135796830751, -158.000529620255, 39, 35, 1.619022, 781.3455
3423, 774.424016743285, 57.4905071059158, -160.344390931071, 40, 35, 0.9483452, 792.9363
3424, 778.221517384428, 51.0439527605782, -161.033769165007, 41, 35, 1.284676, 796.3455
3425, 778.631882104818, 44.3464474727647, -161.033769165007, 42, 35, 1.127115, 796.3455
3426, 788.321922021363, 38.0968998275412, -162.964003535462, 43, 35, 1.267399, 805.8909
3427, 787.953367383525, 31.2864825269721, -162.826140230958, 44, 35, 1.609464, 805.2091
3428, 802.876402936065, 24.9624927577269, -165.85937977571, 45, 35, 1.325166, 820.2091
3429, 797.720903185744, 17.9337662348408, -164.756374601412, 46, 35, 1.131904, 814.7545
3430, 798.513348365128, 11.078982439387, -164.894250248199, 47, 35, 1.485055, 815.4363
3431, 805.924068949535, 4.24707733585389, -166.410870020575, 48, 35, 0.8258773, 822.9363
3432, 805.930780145801, -2.68704143123455, -166.410870020575, 49, 35, 1.412964, 822.9363
3433, 805.877831735037, -9.62096128814385, -166.410870020575, 50, 35, 1.214011, 822.9363
3434, 813.108735161121, -16.7050387780758, -167.927489792951, 51, 35, 0.8377358, 830.4363
3435, 822.946668782231, -23.9920784311613, -169.995612152476, 52, 35, 1.325702, 840.6636
3436, 819.373476615689, -30.9456062269817, -169.30623391854, 53, 35, 1.454703, 837.2545
3437, 819.076901293217, -37.9941376259335, -169.30623391854, 54, 35, 1.460547, 837.2545
3438, 820.053152762531, -45.1132134890494, -169.581985212115, 55, 35, 1.379729, 838.6182
3439, 814.303601319707, -51.8277639286647, -168.4789923801, 56, 35, 0.6601286, 833.1636
3440, 832.47536859047, -60.1799604878477, -172.339473463292, 57, 35, 0.8312902, 852.2545
3441, 821.277925662876, -66.478165601729, -170.133487799263, 58, 35, 0.8172889, 841.3455
3442, 820.675566930312, -73.54176722446, -170.133487799263, 59, 35, 0.4937005, 841.3455
3443, 826.657752933812, -81.253098289837, -171.512231924852, 60, 35, 0.7184963, 848.1636
3444, 829.911709701631, -88.7886313346126, -172.339473463292, 61, 35, 0.5735388, 852.2545
3445, 840.393343539493, -97.2303110282527, -174.683347116391, 62, 35, 0.4448938, 863.8455
3446, 850.127629689131, -105.776374973197, -176.88933278042, 63, 35, 1.068608, 874.7545
3447, 849.847986079095, -113.174882406465, -177.027208427207, 64, 35, 0.1640425, 875.4363
3448, 849.503915106089, -120.576401525033, -177.165084073995, 65, 35, 0.1869545, 876.1182
3449, 853.717244073337, -128.677009384161, -178.268076906009, 66, 35, -0.0001544952, 881.5727
3450, 844.665811215793, -134.755038851141, -176.613581486846, 67, 35, -0.5467587, 873.3909
3451, 844.792089614949, -142.23907194347, -176.88933278042, 68, 35, -0.174777, 874.7545
3452, 844.852016164769, -149.735236893744, -177.165084073995, 69, 35, -0.1148672, 876.1182
3453, 845.501856074041, -157.365126543928, -177.578711014356, 70, 35, -0.3485098, 878.1636
3454, 841.495077075699, -164.122480811659, -177.027208427207, 71, 35, -0.4379663, 875.4363
3455, 839.3975987674, -171.222952453385, -176.88933278042, 72, 35, -0.5854816, 874.7545
3456, 848.342793408938, -180.663892830513, -179.095330786732, 73, 35, -0.4304667, 885.6636
3457, 851.971923470058, -189.113690952939, -180.198323618747, 74, 35, -0.7262669, 891.1182
3458, 849.66270183158, -196.286536411183, -180.060447971959, 75, 35, -0.9688702, 890.4363
3459, 858.980248108786, -206.239704163373, -182.404321625059, 76, 35, -0.8468304, 902.0273
3460, 870.780227574218, -217.013414359911, -185.299685523024, 77, 35, -1.026974, 916.3455
3461, 872.759853496566, -225.499582596359, -186.126927061463, 78, 35, -1.014489, 920.4363
3462, 872.077501698203, -233.34543070094, -186.402678355038, 79, 35, -0.8330154, 921.8
3463, 871.324653794703, -241.196204465735, -186.678429648612, 80, 35, -0.9000206, 923.1636
3464, 875.63696015596, -250.520624231428, -188.057173774201, 81, 35, -0.4052486, 929.9818
3465, 879.212465610735, -259.747778819412, -189.298042253003, 82, 35, -0.4983654, 936.1182
3466, 877.583845865939, -267.497371227305, -189.43591789979, 83, 35, -1.071653, 936.8
3467, 878.435017036775, -276.038867655186, -190.125296133726, 84, 35, -1.089374, 940.2091
3468, 876.027536852446, -283.586477620131, -190.125296133726, 85, 35, -1.031449, 940.2091
3469, 873.555208098136, -291.113094891621, -190.125296133726, 86, 35, -0.7887592, 940.2091
3470, 867.859975458732, -297.535398121197, -189.43591789979, 87, 35, -0.45821, 936.8
3471, 865.897697239364, -305.213206878721, -189.573793546577, 88, 35, -0.6661949, 937.4818
3472, 863.867500613162, -312.879258611146, -189.711669193364, 89, 35, -0.2195873, 938.1636
3473, 858.640201156818, -319.369039107852, -189.160166606216, 90, 35, -0.1853981, 935.4363
3474, 855.860652083244, -326.744735839672, -189.160166606216, 91, 35, -0.3665171, 935.4363
3475, 848.665551483558, -332.391647131146, -188.195049420988, 92, 35, -0.208622, 930.6636
3476, 845.774328459934, -339.681042561394, -188.195049420988, 93, 35, -0.314095, 930.6636
3477, 834.793467636169, -343.640983279302, -186.402678355038, 94, 35, -0.4874158, 921.8
3478, 832.421229942356, -351.070093066199, -186.540554001825, 95, 35, -0.212636, 922.4818
3479, 817.722957161027, -353.188519986075, -183.920941397435, 96, 35, -0.1538062, 909.5273
3480, 812.211139354273, -359.13080051781, -183.369438810286, 97, 35, 0.6190143, 906.8
3481, 795.707476744047, -360.049558971571, -180.336199265534, 98, 35, 0.8790965, 891.8
3482, 793.18621785208, -367.162792224664, -180.474074912321, 99, 35, 0.2892241, 892.4818
3483, 785.169702560797, -371.687978517478, -179.371082080307, 100, 35, 0.5122318, 887.0273
3484, 781.94273426141, -378.429617669666, -179.371082080307, 101, 35, 0.6435318, 887.0273
3485, 755.315593431799, -373.597576110016, -173.993968882455, 102, 35, 1.58029, 860.4363
3486, 753.265210631649, -380.684654329258, -174.26972017603, 103, 35, 1.434574, 861.8
3487, 749.962018144514, -387.151462518659, -174.26972017603, 104, 35, 1.239878, 861.8
3488, 740.105833083909, -390.164313179927, -172.753100403654, 105, 35, 0.5869722, 854.3
3489, 730.25380191208, -393.036476449883, -171.236480631278, 106, 35, 0.8564796, 846.8
3490, 720.407613694071, -395.768250963776, -169.719860858902, 107, 35, 0.9261999, 839.3
3491, 707.65669739171, -396.727282228513, -167.51386285259, 108, 35, 0.8129411, 828.3909
3492, 703.057978139921, -402.138055451704, -167.238123901299, 109, 35, 0.9568255, 827.0273
3493, 692.074415622126, -403.797523719406, -165.445752835348, 110, 35, 0.7303224, 818.1636
3494, 683.410215686598, -406.663916424734, -164.204884356547, 111, 35, 0.641808, 812.0273
3495, 674.177435399433, -409.06495664893, -162.826140230958, 112, 35, 0.871675, 805.2091
3496, 670.63299341996, -414.850263705509, -162.826140230958, 113, 35, 0.9762254, 805.2091
3497, 659.131395347269, -415.618738246963, -160.89589351822, 114, 35, 0.7512784, 795.6636
3498, 660.024998828846, -424.162320972923, -161.998886350234, 115, 35, 0.6334014, 801.1182
3499, 656.351186866306, -429.825305340839, -161.998886350234, 116, 35, 0.6668272, 801.1182
3500, 643.186307279561, -429.156122243211, -159.655025039419, 117, 35, 1.348943, 789.5273
3501, 629.529942389682, -427.917277760173, -157.173275739532, 118, 35, 0.7959495, 777.2545
3502, 625.824952462539, -433.317751593556, -157.173275739532, 119, 35, 0.9937863, 777.2545
3503, 622.073635392106, -438.686148767981, -157.173275739532, 120, 35, 0.850512, 777.2545
3504, 605.801977301047, -435.063518778145, -154.002160547993, 121, 35, 0.7650042, 761.5727
3505, 602.03638121033, -440.259578853941, -154.002160547993, 122, 35, 0.9456086, 761.5727
3506, 591.263745309412, -440.238979006842, -152.209801824326, 123, 35, 0.8020551, 752.7091
3507, 585.857764661602, -444.099644414312, -151.796174883964, 124, 35, 1.043518, 750.6636
3508, 574.085591122003, -443.004761190702, -149.728052524439, 125, 35, 0.9652057, 740.4363
3509, 570.252844556313, -447.927647781384, -149.728052524439, 126, 35, 0.8293974, 740.4363
3510, 562.727125649645, -449.898605646142, -148.762935339212, 127, 35, 1.009478, 735.6636
3511, 555.209928786466, -451.77340134996, -147.797805811702, 128, 35, 1.145476, 730.8909
3512, 551.302437758361, -456.53356208725, -147.797805811702, 129, 35, 1.057633, 730.8909
3513, 560.119255496824, -472.017200865376, -151.244672296815, 130, 35, 0.7770646, 747.9363
3514, 561.106238913393, -481.165524266315, -152.623416422404, 131, 35, 0.5704776, 754.7545
3515, 556.945647446987, -485.975327439437, -152.623416422404, 132, 35, 0.6546128, 754.7545
3516, 565.227063992972, -501.832296768829, -156.070282907518, 133, 35, 0.5725359, 771.8
3517, 571.789425479977, -516.524097059928, -159.10352245227, 134, 35, 0.8504899, 786.8
3518, 564.866068546548, -519.165231279256, -158.414144218334, 135, 35, 0.3429685, 783.3909
3519, 570.620579058735, -533.583369184119, -161.309520458582, 136, 35, 0.2352254, 797.7091
3520, 566.008645902929, -538.47309113672, -161.309520458582, 137, 35, 0.2707682, 797.7091
3521, 587.743888636703, -568.864356414126, -168.892619320462, 138, 35, -0.1820149, 835.2091
3522, 593.770861336802, -584.675560398537, -172.063722169718, 139, 35, 0.1196022, 850.8909
3523, 591.548948356466, -592.598051072212, -172.890976050441, 140, 35, -0.0427866, 854.9818
3524, 607.005369676134, -618.636821698709, -178.957455139945, 141, 35, -0.2410078, 884.9818
3525, 526.366664062393, 228.556736116672, -123.697146252834, 1, 34, 1.838741, 587.0273
3526, 528.313624578866, 224.019554380457, -123.697146252834, 2, 34, 2.073468, 587.0273
3527, 536.995711822591, 222.269736490549, -125.277530375026, 3, 34, 2.152305, 594.5273
3528, 538.888187214151, 217.641337885237, -125.277530375026, 4, 34, 2.189363, 594.5273
3529, 548.182390270248, 215.92806881418, -127.001586950254, 5, 34, 0.3777666, 602.7091
3530, 558.730833821917, 214.548597222544, -129.012975570354, 6, 34, 1.188481, 612.2545
3531, 561.180324956503, 209.967046111288, -129.15664802339, 7, 34, 1.884014, 612.9363
3532, 566.723480023095, 206.500137876746, -130.018682741603, 8, 34, 2.046198, 617.0273
3533, 564.710113176515, 200.279818372081, -129.15664802339, 9, 34, 1.415543, 612.9363
3534, 570.192793036526, 196.718043203482, -130.018682741603, 10, 34, 1.934456, 617.0273
3535, 576.919486165346, 193.500529584156, -131.168049504689, 11, 34, 2.290953, 622.4818
3536, 584.266366745542, 190.388205659305, -132.46108872081, 12, 34, 1.890426, 628.6182
3537, 586.518263378701, 185.555325101411, -132.604761173846, 13, 34, 1.716425, 629.3
3538, 588.093024529918, 180.502206217852, -132.604761173846, 14, 34, 1.74213, 629.3
3539, 596.012559566556, 177.336491019888, -134.041472843003, 15, 34, 2.052153, 636.1182
3540, 612.886899857193, 176.631752795732, -137.489585993458, 16, 34, 2.205582, 652.4818
3541, 613.741896352911, 171.173037543283, -137.345913540423, 17, 34, 2.090685, 651.8
3542, 615.835437789192, 166.059753327676, -137.489585993458, 18, 34, 2.144601, 652.4818
3543, 625.626302344312, 162.938898622073, -139.357315021722, 19, 34, 2.553797, 661.3455
3544, 631.52991202154, 158.687127163455, -140.363009331772, 20, 34, 2.353295, 666.1182
3545, 632.224046626394, 153.090873232607, -140.219336878736, 21, 34, 2.478259, 665.4363
3546, 639.359814575771, 149.007237165703, -141.512376094858, 22, 34, 2.661714, 671.5727
3547, 656.227574250471, 146.997400318952, -144.960489245313, 23, 34, 2.568442, 687.9363
3548, 658.119639007944, 141.486037779989, -145.104161698349, 24, 34, 2.562361, 688.6182
3549, 659.965396581181, 135.952988790844, -145.247834151385, 25, 34, 2.403473, 689.3
3550, 665.034256046306, 131.042915374061, -146.109856008399, 26, 34, 2.405787, 693.3909
3551, 670.067248120601, 126.055637471499, -146.971890726612, 27, 34, 2.599472, 697.4818
3552, 684.904151459928, 122.755162247219, -149.988986517962, 28, 34, 2.511448, 711.8
3553, 685.934954761987, 116.857881125133, -149.988986517962, 29, 34, 2.641972, 711.8
3554, 698.758624284533, 112.864959597856, -152.575064950204, 30, 34, 2.716531, 724.0727
3555, 700.362698816011, 106.949458565614, -152.71873740324, 31, 34, 2.570436, 724.7545
3556, 718.409492523738, 103.388230558161, -156.454195459767, 32, 34, 2.522505, 742.4818
3557, 716.630385764765, 96.8463460854735, -155.879505647624, 33, 34, 2.360502, 739.7545
3558, 736.613349989688, 93.1007505375949, -160.045981063258, 34, 34, 2.312021, 759.5273
3559, 737.38710052268, 86.7596744833019, -160.045981063258, 35, 34, 2.046954, 759.5273
3560, 746.719871332843, 81.3505758096048, -161.913697230322, 36, 34, 1.620561, 768.3909
3561, 752.034487486558, 75.3883557275422, -162.919404401571, 37, 34, 1.676268, 773.1636
3562, 748.009107104474, 68.4898395140506, -161.913697230322, 38, 34, 1.573266, 768.3909
3563, 748.570689955413, 62.0516282426928, -161.913697230322, 39, 34, 1.781104, 768.3909
3564, 763.699824456775, 56.6943809017653, -165.074465474707, 40, 34, 1.065189, 783.3909
3565, 767.484769398901, 50.3397238942042, -165.792827739885, 41, 34, 1.445101, 786.8
3566, 771.216653963903, 43.9241182144755, -166.511190005063, 42, 34, 0.9477465, 790.2091
3567, 777.557600786399, 37.5766970317743, -167.804229221184, 43, 34, 2.114058, 796.3455
3568, 785.177950623279, 31.1762818075275, -169.384613343376, 44, 34, 1.919842, 803.8455
3569, 778.089060762319, 24.1918213975615, -167.804229221184, 45, 34, 1.65094, 796.3455
3570, 784.931805150491, 17.6462512736523, -169.240940890341, 46, 34, 0.7790092, 803.1636
3571, 796.384116238835, 11.0494403842856, -171.683346869548, 47, 34, 1.544892, 814.7545
3572, 789.118206230476, 4.15851341102084, -170.102962747355, 48, 34, 1.474444, 807.2545
3573, 804.454410707531, -2.68211909057433, -173.407403444776, 49, 34, 1.194697, 822.9363
3574, 803.735092099946, -9.5953802208059, -173.26373099174, 50, 34, 0.9957744, 822.2545
3575, 804.289161471046, -16.523843675714, -173.407403444776, 51, 34, 0.739316, 822.9363
3576, 804.783457179383, -23.4625505603187, -173.551075897811, 52, 34, 0.7394481, 823.6182
3577, 809.880063264114, -30.5870646830923, -174.700442660897, 53, 34, 1.401952, 829.0727
3578, 809.586924118436, -37.5539304875363, -174.700442660897, 54, 34, 1.301101, 829.0727
3579, 813.892413553581, -44.7742955271497, -175.706149832146, 55, 34, 1.459133, 833.8455
3580, 812.811893867805, -51.7328216226961, -175.56247737911, 56, 34, 1.406419, 833.1636
3581, 812.336713600816, -58.7241294719609, -175.56247737911, 57, 34, 1.416355, 833.1636
3582, 819.773442077381, -66.356385500479, -177.286533954338, 58, 34, 1.149104, 841.3455
3583, 819.172186794451, -73.407047444249, -177.286533954338, 59, 34, 1.072833, 841.3455
3584, 825.143414143923, -81.1042522672815, -178.723245623495, 60, 34, 0.9754691, 848.1636
3585, 828.39141004954, -88.6259811108001, -179.585267480509, 61, 34, 0.9336171, 852.2545
3586, 832.89501894765, -96.3627834141177, -180.734647104794, 62, 34, 0.5659256, 857.7091
3587, 832.035110735942, -103.525229377915, -180.734647104794, 63, 34, 0.7594695, 857.7091
3588, 822.524803448036, -109.536234045942, -178.86691807653, 64, 34, 0.9069109, 848.8455
3589, 847.947724861406, -120.35551988287, -184.613764753158, 65, 34, 0.2041483, 876.1182
3590, 846.221761941739, -127.547248645132, -184.470092300122, 66, 34, 0.3042655, 875.4363
3591, 832.587542338853, -132.828113941722, -181.740341414844, 67, 34, 0.2806559, 862.4818
3592, 842.5872674702, -141.867842312505, -184.182747394051, 68, 34, -0.408011, 874.0727
3593, 835.428963015969, -148.065165604925, -182.88970817793, 69, 34, -0.3283176, 867.9363
3594, 834.124127134945, -155.247499312928, -182.88970817793, 70, 34, -0.2414784, 867.9363
3595, 839.299369705499, -163.694237140898, -184.326419847086, 71, 34, -0.2427993, 874.7545
3596, 837.859922093539, -170.909292347133, -184.326419847086, 72, 34, -0.1942782, 874.7545
3597, 846.136834122469, -180.19410963059, -186.481493781421, 73, 34, -0.4190574, 884.9818
3598, 845.856527828041, -187.756245936689, -186.768838687492, 74, 34, -0.7752919, 886.3455
3599, 840.962760398963, -194.276701959103, -186.050476422314, 75, 34, -0.523015, 882.9363
3600, 839.260127628301, -201.50493660275, -186.050476422314, 76, 34, -0.6125765, 882.9363
3601, 840.729033859083, -209.524139859639, -186.768838687492, 77, 34, -0.7171869, 886.3455
3602, 870.51573863106, -224.919758761151, -193.808724580241, 78, 34, -0.9422731, 919.7545
3603, 870.479959324804, -232.91796959518, -194.239741939347, 79, 34, -0.7818699, 921.8
3604, 869.728490549219, -240.754361675173, -194.527086845418, 80, 34, -0.3640099, 923.1636
3605, 868.265715681127, -248.411703695606, -194.670759298454, 81, 34, -0.1121264, 923.8455
3606, 871.209877590425, -257.383555671553, -195.82012606154, 82, 34, -0.7671146, 929.3
3607, 854.937077830135, -260.594383045709, -192.659357817155, 83, 34, 0.005078316, 914.3
3608, 853.935066209968, -268.340018505646, -192.946702723226, 84, 34, 0.1238375, 915.6636
3609, 854.131141312359, -276.49820536547, -193.521379674169, 85, 34, -0.4592838, 918.3909
3610, 851.088338288059, -283.625989391811, -193.377720082333, 86, 34, -0.5802269, 917.7091
3611, 851.138498466763, -291.802640009671, -193.952397033276, 87, 34, -0.0939188, 920.4363
3612, 848.596401197663, -299.114814349348, -193.952397033276, 88, 34, -0.2870808, 920.4363
3613, 855.391597686136, -309.809419518941, -196.107470967611, 89, 34, -0.07135963, 930.6636
3614, 853.943821026023, -317.622232462139, -196.394815873682, 90, 34, 0.2536077, 932.0273
3615, 846.198038142302, -323.055807937718, -195.245436249397, 91, 34, 0.4171739, 926.5727
3616, 844.007840825564, -330.567390078689, -195.389108702433, 92, 34, -0.3314862, 927.2545
3617, 838.658553203025, -336.823195170471, -194.814431751489, 93, 34, 0.3714752, 924.5273
3618, 835.729572677586, -344.026328959829, -194.814431751489, 94, 34, 0.2922716, 924.5273
3619, 830.896333147335, -350.426974365609, -194.383414392383, 95, 34, 0.08599329, 922.4818
3620, 806.434960435752, -348.313041289905, -189.354917119735, 96, 34, 0.4944649, 898.6182
3621, 803.408316942993, -355.238506376298, -189.354917119735, 97, 34, 0.278698, 898.6182
3622, 792.428109259156, -358.565678461271, -187.487188091471, 98, 34, 1.318266, 889.7545
3623, 782.660417454229, -362.290440464771, -185.906803969279, 99, 34, 0.8685417, 882.2545
3624, 772.285360324908, -365.588717294629, -184.182747394051, 100, 34, 0.8711956, 874.0727
3625, 766.711606151056, -371.058348988562, -183.608070443108, 101, 34, 1.064105, 871.3455
3626, 754.529372919971, -373.208692204982, -181.452996508773, 102, 34, 1.870921, 861.1182
3627, 750.695591502061, -379.38602197999, -181.309324055737, 103, 34, 2.072285, 860.4363
3628, 736.15093196801, -380.021791838224, -178.579573170459, 104, 34, 1.271043, 847.4818
3629, 738.160444739962, -389.138755654023, -179.872612386581, 105, 34, 0.8069151, 853.6182
3630, 728.329157380836, -392.000596180587, -178.292228264388, 106, 34, 1.007405, 846.1182
3631, 709.741295744044, -389.908526664557, -174.556770207861, 107, 34, 0.8586473, 828.3909
3632, 706.360354397307, -396.000524981813, -174.556770207861, 108, 34, 0.775393, 828.3909
3633, 702.92712421609, -402.063209074714, -174.556770207861, 109, 34, 1.185591, 828.3909
3634, 697.139152242112, -406.752593375612, -173.982093256918, 110, 34, 0.9710923, 825.6636
3635, 687.313243934771, -408.986417196432, -172.401709134726, 111, 34, 0.9441944, 818.1636
3636, 673.51219621967, -408.661315082271, -169.815617841284, 112, 34, 1.314049, 805.8909
3637, 669.971251689907, -414.440913533491, -169.815617841284, 113, 34, 0.9117798, 805.8909
3638, 657.923944941021, -414.857374097291, -167.660556768148, 114, 34, 1.080228, 795.6636
3639, 654.330268092996, -420.502625945432, -167.660556768148, 115, 34, 1.279006, 795.6636
3640, 639.53644027672, -418.813816778436, -164.787133429835, 116, 34, 1.377942, 782.0273
3641, 632.5828334977, -422.081118252878, -163.925098711622, 117, 34, 1.085505, 777.9363
3642, 621.210842048513, -422.26244463517, -161.913697230322, 118, 34, 1.162205, 768.3909
3643, 613.17101454156, -424.556234643573, -160.764330467237, 119, 34, 1.2732, 762.9363
3644, 605.682722984157, -427.127282051979, -159.758636157187, 120, 34, 1.036931, 758.1636
3645, 601.444041451707, -431.933818023998, -159.614963704151, 121, 34, 0.9060934, 757.4818
3646, 597.167527718243, -436.699064149467, -159.471291251116, 122, 34, 1.153312, 756.8
3647, 589.646019227061, -439.034463958428, -158.465596941066, 123, 34, 1.226321, 752.0273
3648, 586.378012778263, -444.49400976637, -158.609269394101, 124, 34, 1.019692, 752.7091
3649, 573.033934524981, -442.193229100674, -156.02317810066, 125, 34, 0.9945939, 740.4363
3650, 566.063356366668, -444.636848606756, -155.161156243645, 126, 34, 1.086718, 736.3455
3651, 562.216864670195, -449.490653562963, -155.161156243645, 127, 34, 0.9964272, 736.3455
3652, 557.294778388808, -453.46984002535, -154.873811337574, 128, 34, 1.386931, 734.9818
3653, 550.292517191482, -455.697246841308, -154.011776619361, 129, 34, 0.9185106, 730.8909
3654, 546.861121478158, -460.844459977119, -154.155449072396, 130, 34, 1.051464, 731.5727
3655, 552.489067004489, -473.776039438504, -156.885212818873, 131, 34, 0.5207312, 744.5273
3656, 555.925389190417, -485.085078377285, -159.040273892009, 132, 34, 0.9607189, 754.7545
3657, 553.226521584818, -491.177711836869, -159.471291251116, 133, 34, 0.7707279, 756.8
3658, 548.980079505364, -495.919349386998, -159.471291251116, 134, 34, 0.6834819, 756.8
3659, 563.831301019532, -518.214182256492, -165.074465474707, 135, 34, 0.1449497, 783.3909
3660, 559.838683168865, -523.50129267612, -165.218137927743, 136, 34, 0.7213628, 784.0727
3661, 564.488888515664, -537.027267889987, -167.94790167422, 137, 34, 0.1004329, 797.0273
3662, 573.257360344736, -554.843164951634, -171.970691775619, 138, 34, -0.5864453, 816.1182
3663, 568.462415827754, -559.754786200382, -171.970691775619, 139, 34, -0.03914309, 816.1182
3664, 590.465300963776, -591.512481847988, -180.159957292652, 140, 34, -0.04617119, 854.9818
3665, 585.35422624395, -596.57079851645, -180.159957292652, 141, 34, -0.1626215, 854.9818
3666, 521.089518087329, 226.26531581516, -127.632453167287, 1, 33, 1.226854, 582.2545
3667, 527.304152366151, 223.591510308279, -128.678662050281, 2, 33, 1.524061, 587.0273
3668, 535.354982478428, 221.590616581487, -130.1732327897, 3, 33, 1.555573, 593.8455
3669, 540.942624950619, 218.471065810576, -131.069969881694, 4, 33, -0.6940632, 597.9363
3670, 541.564362207556, 213.321239327683, -130.771053057981, 5, 33, 2.239004, 596.5727
3671, 543.379677952635, 208.653864449394, -130.771053057981, 6, 33, 1.842479, 596.5727
3672, 552.008353138346, 206.53532952389, -132.415082209257, 7, 33, 1.744034, 604.0727
3673, 554.389938863665, 202.006097944207, -132.564540621113, 8, 33, 1.561997, 604.7545
3674, 563.631096583018, 199.897134863634, -134.358028184244, 9, 33, 1.527065, 612.9363
3675, 571.618712403164, 197.20998921016, -135.852598923663, 10, 33, 1.910079, 619.7545
3676, 573.294298735258, 192.284630824649, -135.852598923663, 11, 33, 1.795394, 619.7545
3677, 583.14998315327, 190.024422492829, -137.795544898651, 12, 33, 2.127976, 628.6182
3678, 585.397576987918, 185.200776333602, -137.945003310507, 13, 33, 2.04921, 629.3
3679, 586.969329173343, 180.157312667821, -137.945003310507, 14, 33, 1.689448, 629.3
3680, 589.772862241171, 175.479942846617, -138.24392013422, 15, 33, 1.662332, 630.6636
3681, 597.013780362201, 172.057178075029, -139.589032461783, 16, 33, 2.126034, 636.8
3682, 612.569192562352, 170.845969648519, -142.877090764333, 17, 33, 2.161824, 651.8
3683, 614.658733776402, 165.742455611252, -143.026549176189, 18, 33, 2.223867, 652.4818
3684, 625.718422730688, 162.962890571006, -145.26841197489, 19, 33, 2.061334, 662.7091
3685, 630.323219882581, 158.383916649974, -146.015690655027, 20, 33, 1.944187, 666.1182
3686, 635.541918531189, 153.894284475645, -146.912441126165, 21, 33, 2.446841, 670.2091
3687, 636.84246179846, 148.420550649336, -146.912441126165, 22, 33, 2.473721, 670.2091
3688, 639.394112169986, 143.226642640832, -147.211344570734, 23, 33, 2.301853, 671.5727
3689, 651.008769594962, 139.957305496707, -149.60266578129, 24, 33, 2.16996, 682.4818
3690, 663.265232891706, 136.632755656289, -152.14343202456, 25, 33, 2.598574, 694.0727
3691, 663.763545675136, 130.792525878903, -151.993973612703, 26, 33, 2.595181, 693.3909
3692, 669.4406940132, 125.937767694039, -153.040182495697, 27, 33, 2.546994, 698.1636
3693, 674.428235374969, 120.877567001291, -153.936919587691, 28, 33, 2.305026, 702.2545
3694, 684.624308501228, 116.634595602398, -156.029323974535, 29, 33, 3.22942, 711.8
3695, 698.080204740872, 112.75537984925, -158.869007041517, 30, 33, 2.910481, 724.7545
3696, 702.312573903639, 107.247215835161, -159.616299100798, 31, 33, 2.571761, 728.1636
3697, 714.402965805078, 102.811640587626, -162.157065344067, 32, 33, 2.574075, 739.7545
3698, 714.601839983349, 96.5722058163756, -162.007606932211, 33, 33, 2.4197, 739.0727
3699, 714.746282201978, 90.3369662223626, -161.858148520355, 34, 33, 2.312246, 738.3909
3700, 730.692672063407, 85.9720197581696, -165.295665234762, 35, 33, 1.920613, 754.0727
3701, 735.373276860964, 80.1144335436733, -166.192415705899, 36, 33, 1.701436, 758.1636
3702, 740.668747968429, 74.2489872169795, -167.23861120975, 37, 33, 1.414908, 762.9363
3703, 745.917442367846, 68.2983207467413, -168.284820092743, 38, 33, 1.810276, 767.7091
3704, 746.477454859501, 61.8781127046962, -168.284820092743, 39, 33, 1.729352, 767.7091
3705, 761.577233208477, 56.5368072152513, -171.572878395294, 40, 33, 1.707707, 782.7091
3706, 762.035473075894, 49.9823017234258, -171.572878395294, 41, 33, 1.8241, 782.7091
3707, 765.093902508873, 43.5754010837882, -172.170698663575, 42, 33, 2.189676, 785.4363
3708, 776.071887082906, 37.5048975745306, -174.562019874132, 43, 33, 1.986537, 796.3455
3709, 776.365844849512, 30.8263882672127, -174.562019874132, 44, 33, 1.84823, 796.3455
3710, 776.60233157474, 24.1455970142792, -174.562019874132, 45, 33, 1.730097, 796.3455
3711, 776.116256651316, 17.4480666888122, -174.412561462276, 46, 33, 1.642761, 795.6636
3712, 786.880363921277, 10.9175804657882, -176.803869293689, 47, 33, 1.753888, 806.5727
3713, 787.610403166771, 4.15056755549237, -176.953327705545, 48, 33, 1.916051, 807.2545
3714, 796.264989142429, -2.65481486596177, -178.896273680533, 49, 33, 1.434861, 816.1182
3715, 802.199359905825, -9.57704590336129, -180.241386008095, 50, 33, 1.019619, 822.2545
3716, 802.752370592067, -16.4922708366619, -180.390844419952, 51, 33, 0.7005609, 822.9363
3717, 796.596195192529, -23.2238602062818, -179.045732092389, 52, 33, 1.3752, 816.8
3718, 793.707829977806, -29.9762814720515, -178.447898444964, 53, 33, 1.571004, 814.0727
3719, 794.085071028939, -36.8348532692563, -178.59735685682, 54, 33, 1.461318, 814.7545
3720, 796.395709304754, -43.8117572435359, -179.195190504245, 55, 33, 1.468928, 817.4818
3721, 795.325389619096, -50.6198627549336, -179.045732092389, 56, 33, 1.605634, 816.8
3722, 810.784545907995, -58.6119226800859, -182.632707218652, 57, 33, 1.697772, 833.1636
3723, 796.325851982447, -64.4584253476667, -179.494107327958, 58, 33, 1.399819, 818.8455
3724, 807.668225718585, -72.3761630586384, -182.184331983083, 59, 33, 1.321635, 831.1182
3725, 803.705431390971, -78.9970894014165, -181.437053302945, 60, 33, 1.195462, 827.7091
3726, 803.657420651163, -85.9797995465994, -181.586498335658, 61, 33, 1.118836, 828.3909
3727, 812.139530260172, -93.9614523753361, -183.678902722502, 62, 33, 0.8944502, 837.9363
3728, 819.22280067989, -101.931069083116, -185.472390285634, 63, 33, 0.8394251, 846.1182
3729, 820.953168921269, -109.326938318157, -186.070223933059, 64, 33, 1.383675, 848.8455
3730, 819.982162486694, -116.386159862504, -186.070223933059, 65, 33, 1.3397, 848.8455
3731, 815.66140142893, -122.94102120415, -185.322931873777, 66, 33, 0.7847195, 845.4363
3732, 825.741270727715, -131.735883636323, -187.86371149619, 67, 33, 0.9964695, 857.0273
3733, 824.577286320881, -138.835471347045, -187.86371149619, 68, 33, 0.8812189, 857.0273
3734, 833.832671940693, -147.782250943263, -190.255019327603, 69, 33, -0.02239799, 867.9363
3735, 832.530329267307, -154.950861048536, -190.255019327603, 70, 33, 0.08437014, 867.9363
3736, 829.207542800209, -161.725959829789, -189.806644092034, 71, 33, -0.205689, 865.8909
3737, 827.133643061022, -168.721312339228, -189.657199059322, 72, 33, -0.1221533, 865.2091
3738, 831.507190091198, -177.078566642603, -191.002311386884, 73, 33, -0.4240332, 871.3455
3739, 829.303441363673, -184.081928518822, -190.852852975028, 74, 33, -0.3137712, 870.6636
3740, 833.522424487684, -192.557857807638, -192.197965302591, 75, 33, -0.2207861, 876.8
3741, 831.834855594216, -199.722141351038, -192.197965302591, 76, 33, -0.2822857, 876.8
3742, 826.858222396767, -206.067294997916, -191.45067324331, 77, 33, 0.1153302, 873.3909
3743, 853.394374013883, -220.496021166914, -198.026789848411, 78, 33, -0.1269403, 903.3909
3744, 828.331109775915, -221.640025338641, -192.64634053816, 79, 33, 0.02326202, 878.8455
3745, 846.268393836243, -234.260242337535, -197.279511168273, 80, 33, -0.08708906, 899.9818
3746, 845.500716513639, -241.898614297174, -197.578427991985, 81, 33, -0.2332363, 901.3455
3747, 851.043914798418, -251.425878491283, -199.371915555117, 82, 33, 0.1005015, 909.5273
3748, 851.394501812304, -259.514566254861, -199.969735823398, 83, 33, 0.3305864, 912.2545
3749, 852.303414704692, -267.827289362125, -200.71702788268, 84, 33, -0.1039505, 915.6636
3750, 851.866266863994, -275.765023199334, -201.165403118248, 85, 33, -0.227582, 917.7091
3751, 849.46212615175, -283.084052667535, -201.165403118248, 86, 33, -0.07461929, 917.7091
3752, 850.1414763437, -291.460822916234, -201.912681798386, 87, 33, -0.05630016, 921.1182
3753, 846.34754414875, -298.32213309624, -201.613764974674, 88, 33, 0.2030678, 919.7545
3754, 843.749532179714, -305.592846003018, -201.613764974674, 89, 33, 0.04335642, 919.7545
3755, 834.854034878069, -310.521835053966, -200.119194235255, 90, 33, 0.7251229, 912.9363
3756, 832.151485246584, -317.693209243413, -200.119194235255, 91, 33, 0.8283401, 912.9363
3757, 836.820384469956, -327.752322997732, -201.912681798386, 92, 33, 0.6605921, 921.1182
3758, 814.832911257074, -327.254308265814, -197.279511168273, 93, 33, 0.6651888, 899.9818
3759, 811.371981595434, -333.999577584441, -197.130052756417, 94, 33, 0.7687254, 899.3
3760, 807.855346971148, -340.709537003072, -196.98059434456, 95, 33, 0.5999126, 898.6182
3761, 804.894069483771, -347.647504154101, -196.98059434456, 96, 33, 0.6105981, 898.6182
3762, 801.264790335093, -354.29071535334, -196.831135932704, 97, 33, 0.490221, 897.9363
3763, 784.247137476605, -354.86387174416, -193.393619218297, 98, 33, 0.892849, 882.2545
3764, 781.164953573202, -361.598196094066, -193.393619218297, 99, 33, 1.133358, 882.2545
3765, 770.809720524484, -364.890170760484, -191.600131655166, 100, 33, 0.9783692, 874.0727
3766, 756.863443592573, -366.29222452898, -188.90990700004, 101, 33, 0.8155272, 861.8
3767, 750.106281718615, -371.020923057741, -188.013169908046, 102, 33, 1.600486, 857.7091
3768, 737.980502332471, -372.960078956241, -185.771307109346, 103, 33, 1.366521, 847.4818
3769, 734.744335818273, -379.295667390094, -185.771307109346, 104, 33, 1.436702, 847.4818
3770, 727.334501342149, -383.431603269165, -184.725111605496, 105, 33, 0.9234893, 842.7091
3771, 711.707204164738, -383.05434501878, -181.586498335658, 106, 33, 1.229032, 828.3909
3772, 708.385161654485, -389.163511194849, -181.586498335658, 107, 33, 1.415752, 828.3909
3773, 693.985593702467, -389.062972921913, -178.746815268676, 108, 33, 1.081867, 815.4363
3774, 691.189963244616, -395.349738441638, -178.896273680533, 109, 33, 1.088396, 816.1182
3775, 678.569562004661, -395.917986019658, -176.50496584912, 110, 33, 1.198526, 805.2091
3776, 675.138070583979, -401.741568400883, -176.50496584912, 111, 33, 1.18722, 805.2091
3777, 661.988140422607, -401.668960937027, -173.964186226707, 112, 33, 1.146134, 793.6182
3778, 658.507782831825, -407.349668209423, -173.964186226707, 113, 33, 1.204728, 793.6182
3779, 654.415964784961, -412.645398918216, -173.814727814851, 114, 33, 1.213151, 792.9363
3780, 644.685455650311, -414.304427334323, -172.170698663575, 115, 33, 1.273494, 785.4363
3781, 634.975298131073, -415.826857426972, -170.5266695123, 116, 33, 1.076961, 777.9363
3782, 631.374129495101, -421.274629189251, -170.5266695123, 117, 33, 1.10446, 777.9363
3783, 620.023867013021, -421.455609103203, -168.434265125456, 118, 33, 1.278336, 768.3909
3784, 608.170913523549, -421.094192226856, -166.192415705899, 119, 33, 1.240671, 758.1636
3785, 603.981762784404, -425.927765408315, -166.042957294043, 120, 33, 1.333118, 757.4818
3786, 600.294835716511, -431.108502971079, -166.042957294043, 121, 33, 1.318689, 757.4818
3787, 589.045826288954, -430.759793762439, -163.950552907199, 122, 33, 1.098423, 747.9363
3788, 575.713540143513, -428.660717190705, -161.260328252073, 123, 33, 1.231266, 735.6636
3789, 571.474004014241, -433.196276098415, -161.110869840217, 124, 33, 1.189959, 734.9818
3790, 566.672414618519, -437.28423355967, -160.811953016505, 125, 33, 1.079697, 733.6182
3791, 564.981754071547, -443.787261311377, -161.40978666393, 126, 33, 1.137136, 736.3455
3792, 559.583831395043, -447.385551560383, -160.961411428361, 127, 33, 1.287819, 734.3
3793, 555.713930397335, -452.183506627663, -160.961411428361, 128, 33, 1.222878, 734.3
3794, 544.629776792369, -451.007931379373, -158.869007041517, 129, 33, 0.9278023, 724.7545
3795, 545.816209742659, -459.963904081743, -160.363577780936, 130, 33, 0.5772115, 731.5727
3796, 541.838597442708, -464.642940543898, -160.363577780936, 131, 33, 0.8878946, 731.5727
3797, 546.342038989008, -476.722912745063, -162.904357403349, 132, 33, 0.7704, 743.1636
3798, 552.169447197759, -490.239196855357, -165.893498882187, 133, 33, 0.5825108, 756.8
3799, 547.93111898303, -494.97177434887, -165.893498882187, 134, 33, 0.7427932, 756.8
3800, 560.305044735903, -514.973219909876, -170.975044747869, 135, 33, 0.817204, 779.9818
3801, 555.853610282982, -519.774878496664, -170.975044747869, 136, 33, 0.7391281, 779.9818
3802, 563.892268727926, -536.459672847646, -174.860936697844, 137, 33, 0.4521327, 797.7091
3803, 569.771998848844, -551.469760374293, -178.148995000395, 138, 33, -0.08415651, 812.7091
3804, 565.480177748934, -556.818229637047, -178.298440033108, 139, 33, 0.2512336, 813.3909
3805, 560.668528143656, -561.662864921945, -178.298440033108, 140, 33, 0.1916218, 813.3909
3806, 584.235764030412, -595.430904302101, -187.415336260621, 141, 33, -0.195467, 854.9818
3807, 515.789760623746, 223.964077247471, -131.477213154139, 1, 32, 1.475444, 577.4818
3808, 517.697598576449, 219.518066431422, -131.477213154139, 2, 32, 1.440764, 577.4818
3809, 526.92839572116, 218.102739161208, -133.339996294898, 3, 32, 2.011873, 585.6636
3810, 534.941403362291, 216.047346147724, -134.89231326285, 4, 32, 0.7422072, 592.4818
3811, 536.780418957739, 211.436852587824, -134.89231326285, 5, 32, 1.314671, 592.4818
3812, 542.298404957618, 208.238663443377, -135.82369788519, 6, 32, -1.805528, 596.5727
3813, 551.531728206086, 206.356999093048, -137.686481025949, 7, 32, 1.872672, 604.7545
3814, 553.910553493276, 201.831421671614, -137.841714112352, 8, 32, 2.308899, 605.4363
3815, 555.626556860728, 197.058248638072, -137.841714112352, 9, 32, 2.319094, 605.4363
3816, 564.20514585592, 194.65228886364, -139.549264166707, 10, 32, 1.052913, 612.9363
3817, 572.15349853869, 191.902003010059, -141.101581134659, 11, 32, 1.852726, 619.7545
3818, 574.414645084318, 187.177937677968, -141.256814221062, 12, 32, 1.703185, 620.4363
3819, 576.003814762648, 182.228895128072, -141.256814221062, 13, 32, 1.713711, 620.4363
3820, 582.627844503678, 178.824789532111, -142.498665016208, 14, 32, 1.543697, 625.8909
3821, 583.508551771791, 173.616071323327, -142.343445825883, 15, 32, 1.487457, 625.2091
3822, 588.170407568065, 169.508550526262, -143.119597361821, 16, 32, 1.858226, 628.6182
3823, 611.350239126345, 170.50600269579, -148.397480611289, 17, 32, 1.860614, 651.8
3824, 612.79460071008, 165.239792954691, -148.397480611289, 18, 32, 1.77278, 651.8
3825, 614.836084817996, 160.12868084024, -148.552713697693, 19, 32, 2.235612, 652.4818
3826, 623.273886589568, 156.612601582561, -150.260263752048, 20, 32, 1.912989, 659.9818
3827, 624.598271626841, 151.244318107115, -150.260263752048, 21, 32, 1.977988, 659.9818
3828, 636.868328284885, 148.426579013317, -152.899198428743, 22, 32, 2.353519, 671.5727
3829, 638.769641953908, 143.086759006036, -153.054431515146, 23, 32, 2.145193, 672.2545
3830, 648.415151437172, 139.399715759356, -155.072447742308, 24, 32, 2.465478, 681.1182
3831, 650.240774138852, 133.949714842322, -155.227680828711, 25, 32, 2.800855, 681.8
3832, 657.231643872316, 129.505435105162, -156.62476471026, 26, 32, 2.430346, 687.9363
3833, 668.1085717908, 125.687163718982, -158.953247110227, 27, 32, 2.710351, 698.1636
3834, 673.739692428164, 120.754159658864, -160.039864818971, 28, 32, 2.921794, 702.9363
3835, 674.753692851731, 114.953008708198, -160.039864818971, 29, 32, 2.974685, 702.9363
3836, 680.305702637936, 109.884404963217, -161.126496423792, 30, 32, 1.776525, 707.7091
3837, 693.039387936141, 105.831146389888, -163.92066418689, 31, 32, 1.500156, 719.9818
3838, 693.924280288782, 99.8644982103045, -163.92066418689, 32, 32, 1.363635, 719.9818
3839, 704.626793933406, 95.2241653464751, -166.249146586858, 33, 32, 2.762495, 730.2091
3840, 705.419997690373, 89.1582147270636, -166.249146586858, 34, 32, 2.67606, 730.2091
3841, 718.688876914119, 84.559674249307, -169.198547436359, 35, 32, 2.381071, 743.1636
3842, 730.60989434421, 79.5954920698812, -171.837482113055, 36, 32, 1.879098, 754.7545
3843, 735.231309643743, 73.7039064507529, -172.768880631473, 37, 32, 2.701958, 758.8455
3844, 739.805076923727, 67.7386551967596, -173.700265253813, 38, 32, 1.342869, 762.9363
3845, 740.36050043434, 61.3710570758014, -173.700265253813, 39, 32, 1.078651, 762.9363
3846, 748.80620454184, 55.5887310987631, -175.563048394571, 40, 32, 2.278156, 771.1182
3847, 760.519096200362, 49.8828417780596, -178.201996967345, 41, 32, 2.336909, 782.7091
3848, 763.571439654628, 43.48869025092, -178.822915416879, 42, 32, 1.437742, 785.4363
3849, 769.222431418229, 37.1738868300098, -180.064766212025, 43, 32, 2.301161, 790.8909
3850, 770.177189415749, 30.5806614664797, -180.219999298428, 44, 32, 2.407196, 791.5727
3851, 774.393371341535, 24.0769175094117, -181.151397816846, 45, 32, 2.169951, 795.6636
3852, 774.571860378581, 17.4133467239491, -181.151397816846, 46, 32, 2.287696, 795.6636
3853, 751.458317405129, 10.4261168827147, -175.718281480974, 47, 32, 1.938528, 771.8
3854, 786.043134654362, 4.1423083275642, -183.790332493542, 48, 32, 1.827447, 807.2545
3855, 762.812879420958, -2.54328270091959, -178.35721615767, 49, 32, 2.42979, 783.3909
3856, 762.762763789851, -9.10623264901098, -178.35721615767, 50, 32, 1.800174, 783.3909
3857, 773.276561650024, -15.8867004988959, -180.84093164404, 51, 32, 1.884364, 794.3
3858, 775.765797074651, -22.6165735322426, -181.461863989652, 52, 32, 1.841631, 797.0273
3859, 790.138154400291, -29.8414641049625, -184.876964098363, 53, 32, 1.477432, 812.0273
3860, 791.178510049233, -36.7000279827578, -185.187416375091, 54, 32, 2.041306, 813.3909
3861, 786.856037962469, -43.2869556152146, -184.256031752751, 55, 32, 1.719965, 809.3
3862, 787.117061154357, -50.0974294644139, -184.411264839154, 56, 32, 1.73827, 809.9818
3863, 787.319091784335, -56.9155960916101, -184.566497925557, 57, 32, 2.099531, 810.6636
3864, 794.741240569988, -64.3301593166434, -186.429281066315, 58, 32, 1.610867, 818.8455
3865, 794.158344924767, -71.1655256903475, -186.429281066315, 59, 32, 1.54708, 818.8455
3866, 801.44540199543, -78.7749486303876, -188.292064207074, 60, 32, 1.607943, 827.0273
3867, 801.398129106058, -85.7380878057832, -188.447297293477, 61, 32, 1.471208, 827.7091
3868, 799.31176275169, -92.4773285013954, -188.136831120671, 62, 32, 1.648804, 826.3455
3869, 803.757164983158, -100.006771102994, -189.378681915817, 63, 32, 1.467216, 831.8
3870, 818.661444089139, -109.021747633902, -193.104248197333, 64, 32, 1.219514, 848.1636
3871, 818.350477304737, -116.154562663052, -193.259481283737, 65, 32, 1.733488, 848.8455
3872, 814.038314143507, -122.696380464715, -192.483315851721, 66, 32, 1.37551, 845.4363
3873, 813.608162773447, -129.800209891687, -192.638548938124, 67, 32, 1.443554, 846.1182
3874, 811.151877180778, -136.575012519335, -192.328082765318, 68, 32, 1.423172, 844.7545
3875, 809.946798159864, -143.548897763587, -192.328082765318, 69, 32, 1.163693, 844.7545
3876, 808.029053787689, -150.390674351559, -192.172849678915, 70, 32, 0.8858833, 844.0727
3877, 817.131391159397, -159.370666233972, -194.656565165286, 71, 32, 0.2686825, 854.9818
3878, 825.487727124523, -168.385573249015, -196.985047565253, 72, 32, 0.01740313, 865.2091
3879, 823.35907194177, -175.343335606805, -196.82981447885, 73, 32, 0.2157955, 864.5273
3880, 827.653207738449, -183.715623288329, -198.226898360399, 74, 32, -0.0007996559, 870.6636
3881, 820.86694936595, -189.634227791953, -196.985047565253, 75, 32, -0.07379341, 865.2091
3882, 817.913862190398, -196.379734389313, -196.674581392447, 76, 32, 0.1526299, 863.8455
3883, 820.703421550398, -204.533412734539, -197.76119910119, 77, 32, 0.1741114, 868.6182
3884, 818.913292557685, -211.586961653358, -197.76119910119, 78, 32, 0.3782635, 868.6182
3885, 826.682810996492, -221.198983128677, -200.089681501158, 79, 32, 0.341229, 878.8455
3886, 824.749074446129, -228.303360322345, -200.089681501158, 80, 32, 0.2979937, 878.8455
3887, 843.818251877718, -241.417259454908, -205.212331664224, 81, 32, 0.4565611, 901.3455
3888, 843.620008405112, -249.232616599249, -205.678017027355, 82, 32, 0.1621704, 903.3909
3889, 841.444450852323, -256.481679439646, -205.678017027355, 83, 32, 0.2667675, 903.3909
3890, 845.54041881672, -265.702089784847, -207.230347891385, 84, 32, 0.5082083, 910.2091
3891, 843.223091110207, -272.967065755811, -207.230347891385, 85, 32, 0.2934113, 910.2091
3892, 841.473149720085, -280.421718756091, -207.38556708171, 86, 32, 0.3616247, 910.8909
3893, 840.285395963646, -288.081783805411, -207.696033254516, 87, 32, 0.6061296, 912.2545
3894, 836.523397902107, -294.859300026764, -207.38556708171, 88, 32, 0.2598763, 910.8909
3895, 834.579778657816, -302.271705108678, -207.540800168113, 89, 32, 0.29321, 911.5727
3896, 831.94822115467, -309.441025029677, -207.540800168113, 90, 32, 0.1319904, 911.5727
3897, 830.49558428954, -317.061030489232, -207.851266340919, 91, 32, 1.025614, 912.9363
3898, 821.555061643301, -321.773447350581, -206.298949372967, 92, 32, 0.8329887, 906.1182
3899, 815.059732872211, -327.345404673109, -205.367564750627, 93, 32, 0.7906456, 902.0273
3900, 804.232068861918, -331.060447455378, -203.349548523465, 94, 32, 0.7175136, 893.1636
3901, 797.683515748894, -336.419610694852, -202.418150005047, 95, 32, 0.9251118, 889.0727
3902, 794.759524162906, -343.270220831844, -202.418150005047, 96, 32, 0.7585821, 889.0727
3903, 777.203868526036, -343.651833796812, -198.692597619608, 97, 32, 1.111875, 872.7091
3904, 773.613535132821, -350.052274585586, -198.537364533205, 98, 32, 1.122048, 872.0273
3905, 762.740717097342, -353.069689222876, -196.519348306044, 99, 32, 1.092972, 863.1636
3906, 759.074689308247, -359.334976747805, -196.364115219641, 100, 32, 1.243803, 862.4818
3907, 752.966917249558, -364.406458590353, -195.587949787626, 101, 32, 1.123018, 859.0727
3908, 748.018542946217, -369.988276371109, -195.122264424495, 102, 32, 1.226267, 857.0273
3909, 740.067211207936, -374.01465845325, -193.880399733271, 103, 32, 1.52591, 851.5727
3910, 733.282265665861, -378.540905703347, -192.94901511093, 104, 32, 1.668997, 847.4818
3911, 712.379270817583, -375.547599407513, -188.292064207074, 105, 32, 1.242275, 827.0273
3912, 709.121789523634, -381.662825716805, -188.292064207074, 106, 32, 1.075083, 827.0273
3913, 705.229924567886, -387.430127705555, -188.136831120671, 107, 32, 1.11965, 826.3455
3914, 695.500222016126, -389.912105526294, -186.429281066315, 108, 32, 1.200297, 818.8455
3915, 683.475272693833, -390.937057335719, -184.100798666348, 109, 32, 1.007791, 808.6182
3916, 675.498935358746, -394.126399149953, -182.858947871202, 110, 32, 1.038008, 803.1636
3917, 672.082971939291, -399.923628968028, -182.858947871202, 111, 32, 1.337702, 803.1636
3918, 656.697668949993, -398.45890617998, -179.599080848894, 112, 32, 1.059819, 788.8455
3919, 652.680505519235, -403.744943190624, -179.443847762491, 113, 32, 1.121163, 788.1636
3920, 649.182631218004, -409.345493149385, -179.443847762491, 114, 32, 1.176729, 788.1636
3921, 642.844067270809, -413.121066749121, -178.667682330476, 115, 32, 1.244433, 784.7545
3922, 626.491376619643, -410.270983944745, -175.097349135362, 116, 32, 1.210182, 769.0727
3923, 622.938323291694, -415.645967886491, -175.097349135362, 117, 32, 1.109674, 769.0727
3924, 618.790079495989, -420.61695321081, -174.942116048959, 118, 32, 1.242554, 768.3909
3925, 615.69414269126, -426.303234683294, -175.097349135362, 119, 32, 1.279276, 769.0727
3926, 602.237323896406, -424.697587606205, -172.303181372264, 120, 32, 1.457585, 756.8
3927, 598.021783988323, -429.476085249968, -172.147948285861, 121, 32, 1.414001, 756.1182
3928, 588.945501174633, -430.686427610562, -170.595631317908, 122, 32, 1.477975, 749.3
3929, 576.697949780047, -429.393681957698, -168.111915831538, 123, 32, 1.048001, 738.3909
3930, 570.336826028081, -432.334257414441, -167.335764295601, 124, 32, 1.31897, 734.9818
3931, 563.967941635951, -435.197272266237, -166.559598863586, 125, 32, 1.235961, 731.5727
3932, 555.503823206805, -436.342445702641, -165.162514982037, 126, 32, 1.13396, 725.4363
3933, 550.691966026454, -440.276532555297, -164.85204880923, 127, 32, 1.465781, 724.0727
3934, 540.188996091409, -439.550893244014, -162.834046478147, 128, 32, 1.014563, 715.2091
3935, 536.387220319276, -444.182270163967, -162.834046478147, 129, 32, 1.141746, 715.2091
3936, 544.73008828508, -459.048620407462, -166.559598863586, 130, 32, 1.003385, 731.5727
3937, 540.256403856979, -463.286161821133, -166.404365777183, 131, 32, 1.229154, 730.8909
3938, 544.754621045126, -475.337775867528, -169.043314349956, 132, 32, 0.9929032, 742.4818
3939, 540.644775233928, -480.007109665016, -169.043314349956, 133, 32, 1.028822, 742.4818
3940, 542.406846250738, -489.981440743864, -170.906097490715, 134, 32, 0.4715729, 750.6636
3941, 547.947367614938, -503.615348269456, -174.010731426619, 135, 32, 0.9622748, 764.3
3942, 543.594110735486, -508.311104996145, -174.010731426619, 136, 32, 0.5431576, 764.3
3943, 562.770177661563, -535.392169993378, -181.617097076055, 137, 32, 1.208683, 797.7091
3944, 558.619989935346, -540.675976728125, -181.77231626638, 138, 32, 1.126557, 798.3909
3945, 564.354926897226, -555.710215224163, -185.187416375091, 139, 32, 0.580101, 813.3909
3946, 559.552852009205, -560.545210153493, -185.187416375091, 140, 32, 0.6955366, 813.3909
3947, 566.33388063485, -577.18598457073, -189.068215743011, 141, 32, 0.6306057, 830.4363
3948, 514.722399750332, 223.500612263569, -136.358241971143, 1, 31, 0.6763563, 577.4818
3949, 517.236262245581, 219.322447097654, -136.519238011824, 2, 31, 1.414171, 578.1636
3950, 528.898806609524, 218.91831868874, -139.095145838804, 3, 31, 0.4908829, 589.0727
3951, 534.448743347129, 215.848375030215, -140.061122082894, 4, 31, 1.69505, 593.1636
3952, 536.286065281468, 211.242127553742, -140.061122082894, 5, 31, 2.091911, 593.1636
3953, 540.557676848037, 207.570236445172, -140.705091833657, 6, 31, -6.511314, 595.8909
3954, 547.908333381875, 205.001296702389, -142.154056199791, 7, 31, 1.332767, 602.0273
3955, 554.009318741143, 201.867409305833, -143.2810140726, 8, 31, 2.622061, 606.8
3956, 556.974497324779, 197.536308557696, -143.603006153963, 9, 31, 1.642748, 608.1636
3957, 564.290229358362, 194.681642900229, -145.051956108134, 10, 31, 2.222287, 614.3
3958, 566.572486534669, 190.030114810249, -145.212952148816, 11, 31, 1.698622, 614.9818
3959, 572.596025262793, 186.585324814549, -146.339910021624, 12, 31, 1.825172, 619.7545
3960, 575.443533660575, 182.051640388476, -146.661902102987, 13, 31, 2.021873, 621.1182
3961, 578.255322081222, 177.482740041521, -146.983894184351, 14, 31, 1.555067, 622.4818
3962, 579.760934640325, 172.501012150307, -146.983894184351, 15, 31, 1.715068, 622.4818
3963, 592.682898447017, 170.80903381871, -149.881794092693, 16, 31, 1.557279, 634.7545
3964, 610.08512807721, 170.153162352974, -153.906666285808, 17, 31, 1.687684, 651.8
3965, 611.526500739569, 164.897850358705, -153.906666285808, 18, 31, 1.847848, 651.8
3966, 612.922604711835, 159.630331682181, -153.906666285808, 19, 31, 1.604741, 651.8
3967, 621.984101078584, 156.288511854586, -155.838604362024, 20, 31, 2.084163, 659.9818
3968, 623.949679350545, 151.087263723499, -155.999600402706, 21, 31, 2.01747, 660.6636
3969, 625.871752397701, 145.863750768756, -156.160596443387, 22, 31, 1.931386, 661.3455
3970, 632.922197006275, 141.776909741027, -157.609546397559, 23, 31, 2.430713, 667.4818
3971, 647.073339297404, 139.111245894838, -160.829438387265, 24, 31, 2.484269, 681.1182
3972, 648.246266325714, 133.538845878937, -160.829438387265, 25, 31, 2.663229, 681.1182
3973, 659.12180656208, 129.877885737812, -163.244364585526, 26, 31, 2.174441, 691.3455
3974, 660.214846207205, 124.202165588935, -163.244364585526, 27, 31, 1.888533, 691.3455
3975, 663.86756122366, 118.984780592973, -163.888334336289, 28, 31, 2.049738, 694.0727
3976, 664.866703764672, 113.268632387383, -163.888334336289, 29, 31, 2.212693, 694.0727
3977, 672.357233801804, 108.600551594003, -165.498280331142, 30, 31, 1.870742, 700.8909
3978, 692.915133795534, 105.812172059752, -170.328132727665, 31, 31, 2.218648, 721.3455
3979, 694.455654828765, 99.9409697408512, -170.489128768346, 32, 31, 2.001001, 722.0273
3980, 695.289817209793, 93.962354380698, -170.489128768346, 33, 31, 2.167066, 722.0273
3981, 707.904047428382, 89.4721744115909, -173.387028676689, 34, 31, 2.362938, 734.3
3982, 710.621655082444, 83.6104990608549, -173.870016798734, 35, 31, 1.442835, 736.3455
3983, 711.973362337033, 77.5651555701013, -174.031012839416, 36, 31, 1.979749, 737.0273
3984, 734.369081922749, 73.6174716778402, -179.34383894602, 37, 31, 1.890038, 759.5273
3985, 734.975286446672, 67.2964258555415, -179.34383894602, 38, 31, 1.753604, 759.5273
3986, 739.488698042099, 61.2987903431196, -180.309800778146, 39, 31, 0.2283859, 763.6182
3987, 746.59592062698, 55.4246474180326, -181.919746772999, 40, 31, 2.161079, 770.4363
3988, 753.656316090495, 49.4327084729414, -183.529692767852, 41, 31, 1.894304, 777.2545
3989, 754.053727311482, 42.9466154397201, -183.529692767852, 42, 31, 1.983789, 777.2545
3990, 732.557048275386, 35.4019743793835, -178.216866661248, 43, 31, 2.887081, 754.7545
3991, 763.287290924098, 30.3070911034423, -185.62262688475, 44, 31, 2.246402, 786.1182
3992, 745.639937439276, 23.1829350945342, -181.275777022236, 45, 31, 2.392603, 767.7091
3993, 745.149423005355, 16.7518934364604, -181.114780981554, 46, 31, 1.766309, 767.0273
3994, 745.265971838131, 10.3402011144488, -181.114780981554, 47, 31, 1.968872, 767.0273
3995, 752.615169691225, 3.96614886310782, -182.885723017089, 48, 31, 2.506763, 774.5273
3996, 761.234335829388, -2.53801970298471, -184.978642722024, 49, 31, 2.343077, 783.3909
3997, 761.846820184514, -9.09529766901519, -185.139638762705, 50, 31, 2.166221, 784.0727
3998, 762.402772182075, -15.6633022412315, -185.300634803387, 51, 31, 2.080371, 784.7545
3999, 772.173662765687, -22.5118489232914, -187.715561001648, 52, 31, 2.002275, 794.9818
4000, 781.882409164875, -29.5296660684668, -190.130487199909, 53, 31, 1.552612, 805.2091
4001, 780.937572039771, -36.2249863748992, -189.969491159228, 54, 31, 1.469184, 804.5273
4002, 780.596996923156, -42.9426298191463, -189.969491159228, 55, 31, 1.760064, 804.5273
4003, 780.198637551079, -49.6570944042619, -189.969491159228, 56, 31, 1.785491, 804.5273
4004, 772.47357299735, -55.8424079016279, -188.198549123693, 57, 31, 1.332044, 797.0273
4005, 789.794707398184, -63.929763249643, -192.545398986207, 58, 31, 1.639705, 815.4363
4006, 779.317069397325, -69.8355803695239, -190.130487199909, 59, 31, 2.172364, 805.2091
4007, 779.346684436675, -76.6028414149065, -190.291468828628, 60, 31, 2.022109, 805.8909
4008, 790.516820986135, -84.5739441459166, -193.189383148934, 61, 31, 1.471133, 818.1636
4009, 793.708769952324, -91.8290835613808, -194.15534498106, 62, 31, 1.504713, 822.2545
4010, 793.546792654152, -98.7363545980235, -194.316341021742, 63, 31, 1.768226, 822.9363
4011, 788.72750459926, -105.035422859092, -193.350379189615, 64, 31, 1.818922, 818.8455
4012, 803.537747463718, -114.052081874874, -197.214255342048, 65, 31, 1.243622, 835.2091
4013, 803.836959954758, -121.158775645568, -197.536233011448, 66, 31, 1.301629, 836.5727
4014, 803.419058584123, -128.174675730532, -197.69722905213, 67, 31, 1.242721, 837.2545
4015, 802.286540094983, -135.082340730559, -197.69722905213, 68, 31, 1.249843, 837.2545
4016, 807.618340267912, -143.136219344908, -199.307175046983, 69, 31, 1.267294, 844.0727
4017, 806.356941112261, -150.0794601054, -199.307175046983, 70, 31, 0.7699661, 844.0727
4018, 808.287303856404, -157.645744023225, -200.112155250391, 71, 31, 0.7661839, 847.4818
4019, 806.90104375505, -164.594203333839, -200.112155250391, 72, 31, 0.7197504, 847.4818
4020, 810.639090070138, -172.634476099167, -201.400109163881, 73, 31, 0.171288, 852.9363
4021, 811.71098644212, -180.176900675196, -202.044093326607, 74, 31, 0.6357174, 855.6636
4022, 817.877187351885, -188.943541912522, -203.976031402824, 75, 31, 0.2298198, 863.8455
4023, 816.221294169526, -195.973351671352, -203.976031402824, 76, 31, 0.3355389, 863.8455
4024, 819.005080893576, -204.110157023152, -205.102989275632, 77, 31, 0.408246, 868.6182
4025, 817.218656343624, -211.149109525544, -205.102989275632, 78, 31, 0.2911434, 868.6182
4026, 824.33206892815, -220.569985225009, -207.356919433211, 79, 31, 0.4371176, 878.1636
4027, 819.211177578363, -226.770384411001, -206.551939229803, 80, 31, 0.1902413, 874.7545
4028, 835.70227187581, -239.095269327897, -211.220795585644, 81, 31, 0.1870513, 894.5273
4029, 841.874244805788, -248.716861608272, -213.313715290579, 82, 31, 0.2151337, 903.3909
4030, 840.336945487131, -256.144099417857, -213.47471133126, 83, 31, 0.3040957, 904.0727
4031, 843.158610470715, -264.953631827171, -214.762679656713, 84, 31, 0.3763237, 909.5273
4032, 841.478148880408, -272.402195361008, -214.923675697395, 85, 31, 0.459178, 910.2091
4033, 839.731828769949, -279.841421911319, -215.084657326113, 86, 31, 0.2620201, 910.8909
4034, 829.145635075213, -284.262650207087, -212.991737621179, 87, 31, 0.5468025, 902.0273
4035, 835.417181965117, -294.469379006411, -215.245653366795, 88, 31, 0.4596167, 911.5727
4036, 832.85272265654, -301.646192514587, -215.245653366795, 89, 31, 0.1232567, 911.5727
4037, 820.291045615681, -305.105168234732, -212.669745539815, 90, 31, 0.994215, 900.6636
4038, 822.587339733704, -314.041873957077, -213.957699453305, 91, 31, 0.9105844, 906.1182
4039, 816.770446139401, -319.899486253126, -213.15273366186, 92, 31, 0.7846861, 902.7091
4040, 808.454576313927, -324.6926326623, -211.703769295726, 93, 31, 1.173673, 896.5727
4041, 798.279161052908, -328.609945418447, -209.771831219509, 94, 31, 0.9828119, 888.3909
4042, 796.032811839906, -335.723433382083, -209.932827260191, 95, 31, 1.000101, 889.0727
4043, 780.342058893734, -337.043071189319, -206.551939229803, 96, 31, 1.085361, 874.7545
4044, 776.201441945257, -343.208596511613, -206.22994714844, 97, 31, 0.8924704, 873.3909
4045, 766.580025562237, -346.869682875786, -204.459005112905, 98, 31, 1.060065, 865.8909
4046, 759.959819595472, -351.782422665923, -203.493043280779, 99, 31, 0.9613719, 861.8
4047, 756.905046623481, -358.30789928802, -203.493043280779, 100, 31, 0.8602653, 861.8
4048, 740.077756068288, -358.168610057214, -199.790163169028, 101, 31, 1.030856, 846.1182
4049, 730.436275192186, -361.291656477988, -198.019221133493, 102, 31, 0.7261596, 838.6182
4050, 724.344237466059, -366.068592792079, -197.214255342048, 103, 31, 0.9243054, 835.2091
4051, 709.393399736379, -366.208801998424, -193.994348940379, 104, 31, 1.097478, 821.5727
4052, 705.630288100981, -371.989713374763, -193.833352899697, 105, 31, 0.8811231, 820.8909
4053, 695.40285880627, -374.279036442864, -191.901429235444, 106, 31, 0.9083997, 812.7091
4054, 692.156920244475, -380.248249061341, -191.901429235444, 107, 31, 1.037621, 812.7091
4055, 685.39222372274, -384.245348316921, -190.935452991354, 108, 31, 1.173028, 808.6182
4056, 677.460070497974, -387.496456717557, -189.647499077865, 109, 31, 0.9853225, 803.1636
4057, 674.10107679567, -393.310805026635, -189.647499077865, 110, 31, 1.087313, 803.1636
4058, 661.582381638681, -393.675242452284, -187.071576838922, 111, 31, 0.9147728, 792.2545
4059, 654.772287510521, -397.290658722093, -186.105615006795, 112, 31, 0.9521195, 788.1636
4060, 651.329866775285, -402.909444721869, -186.105615006795, 113, 31, 0.9055889, 788.1636
4061, 638.311936210668, -402.490919729413, -183.368696727171, 114, 31, 1.198667, 776.5727
4062, 629.251724045581, -404.386003895284, -181.758750732318, 115, 31, 1.166965, 769.7545
4063, 622.423640213543, -407.607141663686, -180.792788900191, 116, 31, 0.9070385, 765.6636
4064, 619.444781465813, -413.314956100449, -180.953784940873, 117, 31, 1.138737, 766.3455
4065, 615.865799405919, -418.629200299803, -180.953784940873, 118, 31, 1.278226, 766.3455
4066, 605.159968798324, -419.009430675926, -178.860850823975, 119, 31, 1.466515, 757.4818
4067, 596.659512768527, -420.764116803023, -177.411900869803, 120, 31, 1.672769, 751.3455
4068, 593.017283410804, -425.882046748009, -177.411900869803, 121, 31, 1.394927, 751.3455
4069, 577.56563910375, -422.364516445209, -173.870016798734, 122, 31, 1.002417, 736.3455
4070, 575.504547207206, -428.505106707854, -174.352990508816, 123, 31, 1.116662, 738.3909
4071, 566.516627321612, -429.438419910069, -172.743044513963, 124, 31, 1.032525, 731.5727
4072, 561.751871402157, -433.487196835177, -172.421066844563, 125, 31, 1.180942, 730.2091
4073, 551.228163950982, -432.983960056392, -170.328132727665, 126, 31, 1.018012, 721.3455
4074, 545.412533722134, -436.055642670924, -169.684148564938, 127, 31, 1.027038, 718.6182
4075, 539.071144124012, -438.641298945834, -168.879182773493, 128, 31, 1.207224, 715.2091
4076, 535.2772356401, -443.263091824203, -168.879182773493, 129, 31, 1.195593, 715.2091
4077, 543.096202763183, -457.671731355691, -172.582048473281, 130, 31, 1.271992, 730.8909
4078, 539.138412397841, -462.327450423442, -172.582048473281, 131, 31, 1.198796, 730.8909
4079, 539.633646323041, -470.869355333528, -174.031012839416, 132, 31, 0.8725944, 737.0273
4080, 535.562435184589, -475.494794982307, -174.031012839416, 133, 31, 1.0013, 737.0273
4081, 538.826176202032, -486.746854231137, -176.445924625714, 134, 31, 0.9370437, 747.2545
4082, 542.911053492354, -498.986500243634, -179.182842905338, 135, 31, 0.9076362, 758.8455
4083, 539.081739329997, -504.091617606604, -179.34383894602, 136, 31, 0.7945952, 759.5273
4084, 540.004885757767, -513.734378737361, -181.114780981554, 137, 31, 0.6738911, 767.0273
4085, 551.275136126234, -533.567054600891, -186.427607088158, 138, 31, 0.4930162, 789.5273
4086, 563.187066629973, -554.560244080941, -192.062410864163, 139, 31, 0.9503374, 813.3909
4087, 558.863002770199, -559.854137477759, -192.223406904844, 140, 31, 1.104484, 814.0727
4088, 564.697903079108, -575.518658372291, -195.926287016595, 141, 31, -0.1316347, 829.7545
4089, 503.307115268605, 218.543915076762, -138.394294245275, 1, 30, 0.78899, 565.8909
4090, 513.081328374956, 217.560640490983, -140.56198823309, 2, 30, 0.5761522, 574.7545
4091, 514.934173066175, 213.138169332738, -140.56198823309, 3, 30, 0.5192065, 574.7545
4092, 523.49198122752, 211.423256010758, -142.396188541739, 4, 30, 0.3461924, 582.2545
4093, 524.676516290853, 206.66914684907, -142.229441702156, 5, 30, 0.4874134, 581.5727
4094, 540.013111324317, 207.361127224528, -145.897842319455, 6, 30, -0.6910329, 596.5727
4095, 538.06207329157, 201.317293442715, -144.897376208719, 7, 30, 1.813237, 592.4818
4096, 541.637744559422, 197.359511072688, -145.397616727467, 8, 30, 1.792093, 594.5273
4097, 554.531282430171, 196.669799132916, -148.399029986435, 9, 30, 1.352727, 606.8
4098, 556.827824412265, 192.10709317509, -148.565776826018, 10, 30, 1.232575, 607.4818
4099, 559.713659860207, 187.729643729517, -148.899270505183, 11, 30, 1.221841, 608.8455
4100, 565.079594566397, 184.136031419106, -149.899736615919, 12, 30, 1.778063, 612.9363
4101, 566.642937989502, 179.267417811288, -149.899736615919, 13, 30, 2.078156, 612.9363
4102, 577.012556417271, 177.101300482134, -152.234177443317, 14, 30, 1.499685, 622.4818
4103, 578.514933167692, 172.130279142393, -152.234177443317, 15, 30, 1.59935, 622.4818
4104, 579.97448493311, 167.146515734643, -152.234177443317, 16, 30, 2.036711, 622.4818
4105, 582.664735263929, 162.505595914426, -152.567671122482, 17, 30, 1.552761, 623.8455
4106, 594.254336047253, 160.240418791373, -155.235590702284, 18, 30, 2.095003, 634.7545
4107, 596.250785576114, 155.288302202567, -155.402337541867, 19, 30, 1.88286, 635.4363
4108, 620.006167575368, 155.791508340784, -161.23843214698, 20, 30, 1.787136, 659.3
4109, 621.966159047363, 150.606961120476, -161.405178986563, 21, 30, 2.348258, 659.9818
4110, 624.526651204136, 145.550265610646, -161.738672665729, 22, 30, 1.602281, 661.3455
4111, 631.56194324923, 141.472207875538, -163.239379295212, 23, 30, 1.798814, 667.4818
4112, 632.755757502945, 136.033176500431, -163.239379295212, 24, 30, 2.317776, 667.4818
4113, 650.73821752693, 134.052188268525, -167.574767270842, 25, 30, 2.065695, 685.2091
4114, 651.867482088506, 128.448443841483, -167.574767270842, 26, 30, 2.375838, 685.2091
4115, 658.795936064287, 123.93523473523, -169.075473900326, 27, 30, 1.967866, 691.3455
4116, 662.440800796224, 118.729062756566, -169.742446331896, 28, 30, 1.895108, 694.0727
4117, 663.437796015809, 113.02519949233, -169.742446331896, 29, 30, 2.272812, 694.0727
4118, 671.564888305982, 108.472570286488, -171.576646640546, 30, 30, 1.696919, 701.5727
4119, 672.473301617099, 102.690585362932, -171.576646640546, 31, 30, 1.870104, 701.5727
4120, 692.963155564164, 99.7261801818569, -176.579021974506, 32, 30, 2.500328, 722.0273
4121, 693.795525193226, 93.7604138480833, -176.579021974506, 33, 30, 2.348004, 722.0273
4122, 695.232437590582, 87.8706063889162, -176.745768814088, 34, 30, 2.178619, 722.7091
4123, 709.094412428078, 83.4308063655855, -180.080675752222, 35, 30, 2.19812, 736.3455
4124, 706.499829742015, 76.9688475764188, -179.246941554308, 36, 30, 1.936316, 732.9363
4125, 707.135900155308, 70.8874575244489, -179.246941554308, 37, 30, 1.954843, 732.9363
4126, 709.69472096382, 64.9816654384558, -179.747182073056, 38, 30, 0.9805293, 734.9818
4127, 709.568678692505, 58.8186158684741, -179.580435233474, 39, 30, 2.499876, 734.3
4128, 727.849601678962, 54.0329868297892, -184.082570048686, 40, 30, 1.285506, 752.7091
4129, 723.669633405625, 47.4658664103404, -182.915342171607, 41, 30, 1.531312, 747.9363
4130, 719.430942054095, 40.9746983334914, -181.748129221288, 42, 30, 1.603662, 743.1636
4131, 721.73789627437, 34.8791218003955, -182.248369740036, 43, 30, 1.890601, 745.2091
4132, 722.011273603965, 28.6681852390541, -182.248369740036, 44, 30, 1.747237, 745.2091
4133, 734.125489954235, 22.8249356429331, -185.249782999004, 45, 30, 2.84955, 757.4818
4134, 743.547974506635, 16.7158908660144, -187.584223826402, 46, 30, 1.987658, 767.0273
4135, 744.325328806414, 10.327150152118, -187.750970665984, 47, 30, 2.168887, 767.7091
4136, 744.386631317127, 3.92278592088748, -187.750970665984, 48, 30, 2.512868, 767.7091
4137, 750.342813983343, -2.50170644734231, -189.251677295468, 49, 30, 1.891254, 773.8455
4138, 760.209486236755, -9.0757503804476, -191.752850035688, 50, 30, 2.600423, 784.0727
4139, 760.76424340216, -15.629639232062, -191.919596875271, 51, 30, 2.936181, 784.7545
4140, 760.601611980945, -22.1744788839329, -191.919596875271, 52, 30, 2.924787, 784.7545
4141, 770.952994536256, -29.1168904892699, -194.587531381833, 53, 30, 1.979822, 795.6636
4142, 779.259208930673, -36.1471329293281, -196.755225369648, 54, 30, 1.840086, 804.5273
4143, 778.919365765922, -42.8503390544596, -196.755225369648, 55, 30, 1.890191, 804.5273
4144, 771.264291417644, -49.0884524609987, -194.921025060999, 56, 30, 1.769469, 797.0273
4145, 769.494602726124, -55.6270570096004, -194.587531381833, 57, 30, 1.62128, 795.6636
4146, 768.328556453053, -62.1921902639691, -194.420784542251, 58, 30, 1.657849, 794.9818
4147, 767.765032947799, -68.8003878893612, -194.420784542251, 59, 30, 1.702062, 794.9818
4148, 777.671740406335, -76.4382093269061, -197.088704122053, 60, 30, 2.23468, 805.8909
4149, 775.013256325563, -82.91528543448, -196.588478530066, 61, 30, 1.52751, 803.8455
4150, 773.614450505897, -89.5042472871566, -196.421731690483, 62, 30, 1.734332, 803.1636
4151, 778.064172551231, -96.8099433482527, -197.755691480384, 63, 30, 1.125607, 808.6182
4152, 781.789726700793, -104.111513865151, -198.922904430703, 64, 30, 1.802324, 813.3909
4153, 781.51960097841, -110.92688277427, -199.089651270285, 65, 30, 1.551206, 814.0727
4154, 784.458701181691, -118.237976747219, -200.090132307781, 66, 30, 1.485496, 818.1636
4155, 784.065240718848, -125.087035099501, -200.256879147364, 67, 30, 1.740284, 818.8455
4156, 782.308060650935, -131.718530380182, -200.090132307781, 68, 30, 1.470439, 818.1636
4157, 785.702597238643, -139.25203736818, -201.2573452581, 69, 30, 1.152328, 822.9363
4158, 791.624906284933, -147.337528188637, -203.091545566749, 70, 30, 1.19313, 830.4363
4159, 789.030166062057, -153.889894091074, -202.758051887584, 71, 30, 0.830142, 829.0727
4160, 796.098016910848, -162.390568066817, -204.925745875399, 72, 30, 0.6546197, 837.9363
4161, 794.024765437113, -169.096273631635, -204.758999035816, 73, 30, 0.6166406, 837.2545
4162, 802.221616913408, -178.070528801952, -207.260186702796, 74, 30, 0.3521481, 847.4818
4163, 809.033797461144, -186.900568426637, -209.427880690611, 75, 30, 0.775147, 856.3455
4164, 807.395808811709, -193.854367569795, -209.427880690611, 76, 30, 0.5812197, 856.3455
4165, 808.905485569199, -201.593164106235, -210.261599961764, 77, 30, 0.3226328, 859.7545
4166, 807.781189321749, -208.710701221503, -210.428346801347, 78, 30, 0.5448995, 860.4363
4167, 813.619368809031, -217.703543173245, -212.429293949579, 79, 30, 0.5188303, 868.6182
4168, 808.530454664231, -223.813794331035, -211.595574678425, 80, 30, 0.6886754, 865.2091
4169, 806.574892827399, -230.761896579294, -211.595574678425, 81, 30, 0.6840944, 865.2091
4170, 809.631800605332, -239.191401503518, -212.929534468327, 82, 30, 0.5371389, 870.6636
4171, 828.412730186562, -252.50946523233, -218.432135394275, 83, 30, 0.7349787, 893.1636
4172, 826.209542343267, -259.62756731133, -218.432135394275, 84, 30, 0.3978233, 893.1636
4173, 824.57417746276, -266.930064051819, -218.598882233857, 85, 30, 0.4872742, 893.8455
4174, 822.874269204048, -274.223624327313, -218.76562907344, 86, 30, 0.5384712, 894.5273
4175, 824.236729675526, -282.579690785363, -219.766095184176, 87, 30, 0.338275, 898.6182
4176, 821.774979979825, -289.660750654479, -219.766095184176, 88, 30, 0.4384346, 898.6182
4177, 814.901217024106, -295.144438751142, -218.598882233857, 89, 30, 0.4105539, 893.8455
4178, 811.712063844589, -301.914237783227, -218.432135394275, 90, 30, 0.5415773, 893.1636
4179, 807.231510394737, -308.179428489176, -217.931894875527, 91, 30, 0.6078472, 891.1182
4180, 800.241077859654, -313.425529652746, -216.764681925208, 92, 30, 0.5766668, 886.3455
4181, 796.901336200398, -320.052604566542, -216.597935085625, 93, 30, 0.7552032, 885.6636
4182, 793.506843111964, -326.645430729094, -216.431188246043, 94, 30, 1.219817, 884.9818
4183, 782.138914019486, -329.863741407138, -214.096747418645, 95, 30, 1.039495, 875.4363
4184, 778.664975640199, -336.318710270963, -213.930000579062, 96, 30, 1.331123, 874.7545
4185, 775.137906831738, -342.738339212507, -213.76325373948, 97, 30, 1.060654, 874.0727
4186, 764.932519178706, -346.124202954923, -211.762306591248, 98, 30, 0.9500961, 865.8909
4187, 762.526203439104, -352.970391691028, -211.92905343083, 99, 30, 1.186409, 866.5727
4188, 750.498004412193, -355.274898192814, -209.427880690611, 100, 30, 0.9610081, 856.3455
4189, 738.487207414822, -357.398846886022, -206.926693023631, 101, 30, 1.041821, 846.1182
4190, 728.866447664708, -360.515181367086, -205.092492714981, 102, 30, 1.027822, 838.6182
4191, 722.787502728254, -365.281851260439, -204.258773443828, 103, 30, 0.8677516, 835.2091
4192, 707.868796804489, -365.421759134171, -200.923851578935, 104, 30, 0.7922311, 821.5727
4193, 704.113772714076, -371.190246382463, -200.757104739352, 105, 30, 0.9555602, 820.8909
4194, 694.490427337142, -373.787948483186, -198.922904430703, 106, 30, 0.881671, 813.3909
4195, 690.669361338056, -379.43103311941, -198.75617251788, 107, 30, 0.9572165, 812.7091
4196, 687.379271533961, -385.359329263769, -198.75617251788, 108, 30, 0.9633828, 812.7091
4197, 671.41314786743, -384.037712511927, -195.087771900582, 109, 30, 0.731492, 797.7091
4198, 662.373838788103, -386.468434378868, -193.420303504755, 110, 30, 1.026508, 790.8909
4199, 653.911020583009, -389.110391562437, -191.919596875271, 111, 30, 0.8858364, 784.7545
4200, 650.539012621777, -394.722070220134, -191.919596875271, 112, 30, 0.9076672, 784.7545
4201, 639.809768305979, -395.783168599465, -189.751902887456, 113, 30, 1.063214, 775.8909
4202, 636.940099018824, -401.625900634921, -189.918649727039, 114, 30, 1.112113, 776.5727
4203, 633.461039007369, -407.09110265225, -189.918649727039, 115, 30, 1.072416, 776.5727
4204, 617.76748606943, -404.55796171741, -186.25024910974, 116, 30, 1.042914, 761.5727
4205, 614.263908998472, -409.858099023804, -186.25024910974, 117, 30, 1.127441, 761.5727
4206, 605.794041193696, -411.783013857784, -184.749542480256, 118, 30, 1.309099, 755.4363
4207, 596.249795509803, -412.840075746086, -182.915342171607, 119, 30, 1.091909, 747.9363
4208, 587.27293454336, -414.144704538248, -181.24788870254, 120, 30, 1.214581, 741.1182
4209, 579.929129094952, -416.482641192527, -180.080675752222, 121, 30, 1.222005, 736.3455
4210, 571.521542844205, -417.944565497344, -178.579969122738, 122, 30, 1.041919, 730.2091
4211, 567.374228790368, -422.45149170571, -178.413222283155, 123, 30, 1.172168, 729.5273
4212, 560.557422479472, -424.921144709466, -177.412741245659, 124, 30, 1.176012, 725.4363
4213, 561.591330650884, -433.363312316424, -178.913447875143, 125, 30, 1.330411, 731.5727
4214, 547.443948072155, -430.011498045056, -175.57854093701, 126, 30, 1.01697, 717.9363
4215, 543.723978254536, -434.705647769662, -175.57854093701, 127, 30, 1.14326, 717.9363
4216, 537.3997884224, -437.281319574008, -174.744821665856, 128, 30, 1.378266, 714.5273
4217, 534.12683694294, -442.310446635165, -174.911568505439, 129, 30, 1.391304, 715.2091
4218, 530.807045312848, -447.315555159684, -175.078300418261, 130, 30, 1.609287, 715.8909
4219, 524.931403202445, -450.144511518687, -174.411327986691, 131, 30, 1.010551, 713.1636
4220, 521.039047414632, -454.6442239683, -174.411327986691, 132, 30, 1.085578, 713.1636
4221, 534.90580740331, -474.911813294781, -180.414169431387, 133, 30, 0.8842835, 737.7091
4222, 536.686972093702, -484.814411235091, -182.415101652859, 134, 30, 1.13904, 745.8909
4223, 532.495890377534, -489.413982316986, -182.415101652859, 135, 30, 1.021127, 745.8909
4224, 543.234920300486, -507.97522849691, -187.584223826402, 136, 30, 1.03651, 767.0273
4225, 538.844326564, -512.630279178037, -187.584223826402, 137, 30, 0.8931561, 767.0273
4226, 543.439702759226, -525.983311331543, -190.752383924952, 138, 30, 0.7240744, 779.9818
4227, 542.191655458506, -533.886437749593, -191.919596875271, 139, 30, 0.8175707, 784.7545
4228, 543.650006366623, -544.614161065366, -194.087290863085, 140, 30, 0.8694458, 793.6182
4229, 538.944165397749, -549.271426927603, -194.087290863085, 141, 30, 0.5572262, 793.6182
4230, 502.790162326901, 218.31944592788, -143.329300927043, 1, 29, -0.4732716, 566.5727
4231, 511.937519146326, 217.075633817346, -145.399106073588, 2, 29, 2.9504, 574.7545
4232, 513.786233301624, 212.663021648397, -145.399106073588, 3, 29, 2.123255, 574.7545
4233, 521.713317746948, 210.704905323651, -147.123941122304, 4, 29, 1.874201, 581.5727
4234, 524.120606530276, 206.450174982831, -147.296426171219, 5, 29, 1.299462, 582.2545
4235, 528.95648021036, 203.115460882329, -148.158851415792, 6, 29, 1.073889, 585.6636
4236, 533.773487033691, 199.712707985036, -149.021261219934, 7, 29, 4.553991, 589.0727
4237, 540.430274677866, 196.919538659663, -150.401141611251, 8, 29, 2.2449, 594.5273
4238, 547.078089188315, 194.026453186136, -151.781006562137, 9, 29, 2.22543, 599.9818
4239, 549.974348734585, 189.742625681076, -152.125976659967, 10, 29, 2.530422, 601.3455
4240, 555.338865944639, 186.262324701847, -153.160871513024, 11, 29, 2.683788, 605.4363
4241, 556.920863975654, 181.4774390954, -153.160871513024, 12, 29, 2.576749, 605.4363
4242, 564.750801908335, 178.668807422493, -154.88570656174, 13, 29, 2.934289, 612.2545
4243, 569.420173324093, 174.770985648243, -155.748131806313, 14, 29, 3.026609, 615.6636
4244, 570.902781666162, 169.865373454206, -155.748131806313, 15, 29, 3.099052, 615.6636
4245, 579.949247058836, 167.139242272001, -157.817936952858, 16, 29, 3.353026, 623.8455
4246, 581.36580415002, 162.143323132254, -157.817936952858, 17, 29, 2.906427, 623.8455
4247, 590.382036039, 159.19625480742, -159.887742099402, 18, 29, 3.166339, 632.0273
4248, 587.899759512115, 153.113350503552, -158.852831805915, 19, 29, 3.152133, 627.9363
4249, 592.394137775071, 148.853319664756, -159.715257050488, 20, 29, 3.049712, 631.3455
4250, 622.502966079602, 150.736947092634, -167.477022489923, 21, 29, 3.122126, 662.0273
4251, 623.134397563889, 145.225791247951, -167.304537441009, 22, 29, 3.76217, 661.3455
4252, 630.154005873243, 141.156824703292, -168.85688744081, 23, 29, 3.750673, 667.4818
4253, 631.345158763768, 135.729918529275, -168.85688744081, 24, 29, 3.538329, 667.4818
4254, 644.118893550546, 132.688606354949, -171.961587440412, 25, 29, 2.592917, 679.7545
4255, 645.883872017934, 127.269392234772, -172.134072489327, 26, 29, 3.522326, 680.4363
4256, 657.327286106119, 123.658946635463, -174.89381783153, 27, 29, 3.879361, 691.3455
4257, 659.016185396388, 118.115269982577, -175.066302880445, 28, 29, 3.415308, 692.0273
4258, 647.652829646296, 110.336026545585, -171.789102391497, 29, 29, 3.853096, 679.0727
4259, 669.416566936834, 108.125568909896, -177.308577635474, 30, 29, 3.027825, 700.8909
4260, 672.930420388027, 102.760390058605, -177.998517831132, 31, 29, 3.531144, 703.6182
4261, 684.889203907711, 98.5642362152755, -180.93074822225, 32, 29, 4.380013, 715.2091
4262, 685.058171906475, 92.5796367597985, -180.758263173335, 33, 29, 4.117488, 714.5273
4263, 683.866029261761, 86.4340031202613, -180.240808026591, 34, 29, 3.16225, 712.4818
4264, 695.066283363409, 81.7802812744933, -183.000537928364, 35, 29, 3.909812, 723.3909
4265, 695.088466338766, 75.725649130434, -182.82806831988, 36, 29, 3.529362, 722.7091
4266, 694.401550863221, 69.6108915286537, -182.483098222051, 37, 29, 3.293263, 721.3455
4267, 707.455704783588, 64.7766547542316, -185.760283270568, 38, 29, 3.86769, 734.3
4268, 690.23740109304, 57.2161790283011, -181.103217830734, 39, 29, 3.175256, 715.8909
4269, 690.704126590508, 51.2754377954682, -181.103217830734, 40, 29, 3.001972, 715.8909
4270, 704.94252205319, 46.2375454684721, -184.72538841751, 41, 29, 3.978672, 730.2091
4271, 718.485697290953, 40.9208625630831, -188.175058514942, 42, 29, 3.478524, 743.8455
4272, 720.128930169473, 34.8013659765222, -188.520028612771, 43, 29, 3.577669, 745.2091
4273, 719.742571690592, 28.5781041432561, -188.347543563856, 44, 29, 3.162484, 744.5273
4274, 731.829581113913, 22.7535527904924, -191.452243563458, 45, 29, 3.095939, 756.8
4275, 729.360343222899, 16.3969351236582, -190.7623033678, 46, 29, 3.480769, 754.0727
4276, 730.793587008252, 10.1394038482358, -191.107273465629, 47, 29, 3.41498, 755.4363
4277, 741.407901349636, 3.90708854067269, -193.867018807833, 48, 29, 3.651281, 766.3455
4278, 748.670079101352, -2.49612940767326, -195.764338905463, 49, 29, 3.518234, 773.8455
4279, 746.642096410365, -8.91377628566474, -195.246883758719, 50, 29, 3.101756, 771.8
4280, 747.19727580767, -15.3509105578191, -195.419368807634, 51, 29, 3.361267, 772.4818
4281, 769.455797636841, -22.4326126424846, -201.283814149439, 52, 29, 3.351792, 795.6636
4282, 767.256786113661, -28.977294305548, -200.766359002695, 53, 29, 2.951959, 793.6182
4283, 766.320137420299, -35.5469342630726, -200.593873953781, 54, 29, 3.287822, 792.9363
4284, 759.39949773932, -41.7765013762607, -198.869038905065, 55, 29, 3.315052, 786.1182
4285, 763.620093037569, -48.6019242073788, -200.076418807037, 56, 29, 3.488684, 790.8909
4286, 763.173670928806, -55.1701144499028, -200.076418807037, 57, 29, 3.038098, 790.8909
4287, 766.615726059722, -62.0535455750307, -201.111329100524, 58, 29, 3.44571, 794.9818
4288, 765.396445761201, -68.5881358197898, -200.93884405161, 59, 29, 3.276829, 794.3
4289, 764.12151954257, -75.1063432386912, -200.766359002695, 60, 29, 2.769184, 793.6182
4290, 773.285523769589, -82.730442869706, -203.353619295984, 61, 29, 2.93191, 803.8455
4291, 766.64769738253, -88.6982204685848, -201.801269296183, 62, 29, 2.893216, 797.7091
4292, 765.856185084499, -95.2909753546806, -201.801269296183, 63, 29, 2.738778, 797.7091
4293, 774.16208726182, -103.095735501626, -204.216029100126, 64, 29, 3.025848, 807.2545
4294, 773.899524149073, -109.845308661323, -204.388514149041, 65, 29, 3.028907, 807.9363
4295, 776.187189700573, -116.991248550189, -205.250939393614, 66, 29, 3.077512, 811.3455
4296, 775.151898446415, -123.665031547011, -205.250939393614, 67, 29, 2.798938, 811.3455
4297, 773.408736209528, -130.220136082899, -205.0784543447, 68, 29, 2.3696, 810.6636
4298, 779.404429260483, -138.135797297537, -206.97577444233, 69, 29, 2.338189, 818.1636
4299, 779.484114589928, -145.077879427723, -207.320744540159, 70, 29, 2.335126, 819.5273
4300, 778.854497678853, -151.90526460902, -207.493229589074, 71, 29, 2.230882, 820.2091
4301, 780.750338943431, -159.259900622994, -208.355639393216, 72, 29, 2.225264, 823.6182
4302, 785.157752663561, -167.207946108971, -209.907989393017, 73, 29, 2.131992, 829.7545
4303, 787.553908623567, -174.814712059524, -210.942899686505, 74, 29, 2.010062, 833.8455
4304, 786.663416673453, -181.732629956995, -211.11538473542, 75, 29, 2.056356, 834.5273
4305, 790.201996863404, -189.726162413196, -212.495249686306, 76, 29, 1.661673, 839.9818
4306, 803.901914112258, -200.346188013438, -216.634859979396, 77, 29, 2.136497, 856.3455
4307, 798.316400997643, -206.265233768001, -215.599949685908, 78, 29, 1.939479, 852.2545
4308, 797.14942903558, -213.296612387196, -215.772434734823, 79, 29, 1.621373, 852.9363
4309, 806.092264424978, -223.138865383585, -218.704665125941, 80, 29, 1.903549, 864.5273
4310, 804.77680009828, -230.247460422049, -218.877150174855, 81, 29, 1.95191, 865.2091
4311, 802.766023601281, -237.163029072023, -218.877150174855, 82, 29, 1.770654, 865.2091
4312, 826.565954493313, -251.946547346458, -225.948975418632, 83, 29, 2.019936, 893.1636
4313, 824.367678203896, -259.04878108179, -225.948975418632, 84, 29, 1.800639, 893.1636
4314, 822.735959032829, -266.334998408662, -226.121460467547, 85, 29, 1.816182, 893.8455
4315, 819.788219636324, -273.195195405683, -225.948975418632, 86, 29, 1.728406, 893.1636
4316, 822.39926351599, -281.949737520122, -227.328840369519, 87, 29, 1.694492, 898.6182
4317, 815.588153101488, -287.480006580484, -226.121460467547, 88, 29, 1.745808, 893.8455
4318, 813.084562468762, -294.486474966157, -226.121460467547, 89, 29, 1.799812, 893.8455
4319, 804.338199858675, -299.171547827038, -224.396625418831, 90, 29, 1.859836, 887.0273
4320, 801.734434631698, -306.080791796727, -224.396625418831, 91, 29, 1.965553, 887.0273
4321, 798.457105067497, -312.726811937875, -224.224140369917, 92, 29, 1.969295, 886.3455
4322, 793.2884400752, -318.601588283382, -223.534200174258, 93, 29, 1.980494, 883.6182
4323, 773.438495144352, -318.384337302106, -218.704665125941, 94, 29, 2.519025, 864.5273
4324, 771.278373832561, -325.283355039004, -218.877150174855, 95, 29, 2.35227, 865.2091
4325, 768.451173030469, -331.907194371147, -218.877150174855, 96, 29, 2.717897, 865.2091
4326, 755.914319754456, -334.238354563962, -216.117404832652, 97, 29, 2.62025, 854.3
4327, 743.394952788761, -336.378672710879, -213.357659490449, 98, 29, 1.899559, 843.3909
4328, 733.289966620722, -339.437052227002, -211.287869784334, 99, 29, 2.164145, 835.2091
4329, 729.746181445355, -345.451285407017, -211.11538473542, 100, 29, 1.996913, 834.5273
4330, 726.746998228729, -351.71704605971, -211.11538473542, 101, 29, 2.052046, 834.5273
4331, 727.241589921554, -359.711486964845, -212.150279588477, 102, 29, 2.051606, 838.6182
4332, 715.288868155522, -361.492196474885, -209.563019295188, 103, 29, 1.666931, 828.3909
4333, 706.290749002576, -364.607126526581, -207.838184246472, 104, 29, 2.111175, 821.5727
4334, 702.544095965583, -370.362754119717, -207.665699197558, 105, 29, 2.090816, 820.8909
4335, 692.942203856666, -372.954665178218, -205.768379099927, 106, 29, 1.829148, 813.3909
4336, 678.144923748812, -372.550518998269, -202.318709002496, 107, 29, 1.844336, 799.7545
4337, 674.914495668143, -378.371312798921, -202.318709002496, 108, 29, 2.034283, 799.7545
4338, 664.763008290657, -380.233937743648, -200.248903855951, 109, 29, 2.063974, 791.5727
4339, 661.466969371741, -385.939312630689, -200.248903855951, 110, 29, 2.324522, 791.5727
4340, 652.453260538583, -388.242950024007, -198.524068807236, 111, 29, 1.974499, 784.7545
4341, 649.088769775136, -393.84211859903, -198.524068807236, 112, 29, 1.924914, 784.7545
4342, 631.651696047701, -390.736625317399, -194.211988905662, 113, 29, 2.436026, 767.7091
4343, 625.476615745635, -394.397541482938, -193.349563661089, 114, 29, 2.16385, 764.3
4344, 622.060170957039, -399.764382206942, -193.349563661089, 115, 29, 2.244726, 764.3
4345, 613.631128597755, -401.849181496031, -191.797213661288, 116, 29, 2.176575, 758.1636
4346, 610.151010267377, -407.113830915732, -191.797213661288, 117, 29, 2.268893, 758.1636
4347, 596.260481912593, -405.302663265644, -188.520028612771, 118, 29, 2.297319, 745.2091
4348, 592.75129365849, -410.417732325308, -188.520028612771, 119, 29, 1.93712, 745.2091
4349, 584.885565009198, -412.461132229372, -187.140148221454, 120, 29, 2.0818, 739.7545
4350, 574.349960972723, -412.475898715511, -184.897858025995, 121, 29, 2.36283, 730.8909
4351, 566.520222591626, -414.287179969101, -183.517993075108, 122, 29, 2.026222, 725.4363
4352, 562.934834659149, -419.146039011812, -183.517993075108, 123, 29, 2.262143, 725.4363
4353, 556.1537260961, -421.582996585588, -182.483098222051, 124, 29, 2.157679, 721.3455
4354, 545.716945491668, -421.113521840471, -180.240808026591, 125, 29, 2.158889, 712.4818
4355, 542.592343651054, -426.200613492607, -180.413293075506, 126, 29, 1.936953, 713.1636
4356, 530.146592991564, -423.85057002469, -177.481062684388, 127, 29, 2.30819, 701.5727
4357, 525.968610341984, -427.979788864508, -177.308577635474, 128, 29, 2.153168, 700.8909
4358, 522.266915686652, -432.489245555005, -177.308577635474, 129, 29, 2.290496, 700.8909
4359, 521.048662280191, -439.092083820601, -178.171002880047, 130, 29, 2.23253, 704.3
4360, 523.761176670752, -449.141006970737, -180.413293075506, 131, 29, 2.615336, 713.1636
4361, 519.877498089114, -453.630688237493, -180.413293075506, 132, 29, 2.370674, 713.1636
4362, 525.327599746348, -466.407878763646, -183.690478124023, 133, 29, 1.838021, 726.1182
4363, 527.65870001545, -476.658751344536, -185.932768319482, 134, 29, 2.089818, 734.9818
4364, 530.823170999191, -487.876595330443, -188.520028612771, 135, 29, 1.93667, 745.2091
4365, 542.023889844317, -506.842802267114, -194.039503856747, 136, 29, 2.129814, 767.0273
4366, 537.643084032975, -511.487475470765, -194.039503856747, 137, 29, 2.087996, 767.0273
4367, 533.696469427827, -516.553050523022, -194.211988905662, 138, 29, 1.7229, 767.7091
4368, 541.452976730257, -533.159074001191, -198.69655385615, 139, 29, 2.049327, 785.4363
4369, 542.438050561494, -543.400055875761, -200.766359002695, 140, 29, 1.979595, 793.6182
4370, 526.192967539249, -536.27589029793, -196.454263660691, 141, 29, 7.101671, 776.5727
4371, 496.195861544348, 215.456096162909, -146.48286308392, 1, 28, 1.5481, 560.4363
4372, 503.484288147076, 213.491230626842, -148.086739249912, 2, 28, 1.219937, 566.5727
4373, 510.167196333899, 211.165053647059, -149.512421133402, 3, 28, 1.579439, 572.0273
4374, 511.965122915782, 206.767891643709, -149.512421133402, 4, 28, 1.93551, 572.0273
4375, 522.910005253155, 205.973321292322, -152.185542759077, 5, 28, 3.285792, 582.2545
4376, 524.662791869183, 201.46671562836, -152.185542759077, 6, 28, 1.50365, 582.2545
4377, 528.842301942729, 197.867692539319, -152.898383700822, 7, 28, 2.650561, 584.9818
4378, 530.52513026092, 193.31034694644, -152.898383700822, 8, 28, 2.818392, 584.9818
4379, 537.130771000339, 190.498542080081, -154.324049631377, 9, 28, 2.053984, 590.4363
4380, 538.749890280153, 185.870157403433, -154.324049631377, 10, 28, 1.551856, 590.4363
4381, 554.056157476453, 185.832100426453, -158.244642905106, 11, 28, 1.666675, 605.4363
4382, 555.634501446145, 181.058266834665, -158.244642905106, 12, 28, 1.901609, 605.4363
4383, 557.171714171288, 176.271030274142, -158.244642905106, 13, 28, 1.54005, 605.4363
4384, 568.104940187949, 174.367303793736, -160.917780483715, 14, 28, 2.28694, 615.6636
4385, 569.584124036628, 169.47302246575, -160.917780483715, 15, 28, 2.411191, 615.6636
4386, 574.815390759876, 165.659683748401, -161.987025943398, 16, 28, 2.16363, 619.7545
4387, 576.853336656898, 160.884792840933, -162.165236178834, 17, 28, 2.262558, 620.4363
4388, 579.487049135089, 156.258426409193, -162.521656649707, 18, 28, 2.177005, 621.8
4389, 589.089350252058, 153.423169007427, -164.838373757444, 19, 28, 2.253653, 630.6636
4390, 591.025839923748, 148.509501817023, -165.01658399288, 20, 28, 2.754665, 631.3455
4391, 592.281701585657, 143.41897208637, -165.01658399288, 21, 28, 2.770987, 631.3455
4392, 617.84942292144, 143.994091269302, -171.78850912772, 22, 28, 2.99861, 657.2545
4393, 620.349856521479, 138.960659038212, -172.144929598592, 23, 28, 2.692333, 658.6182
4394, 622.809319101083, 133.894838611558, -172.501350069465, 24, 28, 1.104783, 659.9818
4395, 634.896132820528, 130.788716008206, -175.530892166012, 25, 28, 3.481794, 671.5727
4396, 636.643611596109, 125.448627885443, -175.709102401448, 26, 28, 2.89607, 672.2545
4397, 638.346151751642, 120.08814236515, -175.887312636884, 27, 28, 2.235286, 672.9363
4398, 645.185870604926, 115.636466879198, -177.491188802876, 28, 28, 2.536021, 679.0727
4399, 646.156896586363, 110.081175022893, -177.491188802876, 29, 28, 3.057092, 679.0727
4400, 651.628000981371, 105.252322400885, -178.73866045093, 30, 28, 3.535992, 683.8455
4401, 652.509446036489, 99.6419884732953, -178.73866045093, 31, 28, 3.015194, 683.8455
4402, 663.76504861011, 95.5242025562232, -181.589992312041, 32, 28, 2.903365, 694.7545
4403, 668.475507203955, 90.338634261578, -182.659253724659, 33, 28, 2.417168, 698.8455
4404, 672.492595116287, 84.9965118568348, -183.550288948905, 34, 28, 3.18162, 702.2545
4405, 673.852605697451, 79.2843171227097, -183.728499184341, 35, 28, 2.924047, 702.9363
4406, 693.482967576501, 75.5507398320666, -188.896564106124, 36, 28, 3.490307, 722.7091
4407, 693.452478735985, 69.5157509621907, -188.718353870688, 37, 28, 3.196472, 722.0273
4408, 692.058765852151, 63.3668672711569, -188.183723164379, 38, 28, 2.824273, 719.9818
4409, 688.643107205586, 57.08402246254, -187.114461751761, 39, 28, 2.036839, 715.8909
4410, 689.108754671631, 51.157003012125, -187.114461751761, 40, 28, 2.003004, 715.8909
4411, 698.060574609049, 45.7861549679625, -189.431178859498, 41, 28, 4.759066, 724.7545
4412, 703.028070640196, 40.040483986151, -190.678650507552, 42, 28, 3.891121, 729.5273
4413, 703.346547494949, 33.9903308730211, -190.678650507552, 43, 28, 3.356616, 729.5273
4414, 707.558523361055, 28.0943242256251, -191.747895967235, 44, 28, 3.525391, 733.6182
4415, 726.850197368046, 22.5987371423557, -196.915944936083, 45, 28, 3.28156, 753.3909
4416, 727.675684096763, 16.3590618739629, -197.094155171519, 46, 28, 2.938433, 754.0727
4417, 727.789499861765, 10.09772360731, -197.094155171519, 47, 28, 3.280416, 754.0727
4418, 727.191327512716, 3.83216971039755, -196.915944936083, 48, 28, 3.060629, 753.3909
4419, 727.197383075405, -2.42453762177374, -196.915944936083, 49, 28, 2.548488, 753.3909
4420, 744.917520302872, -8.8931874577863, -201.727589386992, 50, 28, 2.882412, 771.8
4421, 745.471417360046, -15.3154533907191, -201.905799622429, 51, 28, 2.685946, 772.4818
4422, 742.022842127625, -21.6328358827711, -201.014748445247, 52, 28, 2.838574, 769.0727
4423, 761.538734080848, -28.7613383445085, -206.361023602466, 53, 28, 3.39769, 789.5273
4424, 756.661185817726, -35.098888986822, -205.113551954412, 54, 28, 3.338833, 784.7545
4425, 756.331197889338, -41.6077063832602, -205.113551954412, 55, 28, 3.080568, 784.7545
4426, 755.945221998756, -48.1134437392366, -205.113551954412, 56, 28, 3.435348, 784.7545
4427, 757.47251426037, -54.7579756696017, -205.648182660721, 57, 28, 2.915869, 786.8
4428, 757.629331241534, -61.3261437732546, -205.826392896157, 58, 28, 2.969945, 787.4818
4429, 753.796177485159, -67.5486212251383, -204.935341718976, 59, 28, 3.116504, 784.0727
4430, 761.701604024067, -74.8684870850651, -207.252058826713, 60, 28, 2.381944, 792.9363
4431, 761.029262232636, -81.4191989452935, -207.252058826713, 61, 28, 2.763052, 792.9363
4432, 764.876912815028, -88.4933474343256, -208.499530474767, 62, 28, 2.904616, 797.7091
4433, 764.087228733227, -95.0708745324172, -208.499530474767, 63, 28, 2.817751, 797.7091
4434, 763.240982543456, -101.641363940481, -208.499530474767, 64, 28, 3.475709, 797.7091
4435, 759.080280472032, -107.741903316008, -207.608479297585, 65, 28, 2.620696, 794.3
4436, 771.140513802791, -116.230585501192, -211.172652100441, 66, 28, 2.938978, 807.9363
4437, 773.361471078115, -123.379393006453, -212.063703277623, 67, 28, 2.829653, 811.3455
4438, 771.622335155789, -129.919356718217, -211.885493042186, 68, 28, 2.588613, 810.6636
4439, 769.827959614048, -136.438535618948, -211.70728280675, 69, 28, 2.622726, 809.9818
4440, 763.449554029012, -142.093520926771, -210.281616876195, 70, 28, 2.396798, 804.5273
4441, 777.055518135149, -151.55439745164, -214.38042038536, 71, 28, 2.196165, 820.2091
4442, 775.722822376861, -158.234372039995, -214.38042038536, 72, 28, 2.196315, 820.2091
4443, 783.344214011821, -166.821733182819, -216.875331775598, 73, 28, 2.026489, 829.7545
4444, 782.522413644489, -173.697862360265, -217.053542011034, 74, 28, 2.006502, 830.4363
4445, 784.846400274892, -181.312868262493, -218.122803423652, 75, 28, 1.779417, 834.5273
4446, 783.897317296244, -188.212419516734, -218.301013659088, 76, 28, 1.915982, 835.2091
4447, 786.080453082345, -195.904773309114, -219.370259118771, 77, 28, 1.980019, 839.3
4448, 795.835272038282, -205.624171346922, -222.578011450754, 78, 28, 2.004019, 851.5727
4449, 794.672435589295, -212.633832873401, -222.756221686191, 79, 28, 1.779381, 852.2545
4450, 793.447845739865, -219.638693798582, -222.934431921627, 80, 28, 2.224247, 852.9363
4451, 802.917945838674, -229.715640329177, -226.142200206545, 81, 28, 1.856531, 865.2091
4452, 797.756040940398, -235.682918269472, -225.251149029364, 82, 28, 1.700448, 861.8
4453, 795.698759032834, -242.537880947534, -225.251149029364, 83, 28, 1.7239, 861.8
4454, 805.511663457385, -253.123478858895, -228.637111596783, 84, 28, 1.457529, 874.7545
4455, 805.808568262958, -260.855285817692, -229.349952538529, 85, 28, 1.862397, 877.4818
4456, 803.534411789586, -267.778598650065, -229.349952538529, 86, 28, 1.978091, 877.4818
4457, 799.955669915217, -274.255220263757, -228.993532067656, 87, 28, 1.738195, 876.1182
4458, 796.945748298167, -280.908897577546, -228.81532183222, 88, 28, 2.127027, 875.4363
4459, 794.49938379098, -287.755214765104, -228.81532183222, 89, 28, 1.772129, 875.4363
4460, 802.480358667442, -298.480528520861, -231.844879881702, 90, 28, 1.823267, 887.0273
4461, 799.882607555288, -305.373813683609, -231.844879881702, 91, 28, 1.666259, 887.0273
4462, 797.225644556442, -312.244493329642, -231.844879881702, 92, 28, 1.677336, 887.0273
4463, 791.456121355587, -317.865689933149, -230.95382870452, 93, 28, 2.112816, 883.6182
4464, 770.434873106728, -317.14790257852, -225.607569500236, 94, 28, 2.008003, 863.1636
4465, 767.071300649681, -323.50903991978, -225.4293592648, 95, 28, 1.915574, 862.4818
4466, 760.634469018845, -328.531026321984, -224.360097852182, 96, 28, 2.322637, 858.3909
4467, 749.35311803222, -331.337225149832, -221.865186461944, 97, 28, 1.724743, 848.8455
4468, 746.474642818968, -337.772201199115, -221.865186461944, 98, 28, 2.01257, 848.8455
4469, 739.360234439482, -342.246955414583, -220.61771481389, 99, 28, 2.49286, 844.0727
4470, 728.060631119294, -344.653370266711, -218.122803423652, 100, 28, 2.369579, 834.5273
4471, 725.068375344535, -350.904658414882, -218.122803423652, 101, 28, 1.903578, 834.5273
4472, 713.173919698529, -352.753273017536, -215.449665845042, 102, 28, 2.268562, 824.3
4473, 711.87464451454, -359.766718478257, -215.984296551351, 103, 28, 2.69305, 826.3455
4474, 696.472318118132, -359.538576673942, -212.241913513059, 104, 28, 1.837072, 812.0273
4475, 685.202719372421, -361.220836861921, -209.746986169886, 105, 28, 1.947994, 802.4818
4476, 685.546552778313, -368.974185195398, -210.816231629569, 106, 28, 1.912025, 806.5727
4477, 682.346620590244, -374.858793062013, -210.816231629569, 107, 28, 2.239772, 806.5727
4478, 673.3555942622, -377.497359764461, -209.034145228141, 108, 28, 2.039006, 799.7545
4479, 666.083920675134, -380.989478757663, -207.786689533022, 109, 28, 2.040773, 794.9818
4480, 659.939128741326, -385.047879210708, -206.89563835584, 110, 28, 2.570063, 791.5727
4481, 645.8561948045, -384.317359614683, -203.50967578842, 111, 28, 1.836498, 778.6182
4482, 637.461925942278, -386.787396624193, -201.905799622429, 112, 28, 2.168075, 772.4818
4483, 628.513647167784, -388.795443749944, -200.123713221001, 113, 28, 2.021394, 765.6636
4484, 624.588596870467, -393.837596550801, -199.945502985565, 114, 28, 2.129251, 764.9818
4485, 613.42593307684, -394.215625136231, -197.450575642391, 115, 28, 1.959788, 755.4363
4486, 610.011499479524, -399.47879164667, -197.450575642391, 116, 28, 1.981641, 755.4363
4487, 608.741698015458, -406.173489098411, -198.163416584137, 117, 28, 1.871329, 758.1636
4488, 587.263324029142, -399.186926666285, -192.282526673544, 118, 28, 1.791123, 735.6636
4489, 583.807086996397, -404.224812874979, -192.282526673544, 119, 28, 2.06109, 735.6636
4490, 580.307633223147, -409.232776050478, -192.282526673544, 120, 28, 1.982617, 735.6636
4491, 576.765221758979, -414.210445474696, -192.282526673544, 121, 28, 1.721229, 735.6636
4492, 564.149224399793, -412.553306904319, -189.252968624062, 122, 28, 2.03548, 724.0727
4493, 560.578842018691, -417.391830669409, -189.252968624062, 123, 28, 2.348625, 724.0727
4494, 554.344667020769, -420.211669720026, -188.361933399815, 124, 28, 2.106618, 720.6636
4495, 547.061557407692, -422.151118829429, -187.114461751761, 125, 28, 1.712261, 715.8909
4496, 540.821526810981, -424.809655377453, -186.223426527515, 126, 28, 1.989414, 712.4818
4497, 531.492238782443, -424.926409694426, -184.26312989065, 127, 28, 2.042171, 704.9818
4498, 524.753740589732, -426.991251355152, -183.193868478033, 128, 28, 1.903198, 700.8909
4499, 521.060596020432, -431.490292210133, -183.193868478033, 129, 28, 1.778909, 700.8909
4500, 519.845156506636, -438.077879397375, -184.084919655214, 130, 28, 2.515269, 704.3
4501, 516.056807147122, -442.534277720752, -184.084919655214, 131, 28, 2.317119, 704.3
4502, 515.701396432284, -449.986737738191, -185.332375350333, 132, 28, 1.770195, 709.0727
4503, 524.114210585082, -465.33058096872, -189.787599330371, 133, 28, 1.751793, 726.1182
4504, 520.091228042791, -469.822700425226, -189.787599330371, 134, 28, 2.074877, 726.1182
4505, 520.390661535856, -478.288134472294, -191.391475496362, 135, 28, 1.624426, 732.2545
4506, 522.02470793707, -488.141705155269, -193.529982368663, 136, 28, 1.98184, 740.4363
4507, 526.388192211836, -500.780118907915, -196.737750653581, 137, 28, 1.560004, 752.7091
4508, 531.990854240099, -514.902223173191, -200.480133691873, 138, 28, 1.305625, 767.0273
4509, 521.913836645984, -513.919231795465, -198.341626819573, 139, 28, 1.950923, 758.8455
4510, 524.447060157375, -525.377158734348, -201.014748445247, 140, 28, -1.055124, 769.0727
4511, 506.5407238447, -516.247069819899, -195.8466994764, 141, 28, 1.413136, 749.3
4512, 481.158553863654, 208.926659178894, -146.947543313885, 1, 27, 4.609909, 544.7545
4513, 502.280646189851, 212.980853225339, -152.832996861656, 2, 27, 1.176086, 566.5727
4514, 503.487851005477, 208.400382918053, -152.649074894766, 3, 27, 1.349482, 565.8909
4515, 505.871012540156, 204.306656888818, -152.832996861656, 4, 27, 1.028633, 566.5727
4516, 508.220957347982, 200.187331440807, -153.016918828546, 5, 27, 1.514619, 567.2545
4517, 521.569830838914, 200.27904097334, -156.511419735218, 6, 27, 0.4423695, 580.2091
4518, 523.2736749483, 195.784176583897, -156.511419735218, 7, 27, 0.6604877, 580.2091
4519, 527.406222796483, 192.173893554029, -157.247091138543, 8, 27, 1.636955, 582.9363
4520, 535.846692931345, 190.043131566911, -159.270216310096, 9, 27, 1.921758, 590.4363
4521, 538.082591489965, 185.639937530715, -159.454138276986, 10, 27, 1.547189, 591.1182
4522, 547.751918506783, 183.717639728714, -161.84510738232, 11, 27, 1.425292, 599.9818
4523, 549.312303543203, 178.998124435456, -161.84510738232, 12, 27, 1.545937, 599.9818
4524, 555.839725729258, 175.849632401604, -163.316466653204, 13, 27, 2.342624, 605.4363
4525, 557.332117119321, 171.06082293106, -163.316466653204, 14, 27, 1.932875, 605.4363
4526, 560.041820519717, 166.633822863704, -163.684310586983, 15, 27, 1.708375, 606.8
4527, 573.441222909429, 165.263653622587, -167.178795029421, 16, 27, 2.014193, 619.7545
4528, 575.474296842725, 160.500177687091, -167.362716996311, 17, 27, 1.929097, 620.4363
4529, 577.46780593926, 155.713938374838, -167.546638963201, 18, 27, 1.964315, 621.1182
4530, 587.045704359724, 152.890919308809, -169.937608068534, 19, 27, 2.113798, 629.9818
4531, 588.339409917058, 147.834471463001, -169.937608068534, 20, 27, 1.740482, 629.9818
4532, 594.056259010823, 143.848675048903, -171.225045372528, 21, 27, 2.517971, 634.7545
4533, 609.338887222914, 142.010651925247, -175.271295715635, 22, 27, 1.702153, 649.7545
4534, 604.772167690993, 135.471199206118, -173.616014477861, 23, 27, 1.564141, 643.6182
4535, 606.557225235791, 130.400877589372, -173.799936444751, 24, 27, 2.508207, 644.3
4536, 607.656710132616, 125.17739010151, -173.799936444751, 25, 27, 2.899077, 644.3
4537, 635.76579795716, 125.275657459698, -181.524593197186, 26, 27, 2.550716, 672.9363
4538, 623.270380442414, 117.252030067333, -177.662264820969, 27, 27, 1.897955, 658.6182
4539, 635.888519425808, 113.970105462014, -180.972827296516, 28, 27, 3.059469, 670.8909
4540, 637.492776197788, 108.605130183083, -181.156749263406, 29, 27, 2.666036, 671.5727
4541, 650.070203010415, 105.000703603001, -184.467328203189, 30, 27, 3.516207, 683.8455
4542, 651.598565927457, 99.5028917814757, -184.651250170079, 31, 27, 2.749598, 684.5273
4543, 653.080399222676, 93.9865461001253, -184.835172136969, 32, 27, 2.361516, 685.2091
4544, 666.877433169095, 90.1226684943923, -188.513578546296, 33, 27, 3.158792, 698.8455
4545, 670.884917731986, 84.7933170992284, -189.433171916511, 34, 27, 2.941365, 702.2545
4546, 672.241677038311, 79.0947780787209, -189.6170938834, 35, 27, 2.233054, 702.9363
4547, 672.897306398242, 73.3080575966472, -189.6170938834, 36, 27, 2.29971, 702.9363
4548, 673.503124049947, 67.5159104327592, -189.6170938834, 37, 27, 2.58057, 702.9363
4549, 678.635781748941, 62.1378207016743, -190.904547651629, 38, 27, 2.931902, 707.7091
4550, 686.996820008747, 56.9475559905158, -193.111578325838, 39, 27, 2.718838, 715.8909
4551, 687.461354286474, 51.0347058189834, -193.111578325838, 40, 27, 3.06479, 715.8909
4552, 686.56477528271, 45.0321395306473, -192.743750856293, 41, 27, 4.113857, 714.5273
4553, 677.094569339213, 38.5634591177112, -189.98493781718, 42, 27, 3.496997, 704.3
4554, 700.353542978941, 33.8456892107197, -196.422157265621, 43, 27, 3.476282, 728.1636
4555, 705.867016503823, 28.0271612412105, -197.893516536505, 44, 27, 3.266345, 733.6182
4556, 707.394492136415, 21.9938334496266, -198.261360470284, 45, 27, 3.01428, 734.9818
4557, 708.870304554125, 15.9362933601528, -198.629204404064, 46, 27, 3.203175, 736.3455
4558, 724.080230292633, 10.0462593049242, -202.859376714061, 47, 27, 2.839096, 752.0273
4559, 724.796405090916, 3.81954889271678, -203.043298680951, 48, 27, 2.768395, 752.7091
4560, 725.458927075765, -2.41874146233612, -203.227204183606, 49, 27, 2.541823, 753.3909
4561, 740.510694091136, -8.84057662433601, -207.457376493603, 50, 27, 2.605989, 769.0727
4562, 740.407223644788, -15.2114112758889, -207.457376493603, 51, 27, 2.724275, 769.0727
4563, 740.248944019919, -21.5811198917556, -207.457376493603, 52, 27, 2.819999, 769.0727
4564, 745.284515287605, -28.1474587539945, -208.928752228722, 53, 27, 2.889481, 774.5273
4565, 754.852292924553, -35.014980717128, -211.6875488036, 54, 27, 3.184947, 784.7545
4566, 754.523093873445, -41.5082379741642, -211.6875488036, 55, 27, 2.819922, 784.7545
4567, 754.138040706346, -47.9984225539594, -211.6875488036, 56, 27, 2.724678, 784.7545
4568, 746.493981066241, -53.9643333364287, -209.664423632047, 57, 27, 2.673696, 777.2545
4569, 751.891673320075, -60.8617102830193, -211.319704869821, 58, 27, 2.406937, 783.3909
4570, 751.994133751569, -67.3871378252124, -211.50362683671, 59, 27, 2.465029, 784.0727
4571, 752.039918927973, -73.9188294474609, -211.6875488036, 60, 27, 2.777039, 784.7545
4572, 747.459223791997, -79.9673997644679, -210.584033466496, 61, 27, 2.377657, 780.6636
4573, 746.743539430155, -86.3953851554039, -210.584033466496, 62, 27, 2.527503, 780.6636
4574, 755.093867264976, -93.9518835224637, -213.158924538719, 63, 27, 2.18224, 790.2091
4575, 754.257581453536, -100.445037799082, -213.158924538719, 64, 27, 2.060952, 790.2091
4576, 757.265604431513, -107.484332864585, -214.262439875823, 65, 27, 2.064361, 794.3
4577, 756.312808555085, -113.995671329609, -214.262439875823, 66, 27, 1.838096, 794.3
4578, 757.897425129052, -120.912313026428, -214.998127743383, 67, 27, 1.939174, 797.0273
4579, 757.476510843751, -127.537600370407, -215.182049710273, 68, 27, 2.044271, 797.7091
4580, 758.290538112969, -134.393729536282, -215.733799146707, 69, 27, 2.233645, 799.7545
4581, 757.106182834216, -140.91289027101, -215.733799146707, 70, 27, 2.038755, 799.7545
4582, 755.86578222445, -147.421619827446, -215.733799146707, 71, 27, 1.953182, 799.7545
4583, 762.288989451858, -155.494096704966, -217.940846285151, 72, 27, 1.929809, 807.9363
4584, 760.280795333387, -161.910125478011, -217.756924318261, 73, 27, 1.860866, 807.2545
4585, 763.346261327023, -169.441298448791, -219.04437808649, 74, 27, 1.579981, 812.0273
4586, 783.609827724192, -181.027198969873, -225.297675568041, 75, 27, 1.733053, 835.2091
4587, 782.023313035404, -187.76247426455, -225.297675568041, 76, 27, 1.753844, 835.2091
4588, 779.741845459665, -194.32508323471, -225.113753601151, 77, 27, 1.773432, 834.5273
4589, 787.576050740355, -203.490192626668, -227.872550176029, 78, 27, 1.598588, 844.7545
4590, 785.796123481512, -210.258760855383, -227.872550176029, 79, 27, 1.61149, 844.7545
4591, 791.551009750173, -219.113620119999, -230.079597314473, 80, 27, 1.812974, 852.9363
4592, 789.005292592207, -225.7352160956, -229.895675347583, 81, 27, 1.686772, 852.2545
4593, 787.033922023177, -232.515257798403, -229.895675347583, 82, 27, 1.581481, 852.2545
4594, 783.748246776006, -238.89523115563, -229.527831413803, 83, 27, 1.562069, 850.8909
4595, 799.201581439872, -251.140602651613, -234.677613558249, 84, 27, 1.547266, 869.9818
4596, 801.383641982334, -259.422854524311, -235.965050862243, 85, 27, 1.344064, 874.7545
4597, 799.121973555307, -266.308149457511, -235.965050862243, 86, 27, 1.446108, 874.7545
4598, 797.422212854304, -273.386654853947, -236.148972829133, 87, 27, 1.453469, 875.4363
4599, 793.80213338622, -279.800830433441, -235.781128895354, 88, 27, 1.242351, 874.0727
4600, 790.748111148861, -286.396562654357, -235.597206928464, 89, 27, 1.618219, 873.3909
4601, 787.639455531765, -292.960492343253, -235.413301425809, 90, 27, 1.388037, 872.7091
4602, 782.022901064507, -298.555454800886, -234.493691591359, 91, 27, 1.159906, 869.3
4603, 775.145995313964, -303.596692123436, -233.206254287365, 92, 27, 1.88836, 864.5273
4604, 771.286739733105, -309.76523530027, -232.838410353586, 93, 27, 1.880489, 863.1636
4605, 767.985931250394, -316.139800790316, -232.654488386696, 94, 27, 1.820625, 862.4818
4606, 764.632572552384, -322.480516776346, -232.470566419806, 95, 27, 1.807139, 861.8
4607, 758.816077496854, -327.745631947541, -231.550956585357, 96, 27, 1.929387, 858.3909
4608, 747.561695986142, -330.545122207258, -228.976081977368, 97, 27, 1.821204, 848.8455
4609, 740.502965767916, -335.070077929708, -227.688628209139, 98, 27, 1.619525, 844.0727
4610, 726.272390020409, -336.188643516373, -224.194143766702, 99, 27, 1.912237, 831.1182
4611, 721.572779143249, -341.582114997905, -223.642377866032, 100, 27, 1.782845, 829.0727
4612, 714.470397123459, -345.77565258038, -222.354940562038, 101, 27, 1.782167, 824.3
4613, 707.938071081818, -350.163494163382, -221.251425224933, 102, 27, 1.710516, 820.2091
4614, 698.453547758816, -352.983973825961, -219.22830005338, 103, 27, 1.534588, 812.7091
4615, 686.056377557644, -354.161575540635, -216.285565047377, 104, 27, 1.569501, 801.8
4616, 682.983870349443, -360.051118064417, -216.285565047377, 105, 27, 1.697299, 801.8
4617, 680.438935520109, -366.225168504266, -216.469487014267, 106, 27, 1.68927, 802.4818
4618, 663.452574288428, -364.479025391104, -212.05539273738, 107, 27, 1.520949, 786.1182
4619, 660.864826112886, -370.494771476822, -212.23931470427, 108, 27, 1.764015, 786.8
4620, 657.652724736315, -376.166967890296, -212.23931470427, 109, 27, 1.754545, 786.8
4621, 647.019927498164, -377.510046063485, -209.848345598937, 110, 27, 1.472115, 777.9363
4622, 639.234318688915, -380.37700576361, -208.376986328052, 111, 27, 1.602281, 772.4818
4623, 635.937993739704, -385.862733134065, -208.376986328052, 112, 27, 1.729105, 772.4818
4624, 627.011106941149, -387.86597977283, -206.537783123389, 113, 27, 1.667244, 765.6636
4625, 615.320432139425, -387.993506952624, -203.778970084276, 114, 27, 1.542145, 755.4363
4626, 611.959461911636, -393.273203539811, -203.778970084276, 115, 27, 1.627414, 755.4363
4627, 608.553190943491, -398.52378779458, -203.778970084276, 116, 27, 1.721305, 755.4363
4628, 589.264003645357, -393.177298583308, -198.445282437174, 117, 27, 1.271555, 735.6636
4629, 581.515582530377, -395.279951429994, -196.97392316629, 118, 27, 1.297167, 730.2091
4630, 578.09317283915, -400.268530170568, -196.97392316629, 119, 27, 1.257023, 730.2091
4631, 574.091417617889, -404.849102593455, -196.7900011994, 120, 27, 1.191949, 729.5273
4632, 558.854965652495, -401.347993162111, -192.743750856293, 121, 27, 1.345046, 714.5273
4633, 562.800555349717, -411.567046793582, -195.318625464282, 122, 27, 1.671908, 724.0727
4634, 559.238708412796, -416.394003464422, -195.318625464282, 123, 27, 1.762241, 724.0727
4635, 552.496222332025, -418.810487251335, -194.215110127177, 124, 27, 1.679907, 719.9818
4636, 543.154870460471, -419.136444807185, -192.191984955624, 125, 27, 1.59783, 712.4818
4637, 534.365544575873, -419.738548824814, -190.35278175096, 126, 27, 1.54575, 705.6636
4638, 530.734444616876, -424.320555590517, -190.35278175096, 127, 27, 1.534156, 705.6636
4639, 518.915975838437, -422.241071826234, -187.410046744957, 128, 27, 1.329096, 694.7545
4640, 510.712897599128, -422.921362896322, -185.754765507183, 129, 27, 1.435878, 688.6182
4641, 514.083976153946, -433.222884327896, -188.329656579406, 130, 27, 1.522044, 698.1636
4642, 518.311819663796, -444.46801897074, -191.272375121174, 131, 27, 1.391699, 709.0727
4643, 514.468547954669, -448.910988344442, -191.272375121174, 132, 27, 1.410298, 709.0727
4644, 522.861250226459, -464.218150204902, -195.870391364951, 133, 27, 1.494557, 726.1182
4645, 522.745419819894, -472.220355838215, -197.341750635835, 134, 27, 1.508773, 731.5727
4646, 519.146602785428, -477.144727061484, -197.525672602725, 135, 27, 1.366007, 732.2545
4647, 515.501710549552, -482.042095272722, -197.709594569615, 136, 27, 1.157325, 732.9363
4648, 525.129795616649, -499.58294160437, -203.043298680951, 137, 27, 1.115676, 752.7091
4649, 525.05792248045, -508.191991319204, -204.698579918725, 138, 27, 0.3680754, 758.8455
4650, 513.648889405519, -505.780885887746, -201.939766879612, 139, 27, 2.911882, 748.6182
4651, 506.495280137112, -507.393541515787, -200.836251542508, 140, 27, 1.746986, 744.5273
4652, 504.869951477552, -514.54428207101, -201.939766879612, 141, 27, 0.8644457, 748.6182
4653, 406.079123002747, 176.325982048945, -128.176890676685, 1, 26, 0.1956577, 460.8909
4654, 476.920921062853, 202.22763003014, -149.982990830456, 2, 26, 0.6688728, 539.3
4655, 502.848439095893, 208.135721741952, -157.567715414623, 3, 26, 0.6920242, 566.5727
4656, 505.227842419578, 204.046899097032, -157.757335226657, 4, 26, 0.4605303, 567.2545
4657, 506.964709066326, 199.692497476375, -157.757335226657, 5, 26, 0.5473471, 567.2545
4658, 502.550105421401, 192.975604039366, -155.861154080615, 6, 26, -1.006525, 560.4363
4659, 517.073042888932, 193.464194325736, -159.843136184732, 7, 26, 1.27239, 574.7545
4660, 523.025862185141, 190.577797570579, -161.170474868965, 8, 26, 0.2567201, 579.5273
4661, 525.2634406053, 186.289680363916, -161.360094680998, 9, 26, 0.6919589, 580.2091
4662, 531.799658383593, 183.472308754346, -162.877036202973, 10, 26, 0.2436514, 585.6636
4663, 537.084051371391, 180.139605029363, -164.014738100882, 11, 26, 0.4001236, 589.7545
4664, 547.954483430826, 178.555667108597, -166.85901830709, 12, 26, 0.7920465, 599.9818
4665, 545.099548862089, 172.451789342542, -165.531696597148, 13, 26, 0.6155128, 595.2091
4666, 554.702275638182, 170.253650987933, -167.996720204998, 14, 26, 0.898819, 604.0727
4667, 557.40202067927, 165.848381628976, -168.375959829065, 15, 26, 0.834219, 605.4363
4668, 559.43761875441, 161.227866354275, -168.565579641098, 16, 26, 1.012654, 606.1182
4669, 565.219967268829, 157.640238107336, -169.89290135104, 17, 26, 1.077806, 610.8909
4670, 575.408049283062, 155.15852590382, -172.547561745215, 18, 26, 0.8428822, 620.4363
4671, 585.594612769161, 152.512995195516, -175.20222213939, 19, 26, 1.216725, 629.9818
4672, 586.885120474538, 147.469046153282, -175.20222213939, 20, 26, 1.373321, 629.9818
4673, 584.949532340232, 141.643512582004, -174.254123079223, 21, 26, 1.364764, 626.5727
4674, 586.7843785287, 136.754167314333, -174.443742891257, 22, 26, 1.255863, 627.2545
4675, 598.803698919236, 134.134240157521, -177.667262721532, 23, 26, 1.027673, 638.8455
4676, 600.575887884363, 129.114978077613, -177.856882533565, 24, 26, 1.470675, 639.5273
4677, 606.154671133823, 124.867969801258, -179.184204243507, 25, 26, 1.480479, 644.3
4678, 607.20656722738, 119.64815057318, -179.184204243507, 26, 26, 1.285341, 644.3
4679, 621.729746721751, 116.962200104277, -183.166186347623, 27, 26, 2.013507, 658.6182
4680, 622.7130471461, 111.608669582363, -183.166186347623, 28, 26, 1.809372, 658.6182
4681, 632.688925740145, 107.786732196765, -185.820846741799, 29, 26, 1.283117, 668.1636
4682, 632.299784789558, 102.130388354173, -185.441607117732, 30, 26, 1.223312, 666.8
4683, 645.455963658254, 98.5648806795341, -189.044349597782, 31, 26, 2.74449, 679.7545
4684, 651.4660794717, 93.7542250292801, -190.561308094049, 32, 26, 2.657904, 685.2091
4685, 660.036800564384, 89.1982166628217, -192.836711889865, 33, 26, 2.765491, 693.3909
4686, 665.328105839515, 84.090990216621, -194.164050574099, 34, 26, 2.447532, 698.1636
4687, 670.57999339574, 78.8992672922947, -195.49137228404, 35, 26, 2.345506, 702.9363
4688, 671.23400213526, 73.1268507415268, -195.49137228404, 36, 26, 1.975993, 702.9363
4689, 644.468846649199, 64.6053438704525, -187.527408075807, 37, 26, 1.925571, 674.3
4690, 656.088084212055, 60.0732894398952, -190.75091093179, 38, 26, 1.908841, 685.8909
4691, 652.664590028346, 54.1016380296972, -189.613209033882, 39, 26, 0.4960365, 681.8
4692, 662.249652175245, 49.163077992314, -192.267869428057, 40, 26, 7.000259, 691.3455
4693, 673.757877655353, 44.192128476086, -195.49137228404, 41, 26, 0.1494598, 702.9363
4694, 675.420890052768, 38.4681358561438, -195.870611908107, 42, 26, 1.558098, 704.3
4695, 675.726860652921, 32.6555659584659, -195.870611908107, 43, 26, 2.47238, 704.3
4696, 683.181264101113, 27.1264005800619, -197.956412866182, 44, 26, 1.872819, 711.8
4697, 687.971574541066, 21.3899491680177, -199.283734576124, 45, 26, 1.284357, 716.5727
4698, 695.987211158762, 15.6466652654001, -201.559155346232, 46, 26, 1.239618, 724.7545
4699, 697.405796260352, 9.67616456971498, -201.938394970299, 47, 26, 1.490873, 726.1182
4700, 717.765479405419, 3.78249715759753, -207.816558220457, 48, 26, 1.683562, 747.2545
4701, 723.665698131987, -2.41276268526702, -209.523119554465, 49, 26, 1.916052, 753.3909
4702, 723.618154410387, -8.6389052742543, -209.523119554465, 50, 26, 1.655859, 753.3909
4703, 723.517044333219, -14.8644083620505, -209.523119554465, 51, 26, 1.815686, 753.3909
4704, 736.455271674291, -21.4705196695163, -213.31549882084, 52, 26, 2.007438, 767.0273
4705, 743.442280373563, -28.0778823302334, -215.401299778916, 53, 26, 2.067842, 774.5273
4706, 743.173188634162, -34.4732275617697, -215.401299778916, 54, 26, 2.413609, 774.5273
4707, 742.849082963688, -40.8660208877824, -215.401299778916, 55, 26, 2.257985, 774.5273
4708, 745.737945788313, -47.4637839551805, -216.349381864791, 56, 26, 2.074501, 777.9363
4709, 744.64875652872, -53.8309413539762, -216.159762052757, 57, 26, 2.049276, 777.2545
4710, 744.158047496668, -60.2357135989184, -216.159762052757, 58, 26, 1.584847, 777.2545
4711, 744.916875708923, -66.7529358524323, -216.539001676824, 59, 26, 1.288496, 778.6182
4712, 744.966764234153, -73.2236013055648, -216.728621488857, 60, 26, 1.316761, 779.3
4713, 744.309194017449, -79.630391828472, -216.728621488857, 61, 26, 1.473243, 779.3
4714, 744.247111898357, -86.1065579922164, -216.918241300891, 62, 26, 1.799572, 779.9818
4715, 744.128641137332, -92.587545004296, -217.107861112924, 63, 26, 1.600708, 780.6636
4716, 743.304499594873, -98.9864078186054, -217.107861112924, 64, 26, 1.077917, 780.6636
4717, 742.425334400951, -105.377943092713, -217.107861112924, 65, 26, 1.315034, 780.6636
4718, 754.443313304241, -113.713890611688, -220.900223405007, 66, 26, 1.021862, 794.3
4719, 748.909852329997, -119.478466994503, -219.572901695066, 67, 26, 0.8919191, 789.5273
4720, 744.62499397363, -125.373768754151, -218.624802634899, 68, 26, 1.439545, 786.1182
4721, 755.771278214342, -133.947234800517, -222.227545114949, 69, 26, 1.057246, 799.0727
4722, 755.234726477557, -140.564574103196, -222.417164926982, 70, 26, 1.33672, 799.7545
4723, 753.997391957671, -147.057215026917, -222.417164926982, 71, 26, 1.351799, 799.7545
4724, 753.345953667113, -153.669868242544, -222.606784739016, 72, 26, 1.083754, 800.4363
4725, 754.55818035866, -160.691431918595, -223.365263987149, 73, 26, 1.177925, 803.1636
4726, 757.623195932869, -168.170939660622, -224.692585697091, 74, 26, 1.009791, 807.9363
4727, 760.615090554045, -175.715023555931, -226.019924381324, 75, 26, 0.9176033, 812.7091
4728, 759.075131545131, -182.252654717405, -226.019924381324, 76, 26, 1.068998, 812.7091
4729, 772.095042155524, -192.419368289169, -230.381129135216, 77, 26, 0.7386687, 828.3909
4730, 763.435871123264, -197.252966652483, -228.295328177141, 78, 26, 1.002895, 820.8909
4731, 761.710500835387, -203.814069897164, -228.295328177141, 79, 26, 0.9309793, 820.8909
4732, 769.396525883411, -212.980914707282, -231.139608383349, 80, 26, 0.7105076, 831.1182
4733, 780.128754402887, -223.195629498198, -234.931970675432, 81, 26, 0.9666677, 844.7545
4734, 782.576187582767, -231.19829896905, -236.259309359666, 82, 26, 0.9384455, 849.5273
4735, 781.184521609192, -238.113779051763, -236.448929171699, 83, 26, 0.8048351, 850.2091
4736, 779.731686103938, -245.022394978124, -236.638532009441, 84, 26, 0.9873843, 850.8909
4737, 794.418065136219, -257.167967184262, -241.758232985758, 85, 26, 0.9669837, 869.3
4738, 796.525327662405, -265.442814770919, -243.085554695699, 86, 26, 0.6746692, 874.0727
4739, 791.733987825843, -271.436515031504, -242.327092421857, 87, 26, 0.7132747, 871.3455
4740, 789.986991924409, -278.456062380624, -242.516712233891, 88, 26, 0.5964065, 872.0273
4741, 788.793496838903, -285.688632010205, -242.895934883666, 89, 26, 0.7601671, 873.3909
4742, 786.306310475033, -292.464632429885, -242.895934883666, 90, 26, 0.8321505, 873.3909
4743, 780.089854204723, -297.817469143959, -241.758232985758, 91, 26, 0.3754702, 869.3
4744, 770.180844275794, -301.652021777212, -239.482812215649, 92, 26, 0.9769492, 861.1182
4745, 763.910598066734, -306.802819195876, -238.345110317741, 93, 26, 0.9142786, 857.0273
4746, 754.580900072641, -310.621647769957, -236.259309359666, 94, 26, 0.6716423, 849.5273
4747, 750.070103270523, -316.338857647337, -235.690449923566, 95, 26, 0.4024006, 847.4818
4748, 744.314437772276, -321.482125919195, -234.742350863399, 96, 26, 0.3646189, 844.0727
4749, 734.333177777993, -324.695943214794, -232.466930093291, 97, 26, 0.7700076, 835.8909
4750, 731.512398362204, -331.001937408298, -232.466930093291, 98, 26, 0.8395545, 835.8909
4751, 714.373498329215, -330.68069317711, -227.916105527366, 99, 26, 0.7103965, 819.5273
4752, 719.789156191889, -340.737773695551, -230.570748947249, 100, 26, 1.404136, 829.0727
4753, 709.16728195112, -343.20915281103, -228.105725339399, 101, 26, 1.026693, 820.2091
4754, 705.601110797082, -349.00757641796, -227.916105527366, 102, 26, 0.9830369, 819.5273
4755, 696.727072184556, -352.111448787079, -226.019924381324, 103, 26, 0.9989398, 812.7091
4756, 680.868854995497, -351.483630660502, -221.848322465174, 104, 26, 0.8532333, 797.7091
4757, 677.240229252835, -357.023221669827, -221.658702653141, 105, 26, 1.272836, 797.0273
4758, 666.646357056861, -358.801740613635, -219.193662070999, 106, 26, 0.7343457, 788.1636
4759, 662.386625850528, -363.8934283751, -218.814422446932, 107, 26, 0.8539528, 786.8
4760, 658.659988937334, -369.258693215093, -218.624802634899, 108, 26, 1.040754, 786.1182
4761, 642.383233514267, -367.433060163345, -214.263580906716, 109, 26, 0.8629768, 770.4363
4762, 638.632478307092, -372.616307561921, -214.073961094682, 110, 26, 0.585907, 769.7545
4763, 627.523575244848, -373.40851643773, -211.419317674799, 111, 26, 0.8637122, 760.2091
4764, 634.366047521579, -384.908936584658, -214.832440342816, 112, 26, 0.9929005, 772.4818
4765, 625.461226688701, -386.907231489121, -212.936259196774, 113, 26, 0.7809886, 765.6636
4766, 612.691472573195, -386.335802789946, -209.712739366499, 114, 26, 1.263737, 754.0727
4767, 609.895824621757, -391.947015616514, -209.902359178532, 115, 26, 0.8673954, 754.7545
4768, 593.899535754446, -388.927535145045, -205.541137450349, 116, 26, 0.7772677, 739.0727
4769, 591.076110692211, -394.386399001826, -205.730757262382, 117, 26, 0.7165186, 739.7545
4770, 580.078160596575, -394.302876886771, -203.076113842499, 118, 26, 0.4449379, 730.2091
4771, 576.664210604287, -399.279124586328, -203.076113842499, 119, 26, 0.5958631, 730.2091
4772, 573.207572628068, -404.22581536083, -203.076113842499, 120, 26, 0.6229193, 730.2091
4773, 559.069384672182, -401.501980598094, -199.283734576124, 121, 26, 0.649305, 716.5727
4774, 554.008365329857, -405.137458821564, -198.714892114315, 122, 26, 0.4738642, 714.5273
4775, 546.825020625624, -407.151107581681, -197.387553430082, 123, 26, 0.4533436, 709.7545
4776, 540.170277236165, -409.467011472185, -196.249851532174, 124, 26, 0.7800704, 705.6636
4777, 531.960899609315, -410.498390725388, -194.543290198165, 125, 26, 0.5512922, 699.5273
4778, 528.409388575788, -415.060050554432, -194.543290198165, 126, 26, 0.425915, 699.5273
4779, 518.680366908297, -414.683357548608, -192.267869428057, 127, 26, 0.4934151, 691.3455
4780, 515.601340145614, -419.543958241729, -192.45748924009, 128, 26, 0.4651251, 692.0273
4781, 509.450489603644, -421.875962804625, -191.509390179924, 129, 26, 0.9876242, 688.6182
4782, 505.301110773459, -425.821489907349, -191.31977036789, 130, 26, 0.6119753, 687.9363
4783, 498.635825115428, -427.595260167236, -190.182068469982, 131, 26, 0.408716, 683.8455
4784, 507.275198206517, -442.634270831218, -194.92251284794, 132, 26, 0.7771978, 700.8909
4785, 509.814847305335, -452.63500643923, -197.387553430082, 133, 26, 0.3154364, 709.7545
4786, 505.901623452426, -457.00456778396, -197.387553430082, 134, 26, 0.06922865, 709.7545
4787, 516.416797651182, -474.63577849335, -203.076113842499, 135, 26, 0.6097753, 730.2091
4788, 514.227465305027, -480.850557330186, -203.83457611634, 136, 26, 0.6702576, 732.9363
4789, 510.07131884992, -485.257039356965, -203.83457611634, 137, 26, 0.259758, 732.9363
4790, 512.465760100873, -496.004314873031, -206.489236510515, 138, 26, 0.5794835, 742.4818
4791, 508.645962741019, -500.854593370438, -206.678856322549, 139, 26, 5.939989, 743.1636
4792, 504.317913337781, -505.212313190831, -206.678856322549, 140, 26, 3.910126, 743.1636
4793, 493.072267464065, -502.520530542414, -203.83457611634, 141, 26, 0.3537865, 732.9363
4794, 405.042207741278, 175.875737031599, -132.018773132503, 1, 25, -0.844101, 460.8909
4795, 405.938985413291, 172.129330736889, -131.823469791829, 2, 25, -0.3309841, 460.2091
4796, 407.404916548349, 168.630366039259, -131.823469791829, 3, 25, -0.9407959, 460.2091
4797, 494.246360632069, 199.61179651935, -159.36102228841, 4, 25, -6.033552, 556.3455
4798, 495.945475263098, 195.352040874385, -159.36102228841, 5, 25, -2.217971, 556.3455
4799, 500.657014892249, 192.248670974536, -160.337521508709, 6, 25, 1.369076, 559.7545
4800, 515.752706779306, 192.970187211652, -164.634160037385, 7, 25, 0.8845406, 574.7545
4801, 518.007660280045, 188.749287862011, -164.829463378058, 8, 25, 0.9869499, 575.4363
4802, 523.922190472006, 185.813993233794, -166.19658676277, 9, 25, 0.4106998, 580.2091
4803, 526.11897364464, 181.512457280336, -166.391872620376, 10, 25, 0.7289691, 580.8909
4804, 528.280531669602, 177.186878062514, -166.58717596105, 11, 25, -0.2682152, 581.5727
4805, 542.207581660076, 176.682989887199, -170.493225291446, 12, 25, -0.004572868, 595.2091
4806, 544.330419649457, 172.208461845334, -170.688511149052, 13, 25, 0.3009872, 595.8909
4807, 553.91035405042, 170.010588091792, -173.227437094737, 14, 25, 0.6554976, 604.7545
4808, 555.352579229903, 165.238594554278, -173.227437094737, 15, 25, 0.8993444, 604.7545
4809, 556.753694034332, 160.454369110674, -173.227437094737, 16, 25, 0.767602, 604.7545
4810, 561.259789463427, 156.535741790251, -174.203953798103, 17, 25, 0.6856184, 608.1636
4811, 562.585808538115, 151.701014360057, -174.203953798103, 18, 25, 0.6620913, 608.1636
4812, 573.984716673174, 149.489299299247, -177.328772282739, 19, 25, 1.278635, 619.0727
4813, 582.218727350399, 146.296502295914, -179.477091547077, 20, 25, 0.9812479, 626.5727
4814, 584.090779796387, 141.43556861415, -179.672394887751, 21, 25, 1.509345, 627.2545
4815, 585.286035858954, 136.404968167848, -179.672394887751, 22, 25, 1.669624, 627.2545
4816, 594.087383819283, 133.077768156067, -182.016017492762, 23, 25, 1.160029, 635.4363
4817, 598.403667638472, 128.64798269021, -182.992534196128, 24, 25, 1.762824, 638.8455
4818, 604.60686679298, 124.549121832423, -184.554943438446, 25, 25, 2.706985, 644.3
4819, 606.297006105518, 119.468924405451, -184.750246779119, 26, 25, 2.58952, 644.9818
4820, 620.142171723761, 116.663539366915, -188.656278626449, 27, 25, 1.496243, 658.6182
4821, 620.479953876982, 111.208432956582, -188.460975285776, 28, 25, 1.421571, 657.9363
4822, 629.141441149402, 107.182372366842, -190.804597890787, 29, 25, 1.746913, 666.1182
4823, 630.685219401848, 101.869600363987, -190.99990123146, 30, 25, 1.825809, 666.8
4824, 632.829870734791, 96.6368028360877, -191.390507912806, 31, 25, 1.61025, 668.1636
4825, 634.284477996178, 91.2815748302002, -191.585811253479, 32, 25, 1.881343, 668.8455
4826, 643.462100726588, 86.9582905465978, -194.124737199164, 33, 25, 2.128973, 677.7091
4827, 642.242158282525, 81.1731513742251, -193.538827177144, 34, 25, 2.471173, 675.6636
4828, 648.106948266335, 76.2551281709381, -195.101236419463, 35, 25, 2.068807, 681.1182
4829, 629.906292844956, 68.6244488680408, -189.437491989141, 36, 25, 2.949736, 661.3455
4830, 638.923291558731, 64.0494248443662, -191.976417934826, 37, 25, 3.418837, 670.2091
4831, 650.509640331297, 59.5625112655354, -195.296539760136, 38, 25, 1.832017, 681.8
4832, 651.649044194124, 54.017455903127, -195.491843100809, 39, 25, 5.516816, 682.4818
4833, 661.210071276349, 49.0859031736578, -198.226072387166, 40, 25, 5.58027, 692.0273
4834, 655.089449881918, 42.9676566205863, -196.273056463502, 41, 25, 2.783448, 685.2091
4835, 672.391822521546, 38.2956173820715, -201.350890871803, 42, 25, 2.361093, 702.9363
4836, 670.73894474155, 32.4145170576102, -200.764980849784, 43, 25, 1.744515, 700.8909
4837, 681.436773830699, 27.0571338358318, -203.889816817488, 44, 25, 1.87765, 711.8
4838, 686.214852304711, 21.3353303425771, -205.256922719133, 45, 25, 2.538084, 716.5727
4839, 695.516198220245, 15.6360763038984, -207.99115200549, 46, 25, 1.584565, 726.1182
4840, 694.971793233782, 9.64239396732744, -207.795848664817, 47, 25, 1.177369, 725.4363
4841, 696.988764442862, 3.67300754358714, -208.381758686837, 48, 25, 2.318686, 727.4818
4842, 695.688068654335, -2.31948290069225, -207.99115200549, 49, 25, 2.696198, 726.1182
4843, 716.544811750834, -8.55446027127063, -214.240806457831, 50, 25, 2.435239, 747.9363
4844, 721.669557420682, -14.8264523800503, -215.803215700149, 51, 25, 2.086737, 753.3909
4845, 721.51528341689, -21.0349612261452, -215.803215700149, 52, 25, 2.298039, 753.3909
4846, 738.279973962118, -27.8829154366363, -220.881067591518, 53, 25, 3.111444, 771.1182
4847, 738.012750739007, -34.2338527395899, -220.881067591518, 54, 25, 2.291136, 771.1182
4848, 737.038628295782, -40.5463729710362, -220.685764250845, 55, 25, 2.168188, 770.4363
4849, 743.181783804729, -47.3010925957982, -222.63878017451, 56, 25, 2.901108, 777.2545
4850, 742.747310193904, -53.6934850764496, -222.63878017451, 57, 25, 2.919615, 777.2545
4851, 733.79330131398, -59.3967414414767, -220.099854228825, 58, 25, 2.11117, 768.3909
4852, 733.25510737362, -65.7079101603085, -220.099854228825, 59, 25, 1.331986, 768.3909
4853, 736.563357585788, -72.397621238305, -221.271674272864, 60, 25, 1.903535, 772.4818
4854, 743.058161546344, -79.4965493250273, -223.419993537202, 61, 25, 2.64589, 779.9818
4855, 742.346691155411, -85.886686545897, -223.419993537202, 62, 25, 1.761402, 779.9818
4856, 741.580268015475, -92.2704659428758, -223.419993537202, 63, 25, 2.222748, 779.9818
4857, 741.406485794386, -98.7336479224892, -223.615296877875, 64, 25, 2.539745, 780.6636
4858, 736.002168255263, -104.46625540479, -222.248173493163, 65, 25, 2.481018, 775.8909
4859, 733.138312173642, -110.502682393225, -221.662280954211, 66, 25, 2.099742, 773.8455
4860, 735.385860874294, -117.32089654494, -222.63878017451, 67, 25, 1.624626, 777.2545
4861, 733.705057250234, -123.535160551836, -222.443476833836, 68, 25, 2.678622, 776.5727
4862, 733.901494879471, -130.071198375431, -222.834083515183, 69, 25, 2.350022, 777.9363
4863, 732.113007579958, -136.261151001172, -222.63878017451, 70, 25, 1.29135, 777.2545
4864, 741.172256686948, -144.555842084023, -225.763616142213, 71, 25, 2.177482, 788.1636
4865, 743.101409687572, -151.580154060265, -226.740115362512, 72, 25, 2.621441, 791.5727
4866, 744.325452271886, -158.51226035635, -227.521328725205, 73, 25, 1.984145, 794.3
4867, 746.122761672908, -165.61816824815, -228.497845428571, 74, 25, 1.886574, 797.7091
4868, 745.306642751603, -172.178511725418, -228.693131286177, 75, 25, 1.781854, 798.3909
4869, 757.771992162984, -181.939773156683, -232.989769814853, 76, 25, 2.110357, 813.3909
4870, 763.151047255514, -190.190370879942, -235.138089079191, 77, 25, 1.838923, 820.8909
4871, 760.854025852488, -196.585881624962, -234.942803221585, 78, 25, 2.076432, 820.2091
4872, 759.134490552573, -203.124796033588, -234.942803221585, 79, 25, 2.101254, 820.2091
4873, 773.098027474055, -214.005547868526, -239.825334289213, 80, 25, 1.749764, 837.2545
4874, 778.136710573178, -222.625703733956, -241.973653553551, 81, 25, 2.137587, 844.7545
4875, 780.577894279317, -230.607938541619, -243.340776938263, 82, 25, 2.013449, 849.5273
4876, 778.564911992838, -237.315292742657, -243.340776938263, 83, 25, 1.75863, 849.5273
4877, 783.972736636032, -246.355100031819, -245.684399543275, 84, 25, 1.863059, 857.7091
4878, 781.824144205288, -253.09107972812, -245.684399543275, 85, 25, 1.647911, 857.7091
4879, 791.392740714117, -263.732375341945, -249.395128049931, 86, 25, 1.726347, 870.6636
4880, 789.712310254906, -270.743407090188, -249.590431390604, 87, 25, 1.570793, 871.3455
4881, 787.96977527404, -277.745030159622, -249.785734731277, 88, 25, 1.881881, 872.0273
4882, 786.165173412729, -284.73669449156, -249.98103807195, 89, 25, 2.070154, 872.7091
4883, 784.298492374235, -291.71782959362, -250.176323929557, 90, 25, 2.317298, 873.3909
4884, 771.384767632139, -294.494099614472, -246.856202104247, 91, 25, 2.780154, 861.8
4885, 768.214202244026, -300.881759118248, -246.660898763573, 92, 25, 2.736279, 861.1182
4886, 755.291918178812, -303.341373191523, -243.340776938263, 93, 25, 2.091579, 849.5273
4887, 752.654092199552, -309.828481342849, -243.340776938263, 94, 25, 2.486803, 849.5273
4888, 745.145252250921, -314.261822795753, -241.778350212878, 95, 25, 1.974198, 844.0727
4889, 742.413845114001, -320.661227469183, -241.778350212878, 96, 25, 2.167485, 844.0727
4890, 731.860670419951, -323.602688636328, -239.239441750261, 97, 25, 2.013831, 835.2091
4891, 714.170491499046, -323.154900525654, -234.356893199565, 98, 25, 2.559407, 818.1636
4892, 711.956538189811, -329.561891799191, -234.552196540238, 99, 25, 2.444837, 818.8455
4893, 709.685159801172, -335.954687973872, -234.747499880912, 100, 25, 2.570723, 819.5273
4894, 707.356436881932, -342.332774814067, -234.942803221585, 101, 25, 1.766674, 820.2091
4895, 688.575401554418, -340.586243984304, -229.669647989543, 102, 25, 2.440013, 801.8
4896, 687.368683253359, -347.381912622301, -230.255558011563, 103, 25, 2.130658, 803.8455
4897, 679.130269417437, -350.586123942862, -228.497845428571, 104, 25, 2.180578, 797.7091
4898, 675.510909301096, -356.111569712664, -228.302542087898, 105, 25, 1.704816, 797.0273
4899, 665.519317455231, -358.195146477892, -225.958919482887, 106, 25, 2.076175, 788.8455
4900, 661.840322486607, -363.593307273206, -225.763616142213, 107, 25, 2.40272, 788.1636
4901, 649.570547016964, -364.162960208773, -222.63878017451, 108, 25, 1.846785, 777.2545
4902, 646.413340935161, -369.738217933957, -222.63878017451, 109, 25, 1.461365, 777.2545
4903, 629.666730168384, -367.385154935873, -217.951534964487, 110, 25, 1.58992, 760.8909
4904, 626.482537856429, -372.789046122827, -217.951534964487, 111, 25, 1.660611, 760.8909
4905, 618.784120308875, -375.454422023525, -216.389125722169, 112, 25, 1.89421, 755.4363
4906, 610.530993696895, -377.671462962062, -214.631413139177, 113, 25, 1.70822, 749.3
4907, 602.285893457632, -379.774510620787, -212.873700556186, 114, 25, 1.281754, 743.1636
4908, 595.149230290881, -382.470178089255, -211.506577171474, 115, 25, 1.805287, 738.3909
4909, 592.383024667027, -387.934416134604, -211.701880512147, 116, 25, 0.9683815, 739.0727
4910, 589.023411820365, -393.016767406745, -211.701880512147, 117, 25, 0.1484044, 739.0727
4911, 578.056684380451, -392.928796733924, -208.967668708856, 118, 25, 1.370293, 729.5273
4912, 575.191709589468, -398.25957299055, -209.162972049529, 119, 25, 1.200667, 730.2091
4913, 561.600628658158, -396.040601811447, -205.452226059806, 120, 25, 0.7634709, 717.2545
4914, 557.641811708322, -400.476752982072, -205.256922719133, 121, 25, 1.030431, 716.5727
4915, 548.375301335693, -401.018089196854, -203.108603454795, 122, 25, 1.135591, 709.0727
4916, 544.904748812637, -405.721325172272, -203.108603454795, 123, 25, 1.484906, 709.0727
4917, 539.311551409779, -408.816068773888, -202.327407575169, 124, 25, 0.7146454, 706.3455
4918, 530.602547642755, -409.450190948448, -200.374391651504, 125, 25, 1.332144, 699.5273
4919, 520.381774000367, -408.754443228858, -197.83546570582, 126, 25, 1.091114, 690.6636
4920, 515.31500447785, -411.992760639486, -197.249555683801, 127, 25, 1.206298, 688.6182
4921, 511.75125238553, -416.411148195138, -197.249555683801, 128, 25, 1.282211, 688.6182
4922, 501.105761031737, -414.96569287171, -194.515326397443, 129, 25, 0.5696058, 679.0727
4923, 501.013683895923, -422.208439268956, -195.882449782155, 130, 25, 1.175972, 683.8455
4924, 497.858460247909, -426.928646346028, -196.077753122828, 131, 25, 1.434052, 684.5273
4925, 503.51884912078, -439.356584785396, -199.788481629485, 132, 25, 0.4310789, 697.4818
4926, 503.139570302415, -446.708415510836, -201.15558753113, 133, 25, 1.12032, 702.2545
4927, 504.609813348324, -455.837615374803, -203.303906795468, 134, 25, 1.113258, 709.7545
4928, 504.516959899987, -463.698704446432, -204.866333520853, 135, 25, 1.889748, 715.2091
4929, 512.91439532325, -479.622714643532, -209.944167929155, 136, 25, 1.163513, 732.9363
4930, 507.822283575296, -483.117416605318, -209.553561247809, 137, 25, 0.3811998, 731.5727
4931, 482.524151601703, -467.024491895386, -200.764980849784, 138, 25, 1.244888, 700.8909
4932, 478.488134456379, -471.158718579568, -200.764980849784, 139, 25, 1.233602, 700.8909
4933, 482.262335684091, -483.117620318565, -204.085120158161, 140, 25, 0.8995476, 712.4818
4934, 483.578015217917, -492.844349198093, -206.428742763172, 141, 25, 1.165786, 720.6636
4935, 383.655649816373, 166.589355104671, -129.017689792126, 1, 24, 0.5320702, 437.7091
4936, 397.071328014275, 168.369199317773, -133.037096285016, 2, 24, -0.1789122, 451.3454
4937, 398.505236171636, 164.946668816671, -133.037096285016, 3, 24, 0.7207794, 451.3454
4938, 406.554937068596, 164.195769227903, -135.247771655158, 4, 24, -0.0007381439, 458.8454
4939, 443.718071547966, 174.779759415604, -147.105037000654, 5, 24, 0.09434295, 499.0727
4940, 493.86349732439, 189.640009386235, -163.182671967475, 6, 24, 1.850901, 553.6182
4941, 503.409613009912, 188.351987279509, -165.79529158501, 7, 24, 1.642124, 562.4818
4942, 517.254601245073, 188.474891617577, -169.8146980779, 8, 24, 0.0887804, 576.1182
4943, 522.541383639083, 185.324276943521, -171.020530820081, 9, 24, 0.2110605, 580.2091
4944, 524.116524879223, 180.821607084475, -171.020530820081, 10, 24, -0.0786314, 580.2091
4945, 526.270525532872, 176.512715963207, -171.221484953255, 11, 24, 0.7629089, 580.8909
4946, 528.389188858919, 172.180148100906, -171.422457076952, 12, 24, 0.1587782, 581.5727
4947, 542.895826542906, 171.754603190122, -175.642835693539, 13, 24, 0.431262, 595.8909
4948, 544.976318620099, 167.268482611302, -175.843807817236, 14, 24, 1.063231, 596.5727
4949, 553.888937013506, 164.803105116013, -178.255455311074, 15, 24, 0.7576027, 604.7545
4950, 555.286359153392, 160.031488588967, -178.255455311074, 16, 24, 0.8690567, 604.7545
4951, 559.780578682838, 156.123188884894, -179.260315929558, 17, 24, 0.8551331, 608.1636
4952, 560.474039729689, 151.131576835203, -179.059343805861, 18, 24, 0.7176571, 607.4818
4953, 562.384091273836, 146.468017874836, -179.260315929558, 19, 24, 1.570824, 608.1636
4954, 581.316167779552, 146.069712427904, -184.887481421499, 20, 24, 1.547558, 627.2545
4955, 581.918165931869, 140.909477657169, -184.686509297803, 21, 24, 0.9058475, 626.5727
4956, 583.108976059004, 135.897589288945, -184.686509297803, 22, 24, 1.091732, 626.5727
4957, 592.521655293465, 132.727039183479, -187.299128915338, 23, 24, 1.493958, 635.4363
4958, 593.641673377653, 127.624223999601, -187.299128915338, 24, 24, 1.419714, 635.4363
4959, 600.460883390684, 123.695048515945, -189.107860038086, 25, 24, 1.279289, 641.5727
4960, 601.502898717219, 118.524260573375, -189.107860038086, 26, 24, 0.9882851, 641.5727
4961, 608.903331076042, 114.549245277386, -191.117563284531, 27, 24, 1.645544, 648.3909
4962, 612.431596901866, 109.765928389778, -191.921451779318, 28, 24, 1.553359, 651.1182
4963, 613.353326622771, 104.49266309086, -191.921451779318, 29, 24, 1.039104, 651.1182
4964, 618.088826157617, 99.8350044889888, -193.127284521498, 30, 24, 1.712631, 655.2091
4965, 631.162035652637, 96.3821147161826, -196.945718890692, 31, 24, 0.900877, 668.1636
4966, 632.6128092691, 91.0410005148959, -197.146691014388, 32, 24, 1.019472, 668.8455
4967, 632.727024959116, 85.507538689459, -196.945718890692, 33, 24, 1.134663, 668.1636
4968, 612.755001047781, 77.446261996218, -190.514664903963, 34, 24, 0.08129263, 646.3455
4969, 621.810480714508, 73.1611318652799, -193.127284521498, 35, 24, 0.9041324, 655.2091
4970, 623.712266202924, 67.9496474421595, -193.52921077837, 36, 24, 2.719084, 656.5727
4971, 624.922084624095, 62.6458615948521, -193.730182902066, 37, 24, 1.322832, 657.2545
4972, 640.360636521044, 58.633239635565, -198.352505766047, 38, 24, 1.242764, 672.9363
4973, 640.192095205805, 53.0677495507971, -198.15153364235, 39, 24, 1.497531, 672.2545
4974, 651.02082627179, 48.3294895686124, -201.367069630975, 40, 24, 0.1613884, 683.1636
4975, 650.762409602761, 42.6838438055093, -201.166097507278, 41, 24, 1.462646, 682.4818
4976, 653.707474689688, 37.2314631023257, -201.969986002065, 42, 24, 1.601472, 685.2091
4977, 658.558957556616, 31.8258999727328, -203.37677287742, 43, 24, 1.960064, 689.9818
4978, 665.96955387491, 26.4429922801018, -205.587448247562, 44, 24, 1.361427, 697.4818
4979, 666.172413080968, 20.7121843114567, -205.587448247562, 45, 24, 1.017382, 697.4818
4980, 673.49094048429, 15.1409208906188, -207.798123617704, 46, 24, 1.683495, 704.9818
4981, 675.550688780869, 9.37293563500545, -208.401039988794, 47, 24, 1.933879, 707.0273
4982, 682.121497143754, 3.59465967382513, -210.410743235239, 48, 24, 1.121865, 713.8455
4983, 693.854569603807, -2.31336985967896, -214.028205480735, 49, 24, 1.890268, 726.1182
4984, 693.157498962104, -8.27525116275148, -213.827233357039, 50, 24, 1.659277, 725.4363
4985, 713.905092068612, -14.6669341149174, -220.258287343767, 51, 24, 1.513142, 747.2545
4986, 713.752477903655, -20.8086454200493, -220.258287343767, 52, 24, 1.745981, 747.2545
4987, 714.849163142048, -26.9979946210253, -220.660231591161, 53, 24, 1.570513, 748.6182
4988, 723.702011454321, -33.5700271609993, -223.473823332393, 54, 24, 1.709028, 758.1636
4989, 724.687493832497, -39.8669055926144, -223.875767579786, 55, 24, 2.00057, 759.5273
4990, 721.066585367403, -45.8935324646778, -222.870906961302, 56, 24, 1.77707, 756.1182
4991, 723.89422115849, -52.3305881115267, -223.875767579786, 57, 24, 1.757351, 759.5273
4992, 722.767781075895, -58.5042830697981, -223.674795456089, 58, 24, 1.713616, 758.8455
4993, 731.322599682689, -65.5347357214769, -226.488369206799, 59, 24, 1.038728, 768.3909
4994, 734.62213093891, -72.2068159395198, -227.694201948979, 60, 24, 1.303061, 772.4818
4995, 733.973691764132, -78.5246415558824, -227.694201948979, 61, 24, 0.9757519, 772.4818
4996, 734.565348876395, -84.9864148626166, -228.096146196373, 62, 24, 2.353898, 773.8455
4997, 729.927681027879, -90.8206031604387, -226.890313454193, 63, 24, 1.333072, 769.7545
4998, 723.306852192837, -96.3233063814024, -225.081582331444, 64, 24, 1.149158, 763.6182
4999, 733.417411915977, -104.099381735736, -228.498090443766, 65, 24, 2.14275, 775.2091
5000, 724.763621611244, -109.240402471427, -226.086442949928, 66, 24, 1.374562, 767.0273
5001, 728.30063099147, -116.190543669931, -227.493229825283, 67, 24, 1.140492, 771.8
5002, 727.274001212854, -122.452352777451, -227.493229825283, 68, 24, 1.308496, 771.8
5003, 726.835068518487, -128.818797949192, -227.694201948979, 69, 24, 1.459853, 772.4818
5004, 727.621438972305, -135.425178546178, -228.29711832007, 70, 24, 0.9851527, 774.5273
5005, 738.57940054119, -144.050139799336, -232.115552689263, 71, 24, 1.288272, 787.4818
5006, 730.290505738785, -148.966945729756, -229.904877319121, 72, 24, 0.7767272, 779.9818
5007, 728.981802650607, -155.24466205488, -229.904877319121, 73, 24, 1.086756, 779.9818
5008, 744.156341035926, -165.181678436243, -235.130116554192, 74, 24, 0.8332714, 797.7091
5009, 732.550674885533, -169.231666176466, -231.914580565566, 75, 24, 0.7630771, 786.8
5010, 741.203914258572, -177.961805685271, -235.130116554192, 76, 24, 1.005831, 797.7091
5011, 744.702846775217, -185.59276192162, -236.737875553243, 77, 24, 0.5319551, 803.1636
5012, 743.078491226107, -191.993122663127, -236.737875553243, 78, 24, 0.6009386, 803.1636
5013, 755.874996363444, -202.252639517741, -241.360198417223, 79, 24, 0.8773893, 818.8455
5014, 754.106890037136, -208.748505905667, -241.360198417223, 80, 24, 0.8109368, 818.8455
5015, 756.667700731285, -216.483398198722, -242.766985292578, 81, 24, 1.020262, 823.6182
5016, 759.775746529769, -224.462311763154, -244.37474429163, 82, 24, 0.2519124, 829.0727
5017, 762.802193959361, -232.510639993846, -245.982521281204, 83, 24, 0.964395, 834.5273
5018, 757.665671407956, -238.0883843886, -244.97766066272, 84, 24, 1.327801, 831.1182
5019, 769.226032075517, -249.012835502622, -249.399011403003, 85, 24, -0.2564715, 846.1182
5020, 767.673231695886, -255.827826647604, -249.5999835267, 86, 24, -0.2530518, 846.8
5021, 771.606862163944, -264.536171063363, -251.609686773145, 87, 24, 0.8366687, 853.6182
5022, 772.989163065962, -272.464636520037, -252.815519515326, 88, 24, 0.6124916, 857.7091
5023, 770.003746926726, -278.883279316838, -252.614547391629, 89, 24, 0.8221217, 857.0273
5024, 749.25614764628, -278.68391859251, -246.585419661772, 90, 24, 1.546966, 836.5727
5025, 730.396436089415, -278.845849481887, -241.159226293527, 91, 24, 0.5090485, 818.1636
5026, 733.43017329287, -287.258111196259, -242.967957416275, 92, 24, 1.071045, 824.3
5027, 729.117752011533, -292.82926877702, -242.365041045185, 93, 24, 0.8490174, 822.2545
5028, 750.670458117552, -309.01192252581, -250.403872021487, 94, 24, 1.283165, 849.5273
5029, 713.765706243134, -301.02763349223, -238.948550923385, 95, 24, 1.093603, 810.6636
5030, 711.149324083774, -307.157546529276, -238.948550923385, 96, 24, 0.697389, 810.6636
5031, 707.884418048663, -313.001244885675, -238.747578799688, 97, 24, -0.532497, 809.9818
5032, 686.7640558381, -310.753766489458, -232.517496936656, 98, 24, 1.246849, 788.8455
5033, 684.064991962456, -316.651004340719, -232.517496936656, 99, 24, 0.7579397, 788.8455
5034, 701.337121297932, -332.002847313522, -239.350495170778, 100, 24, 1.83915, 812.0273
5035, 699.041158259632, -338.30850606397, -239.551467294475, 101, 24, 1.372522, 812.7091
5036, 686.176649925592, -339.399762727975, -236.134959182153, 102, 24, 1.821408, 801.1182
5037, 683.231145072857, -345.290886420921, -236.134959182153, 103, 24, 1.509846, 801.1182
5038, 677.340408759671, -349.662147588602, -235.130116554192, 104, 24, 1.269519, 797.7091
5039, 674.306936065008, -355.476866715138, -235.130116554192, 105, 24, 0.9852842, 797.7091
5040, 651.143743822066, -350.457939505562, -228.096146196373, 106, 24, 0.7336374, 773.8455
5041, 653.81469430859, -359.184291090532, -230.105849442818, 107, 24, 0.8433355, 780.6636
5042, 647.85859156614, -363.203201845989, -229.100988824334, 108, 24, 1.060835, 777.2545
5043, 645.275259043395, -369.08725307312, -229.301960948031, 109, 24, 1.22104, 777.9363
5044, 628.007231602962, -366.416904418, -224.277693836657, 110, 24, 0.2394354, 760.8909
5045, 624.831431290014, -371.80655354762, -224.277693836657, 111, 24, 0.6968049, 760.8909
5046, 615.482256501689, -373.450977968256, -222.067018466516, 112, 24, 0.9807861, 753.3909
5047, 604.489280921407, -373.934089223019, -219.253444715806, 113, 24, 0.8177321, 743.8455
5048, 597.39185222786, -376.688547404341, -217.846639849929, 114, 24, 0.4241095, 739.0727
5049, 593.580703248623, -381.462170707817, -217.645667726232, 115, 24, 0.9636643, 738.3909
5050, 590.276731592706, -386.555066052021, -217.645667726232, 116, 24, 0.7598126, 738.3909
5051, 578.257717910746, -385.833524543489, -214.430149728129, 117, 24, 0.3346896, 727.4818
5052, 571.144914441955, -388.230583706345, -213.023362852774, 118, 24, 0.1346335, 722.7091
5053, 568.854816922336, -393.871943395715, -213.425289109645, 119, 24, 0.4678244, 724.0727
5054, 559.588067784194, -394.621344461947, -211.214613739504, 120, 24, 0.684216, 716.5727
5055, 556.701337699838, -399.801340971578, -211.4155858632, 121, 24, 0.2212172, 717.2545
5056, 549.559608201894, -401.884153870718, -210.008798987845, 122, 24, 0.5964917, 712.4818
5057, 542.946058371166, -404.2629372921, -208.802966245665, 123, 24, 0.2138127, 708.3909
5058, 539.447788968874, -408.919341368704, -208.802966245665, 124, 24, 0.4249231, 708.3909
5059, 528.172512402115, -407.575005090951, -205.788420371259, 125, 24, 0.2674007, 698.1636
5060, 519.522665411316, -408.079622413572, -203.778717124814, 126, 24, 0.4221119, 691.3455
5061, 514.46576783653, -411.313798557549, -203.175800753723, 127, 24, 0.8538604, 689.3
5062, 510.402522289914, -415.313688745644, -202.974828630027, 128, 24, 0.4787508, 688.6182
5063, 501.290516731863, -415.118689071468, -200.764153259885, 129, 24, 0.3255175, 681.1182
5064, 496.703957140764, -418.576596336399, -200.362209012492, 130, 24, 0.8391855, 679.7545
5065, 496.546344868487, -425.803467831421, -201.769013878369, 131, 24, 0.1795881, 684.5273
5066, 502.191815679525, -438.198652204195, -205.587448247562, 132, 24, 0.4057614, 697.4818
5067, 502.300750664666, -445.963676250808, -207.195207246614, 133, 24, 0.2761145, 702.9363
5068, 498.445203323853, -450.268835182788, -207.195207246614, 134, 24, 0.1259046, 702.9363
5069, 499.349704522092, -458.949509048226, -209.204910493059, 135, 24, 0.5164919, 709.7545
5070, 499.665487978874, -467.233752733884, -211.013641615807, 136, 24, 0.9145048, 715.8909
5071, 473.913333426655, -450.858090999767, -201.769013878369, 137, 24, 3.918261, 684.5273
5072, 476.10272772977, -460.809337252702, -204.381615505382, 138, 24, 0.2552676, 693.3909
5073, 477.227069936599, -469.916970873826, -206.592290875523, 139, 24, 0.1634145, 700.8909
5074, 477.769305464133, -478.616621780484, -208.602012112491, 140, 24, 0.6705909, 707.7091
5075, 476.827857520491, -485.96484481063, -210.008798987845, 141, 24, -0.3907084, 712.4818
5076, 382.61287978115, 166.136567851901, -132.647126608447, 1, 23, -0.1098452, 437.7091
5077, 381.037119037464, 161.570252285711, -131.614007191234, 2, 23, -0.1770649, 434.3
5078, 382.41312429067, 158.285927606618, -131.614007191234, 3, 23, -0.1769533, 434.3
5079, 440.996001652761, 178.105518137115, -151.243294614913, 4, 23, -0.7099471, 499.0727
5080, 442.512052793078, 174.304710772454, -151.243294614913, 5, 23, -0.6704357, 499.0727
5081, 443.995346659661, 170.491000375914, -151.243294614913, 6, 23, -0.9179516, 499.0727
5082, 493.521573601078, 184.652352181529, -167.566588805538, 7, 23, 2.249453, 552.9363
5083, 494.48151178034, 180.17693630054, -167.359963072433, 8, 23, 3.653841, 552.2545
5084, 516.834412524165, 183.300245300239, -174.385182508134, 9, 23, 0.1332798, 575.4363
5085, 523.920396158828, 180.753942149801, -176.244795609457, 10, 23, -0.07795525, 581.5727
5086, 526.072198262596, 176.446196400686, -176.451421342561, 11, 23, 0.6329403, 582.2545
5087, 527.570824115853, 171.91347693194, -176.451421342561, 12, 23, 0.3416672, 582.2545
5088, 537.083814026415, 169.915871236954, -179.137537376303, 13, 23, -0.102828, 591.1182
5089, 538.525847085034, 165.28865238945, -179.137537376303, 14, 23, 0.09020519, 591.1182
5090, 546.778524062167, 162.687485801866, -181.410401943835, 15, 23, 0.4978065, 598.6182
5091, 550.03105657075, 158.516929692603, -182.030279143149, 16, 23, 0.6699629, 600.6636
5092, 557.63322903663, 155.524291589804, -184.096517977576, 17, 23, 0.4904175, 607.4818
5093, 558.323326590228, 150.551637988716, -183.889892244471, 18, 23, 0.2237835, 606.8
5094, 560.226754407538, 145.906158356408, -184.096517977576, 19, 23, 0.5547314, 607.4818
5095, 574.06467316738, 144.247599451555, -188.228995646431, 20, 23, 0.8441906, 621.1182
5096, 575.916004772507, 139.456075025502, -188.435621379536, 21, 23, 0.835207, 621.8
5097, 584.055306043191, 136.118138052217, -190.708485947068, 22, 23, 0.833025, 629.3
5098, 584.570765418636, 130.946010485993, -190.501860213963, 23, 23, 0.6194382, 628.6182
5099, 586.946247721689, 126.184806010585, -190.915111680172, 24, 23, 0.5089073, 629.9818
5100, 598.192441922515, 123.227749171021, -194.221086416609, 25, 23, 0.6513147, 640.8909
5101, 599.230520688248, 118.076495606321, -194.221086416609, 26, 23, 0.2518024, 640.8909
5102, 600.862800760651, 113.036629674462, -194.427712149713, 27, 23, 0.5798969, 641.5727
5103, 602.452668637012, 107.977408119322, -194.634337882818, 28, 23, 0.5536537, 642.2545
5104, 608.483637898191, 103.663048705207, -196.287343747655, 29, 23, 0.7964687, 647.7091
5105, 616.408870428222, 99.5636545135685, -198.560208315187, 30, 23, 0.7909985, 655.2091
5106, 593.477188977658, 90.6274193921302, -190.915111680172, 31, 23, 0.7777557, 629.9818
5107, 600.66625219022, 86.4434860845008, -192.9813505146, 32, 23, 0.5886211, 636.8
5108, 600.743849393423, 81.1852914734942, -192.774724781495, 33, 23, 0.5725975, 636.1182
5109, 611.089542571328, 77.2357642715309, -195.874092281446, 34, 23, 1.21467, 646.3455
5110, 611.086131145123, 71.8993236819993, -195.667466548341, 35, 23, 0.9515257, 645.6636
5111, 622.662965143819, 67.8353324913555, -199.180067017882, 36, 23, 2.263477, 657.2545
5112, 623.223556205428, 62.4755911261828, -199.180067017882, 37, 23, 1.862222, 657.2545
5113, 630.85555236399, 57.7629271189111, -201.452931585414, 38, 23, 0.1496735, 664.7545
5114, 635.861960641665, 52.7088096352751, -202.899311717147, 39, 23, 0.9689236, 669.5273
5115, 649.25136188291, 48.1981307744335, -207.031789386002, 40, 23, 1.300056, 683.1636
5116, 648.345279728938, 42.5253030040287, -206.618537919792, 41, 23, 0.9852524, 681.8
5117, 653.228069459414, 37.2041589046026, -208.064899554906, 42, 23, 1.091751, 686.5727
5118, 656.769004645205, 31.7393976760731, -209.098028220429, 43, 23, 1.379083, 689.9818
5119, 665.457957971833, 26.4226788491996, -211.78414425417, 44, 23, 0.5795336, 698.8455
5120, 666.310108554584, 20.7164654464487, -211.990769987275, 45, 23, 0.4230957, 699.5273
5121, 672.959596483406, 15.1289756111807, -214.057008821703, 46, 23, -0.2658157, 706.3455
5122, 673.714552610654, 9.34746014304556, -214.263634554807, 47, 23, -0.1075535, 707.0273
5123, 680.917253634945, 3.58831352347405, -216.536499122339, 48, 23, 0.9549389, 714.5273
5124, 684.171652824037, -2.28108619561822, -217.569609291243, 49, 23, 0.9902077, 717.9363
5125, 690.623793020078, -8.24500254959471, -219.635848125671, 50, 23, 1.056422, 724.7545
5126, 711.315085277793, -14.6137233178798, -226.247816095162, 51, 23, 1.148641, 746.5727
5127, 711.163024788287, -20.7331528461142, -226.247816095162, 52, 23, 1.061209, 746.5727
5128, 708.361185543917, -26.7529605728273, -225.421331659363, 53, 23, 1.163771, 743.8455
5129, 706.806665309621, -32.7863106312741, -225.008080193154, 54, 23, 1.681442, 742.4818
5130, 707.14719951527, -38.9019693082672, -225.214705926258, 55, 23, 1.448931, 743.1636
5131, 711.973857171981, -45.3148100205967, -226.867693294476, 56, 23, 1.436187, 748.6182
5132, 712.853767856159, -51.5324695502205, -227.280944760686, 57, 23, 1.217107, 749.9818
5133, 714.974582321851, -57.8734642675999, -228.107447693104, 58, 23, 1.445223, 752.7091
5134, 717.685971850639, -64.3127403920651, -229.140557862008, 59, 23, 1.202477, 756.1182
5135, 715.812788344335, -70.358025001335, -228.727306395799, 60, 23, 1.004958, 754.7545
5136, 717.765248272169, -76.790570935005, -229.553809328218, 61, 23, 0.7641952, 757.4818
5137, 728.050623354715, -84.2326859169911, -233.066409797759, 62, 23, 1.050411, 769.0727
5138, 722.785493960144, -89.9319428804738, -231.620048162645, 63, 23, 0.8909297, 764.3
5139, 717.476523294246, -95.546877186655, -230.173686527532, 64, 23, 1.111359, 759.5273
5140, 721.774354762572, -102.446796139197, -231.82667389575, 65, 23, 1.579153, 764.9818
5141, 720.866214177678, -108.652963554871, -231.82667389575, 66, 23, 1.214093, 764.9818
5142, 720.546357730897, -114.953453946853, -232.033299628854, 67, 23, 1.403307, 765.6636
5143, 724.65653959232, -122.011646340531, -233.686286997073, 68, 23, 1.263006, 771.1182
5144, 722.940171048027, -128.12849552432, -233.479661263968, 69, 23, 1.289614, 770.4363
5145, 722.449819749404, -134.462634812415, -233.686286997073, 70, 23, 1.414924, 771.1182
5146, 721.903942749422, -140.797812393018, -233.892912730177, 71, 23, 0.9308327, 771.8
5147, 725.1223336797, -147.912725798649, -235.339274365291, 72, 23, 1.154758, 776.5727
5148, 727.000441551426, -154.822709499778, -236.372403030814, 73, 23, 1.06439, 779.9818
5149, 731.98464143663, -162.47990508787, -238.438641865241, 74, 23, 0.950783, 786.8
5150, 730.559613647627, -168.771697163669, -238.438641865241, 75, 23, 0.9664247, 786.8
5151, 734.134891375377, -176.264545251909, -240.091629233459, 76, 23, 0.5479949, 792.2545
5152, 742.678756124826, -185.088323707354, -243.397622466515, 77, 23, 0.5818021, 803.1636
5153, 737.913307809363, -190.658566886022, -242.364493800992, 78, 23, 0.6692033, 799.7545
5154, 736.245618689058, -197.000324696064, -242.364493800992, 79, 23, 0.5378776, 799.7545
5155, 743.290333900391, -205.754315078848, -245.257235567838, 80, 23, 0.5521247, 809.3
5156, 745.865388531779, -213.392845699794, -246.703597202951, 81, 23, -0.242348, 814.0727
5157, 757.087551870248, -223.668132177267, -251.042700604911, 82, 23, -0.4411418, 828.3909
5158, 758.242793013772, -231.12088359272, -252.075829270434, 83, 23, -0.05297947, 831.8
5159, 724.612817277022, -227.701876280291, -241.538009365192, 84, 23, 1.539215, 797.0273
5160, 722.626909423769, -233.92782904212, -241.538009365192, 85, 23, 1.064507, 797.0273
5161, 720.587508592575, -240.136465127755, -241.538009365192, 86, 23, 2.141896, 797.0273
5162, 722.797207702386, -247.802365630405, -242.984371000306, 87, 23, 1.294131, 801.8
5163, 723.089654337962, -254.875966254368, -243.810873932724, 88, 23, 0.6272092, 804.5273
5164, 727.59013044003, -263.521732700075, -246.083738500256, 89, 23, 1.007529, 812.0273
5165, 724.68692842596, -269.545459988484, -245.877112767152, 90, 23, 0.8291402, 811.3455
5166, 727.804202250198, -277.856203843934, -247.736725868474, 91, 23, 0.722049, 817.4818
5167, 724.781650024486, -283.870796971704, -247.53010013537, 92, 23, 0.7726197, 816.8
5168, 722.312473103156, -290.09612335426, -247.53010013537, 93, 23, 0.5285006, 816.8
5169, 714.983124223471, -294.321306241156, -245.877112767152, 94, 23, 0.827369, 811.3455
5170, 711.825702255192, -300.209445108636, -245.670487034047, 95, 23, 0.6782506, 810.6636
5171, 709.21643138148, -306.322697138249, -245.670487034047, 96, 23, 0.7309554, 810.6636
5172, 690.509721252914, -305.318773583974, -240.091629233459, 97, 23, 1.140898, 792.2545
5173, 684.897441912202, -309.909142629017, -239.058519064555, 98, 23, 0.8151045, 788.8455
5174, 679.847107356435, -314.698562083942, -238.232016132137, 99, 23, 0.8751516, 786.1182
5175, 666.543398009889, -315.532002053127, -234.512789929491, 100, 23, 0.946264, 773.8455
5176, 663.803971859684, -321.25508975506, -234.512789929491, 101, 23, 0.7421741, 773.8455
5177, 655.191350787436, -324.073675521881, -232.446551095064, 102, 23, 1.199375, 767.0273
5178, 650.639122148594, -328.819552280306, -231.82667389575, 103, 23, 1.07091, 764.9818
5179, 638.548129421332, -329.636483199054, -228.520680662694, 104, 23, 0.848803, 754.0727
5180, 652.93174595727, -344.208429155708, -234.719415662596, 105, 23, 0.9805164, 774.5273
5181, 649.946099075321, -349.813344338694, -234.719415662596, 106, 23, 0.666398, 774.5273
5182, 645.203890216775, -354.45379850546, -234.099538463282, 107, 23, 0.8604746, 772.4818
5183, 610.391498928734, -342.198358834076, -222.528589892517, 108, 23, 1.035634, 734.3
5184, 633.369232644397, -362.277194083509, -232.033299628854, 109, 23, 0.4862041, 765.6636
5185, 620.126958949767, -361.819082981798, -228.31405492959, 110, 23, 0.9706483, 753.3909
5186, 616.991008770859, -367.141102468781, -228.31405492959, 111, 23, 0.9286225, 753.3909
5187, 606.032462967662, -367.717206442593, -225.421331659363, 112, 23, 0.1196089, 743.8455
5188, 602.293707491744, -372.575918322963, -225.214705926258, 113, 23, -0.05167079, 743.1636
5189, 595.768150548794, -375.664713844134, -223.97495152763, 114, 23, 0.7941563, 739.0727
5190, 585.408047703476, -376.210047605369, -221.288853990508, 115, 23, 0.2206807, 730.2091
5191, 582.149566445287, -381.232821937978, -221.288853990508, 116, 23, 0.6168923, 730.2091
5192, 572.90262577674, -382.260422087055, -219.015989422976, 117, 23, 0.20333, 722.7091
5193, 563.681536849414, -383.1574203709, -216.743124855444, 118, 23, 0.3327641, 715.2091
5194, 555.556225615775, -384.664071990706, -214.883493257502, 119, 23, 0.3722353, 709.0727
5195, 552.226113026725, -389.429696084303, -214.883493257502, 120, 23, 0.1839743, 709.0727
5196, 543.049773964325, -389.997316590447, -212.61062868997, 121, 23, 0.3271575, 701.5727
5197, 539.149755775912, -394.271595247964, -212.404002956865, 122, 23, 0.1252065, 700.8909
5198, 528.96256013738, -393.85120304622, -209.717905419743, 123, 23, -0.006290436, 692.0273
5199, 530.214590275855, -401.920270086027, -211.577518521066, 124, 23, 0.4317951, 698.1636
5200, 522.107311648552, -402.894670219361, -209.717905419743, 125, 23, 0.2501986, 692.0273
5201, 518.621585762746, -407.371833769814, -209.717905419743, 126, 23, 0.3812783, 692.0273
5202, 513.574960600106, -410.601600912725, -209.098028220429, 127, 23, 0.5418077, 689.9818
5203, 503.471379214949, -409.673829081995, -206.411912186688, 128, 23, 0.2264361, 681.1182
5204, 499.928016974489, -413.990402989321, -206.411912186688, 129, 23, 0.4578089, 681.1182
5205, 492.372797192879, -414.926691472323, -204.75892481847, 130, 23, 0.1091689, 675.6636
5206, 496.67641839712, -425.915009805573, -208.064899554906, 131, 23, 0.03969989, 686.5727
5207, 492.993572752862, -430.172520500602, -208.064899554906, 132, 23, 0.2550419, 686.5727
5208, 500.935505107318, -444.751553977579, -213.023880156179, 133, 23, 0.3954921, 702.9363
5209, 488.893796869322, -441.640603573858, -209.511279686638, 134, 23, -0.2653399, 691.3455
5210, 485.075940353794, -445.830572563463, -209.511279686638, 135, 23, 4.775459, 691.3455
5211, 476.47627399877, -445.549678625225, -207.445040852211, 136, 23, 5.998669, 684.5273
5212, 473.096003026769, -450.08052261792, -207.651666585316, 137, 23, 0.2418523, 685.2091
5213, 474.808687987615, -459.556864705854, -210.131138389333, 138, 23, 0.01077032, 693.3909
5214, 470.837205940332, -463.624985941327, -210.131138389333, 139, 23, -0.1378903, 693.3909
5215, 478.765910910026, -479.614994690393, -215.503370456816, 140, 23, -0.1473098, 711.1182
5216, 474.621707448837, -483.716420436317, -215.503370456816, 141, 23, -0.159215, 711.1182
5217, 351.82493585095, 152.767955329745, -125.653446825095, 1, 22, -0.4127893, 403.6182
5218, 357.898493848627, 151.758836750267, -127.351547260782, 2, 22, -0.4567223, 409.0727
5219, 359.190940655106, 148.673953946915, -127.351547260782, 3, 22, -0.6016474, 409.0727
5220, 371.270963212247, 149.945593666062, -131.172256614921, 4, 22, -0.417655, 421.3454
5221, 409.321375463617, 161.230961988127, -144.120240372303, 5, 22, -0.7289159, 462.9363
5222, 442.751763212399, 170.01347333071, -155.370133194658, 6, 22, -0.1694818, 499.0727
5223, 462.403644516955, 173.00949985701, -161.737997952657, 7, 22, -0.3607551, 519.5273
5224, 463.87505848019, 169.024695306147, -161.737997952657, 8, 22, -0.3691924, 519.5273
5225, 494.013452577912, 175.206574571726, -171.714298822093, 9, 22, 1.56514, 551.5727
5226, 517.552902234013, 178.557139664226, -179.355736531692, 10, 22, -0.439537, 576.1182
5227, 519.070005418884, 174.097639875902, -179.355736531692, 11, 22, -0.3699884, 576.1182
5228, 523.012917750852, 170.428244059083, -180.204791499865, 12, 22, -0.1552086, 578.8455
5229, 533.108448542737, 168.658194740281, -183.176445885832, 13, 22, 0.2517738, 588.3909
5230, 537.017493823235, 164.825696564174, -184.025500854005, 14, 22, -0.40942, 591.1182
5231, 539.036769043032, 160.384018119193, -184.237764596048, 15, 22, -0.3350487, 591.8
5232, 548.49047844853, 158.072940737854, -186.997174241291, 16, 22, 0.0977335, 600.6636
5233, 549.830195812822, 153.348020250162, -186.997174241291, 17, 22, 0.003763199, 600.6636
5234, 556.759522707166, 150.129958963542, -188.907528918361, 18, 22, -0.05444336, 606.8
5235, 556.776545515182, 145.007581626449, -188.483001434274, 19, 22, -0.3614807, 605.4363
5236, 566.172771912723, 142.264568855347, -191.242411079517, 20, 22, 0.7871838, 614.3
5237, 573.673184009932, 138.912983710202, -193.36502949863, 21, 22, 0.5159206, 621.1182
5238, 574.847121991557, 133.972106923005, -193.36502949863, 22, 22, 0.2872725, 621.1182
5239, 575.978506500544, 129.021312754006, -193.36502949863, 23, 22, 0.2755413, 621.1182
5240, 585.302274099914, 125.831375873915, -196.124439143873, 24, 22, 0.9660263, 629.9818
5241, 583.190152259751, 120.137274838693, -195.063120433657, 25, 22, 0.4679489, 626.5727
5242, 584.837913677428, 115.240477513443, -195.2753841757, 26, 22, 0.3883381, 627.2545
5243, 598.543077122858, 112.600234308564, -199.520621013926, 27, 22, 0.4685287, 640.8909
5244, 600.765263189832, 107.674974955493, -199.945148498013, 28, 22, 0.7403107, 642.2545
5245, 606.779340351577, 103.372699600351, -201.643258434359, 29, 22, 0.7996464, 647.7091
5246, 607.646273597056, 98.1483014818481, -201.643258434359, 30, 22, 0.6360626, 647.7091
5247, 591.8149228884, 90.3735816898389, -196.124439143873, 31, 22, 0.4759254, 629.9818
5248, 593.21190284651, 85.3707107430989, -196.336702885916, 32, 22, 0.7803345, 630.6636
5249, 599.061230166058, 80.9579001609564, -198.034793820943, 33, 22, 0.8801479, 636.1182
5250, 605.520983866112, 76.5319527062429, -199.945148498013, 34, 22, 0.806222, 642.2545
5251, 606.157032865239, 71.3193746132459, -199.945148498013, 35, 22, 1.083945, 642.2545
5252, 609.324730196263, 66.3822131424212, -200.794203466186, 36, 22, 0.3024559, 644.9818
5253, 619.543902026568, 62.1067209708827, -203.978140595515, 37, 22, 1.039625, 655.2091
5254, 627.798109485936, 57.4829789604563, -206.525267497395, 38, 22, 0.7567987, 663.3909
5255, 628.91516794265, 52.1329658254353, -206.737531239439, 39, 22, 0.816699, 664.0727
5256, 633.863569875566, 47.0557953785572, -208.223377433741, 40, 22, 1.556883, 668.8455
5257, 637.477665989625, 41.8124905850221, -209.284677142638, 41, 22, 0.9943581, 672.2545
5258, 651.398447548783, 37.0999540372967, -213.742177722908, 42, 22, 1.039258, 686.5727
5259, 648.457664594152, 31.33773906363, -212.680878014011, 43, 22, 0.8371029, 683.1636
5260, 647.408423160176, 25.7060038797404, -212.256350529924, 44, 22, 1.063779, 681.8
5261, 647.60562850981, 20.13491834163, -212.256350529924, 45, 22, 0.9615984, 681.8
5262, 658.76699508643, 14.8099081344465, -215.864796142021, 46, 22, 0.8995743, 693.3909
5263, 658.222212068434, 9.13251148982183, -215.652551401297, 47, 22, 0.6757789, 692.7091
5264, 666.699424822487, 3.51338807969974, -218.41194204522, 48, 22, 0.9077864, 701.5727
5265, 682.255361248147, -2.27469711731821, -223.50623385162, 49, 22, 1.415587, 717.9363
5266, 681.562643165281, -8.13682613805181, -223.293970109576, 50, 22, 1.220023, 717.2545
5267, 685.354236004815, -14.0803666153092, -224.567552561836, 51, 22, 0.8721561, 721.3455
5268, 685.207725263276, -19.9764554736953, -224.567552561836, 52, 22, 1.07863, 721.3455
5269, 685.010491525879, -25.8710655605631, -224.567552561836, 53, 22, 0.7837687, 721.3455
5270, 701.590749693925, -32.5443623899856, -230.086352851002, 54, 22, 1.284024, 739.0727
5271, 701.284778563904, -38.579462593854, -230.086352851002, 55, 22, 1.248445, 739.0727
5272, 702.220159773941, -44.6940190461272, -230.510880335089, 56, 22, 1.094316, 740.4363
5273, 701.809632854337, -50.7340848374603, -230.510880335089, 57, 22, 1.115383, 740.4363
5274, 702.638811623966, -56.874947953385, -230.935407819175, 58, 22, 0.7840182, 741.8
5275, 693.733908485229, -62.1663659421066, -228.175998173932, 59, 22, 0.9829719, 732.9363
5276, 713.807873334255, -70.1609597033944, -234.968380915358, 60, 22, 1.205825, 754.7545
5277, 707.379483609065, -75.679443306583, -233.058026238288, 61, 22, 0.6160489, 748.6182
5278, 706.702175177791, -81.7627517222836, -233.058026238288, 62, 22, 0.8089635, 748.6182
5279, 700.828745242972, -87.1999939302331, -231.359935303262, 63, 22, 1.325344, 743.1636
5280, 715.466948340632, -95.2792606095876, -236.454227109661, 64, 22, 1.009762, 759.5273
5281, 710.77164084475, -100.885099215111, -235.180644657402, 65, 22, 0.9162564, 755.4363
5282, 713.080864822609, -107.479512416364, -236.241963367618, 66, 22, 1.173248, 758.8455
5283, 718.528184499577, -114.631481625274, -238.364581786731, 67, 22, 1.260132, 765.6636
5284, 718.154277840707, -120.916849539694, -238.576845528774, 68, 22, 1.190845, 766.3455
5285, 720.277294599218, -127.656547267995, -239.638145237671, 69, 22, 1.128387, 769.7545
5286, 712.782349004, -132.66332148592, -237.515526818558, 70, 22, 1.314681, 762.9363
5287, 711.614566095365, -138.791005617228, -237.515526818558, 71, 22, 1.341777, 762.9363
5288, 713.568443377335, -145.555927050597, -238.576845528774, 72, 22, 0.9674735, 766.3455
5289, 724.330461229987, -154.254107936354, -242.609818624957, 73, 22, 0.8940694, 779.3
5290, 723.609034645861, -160.620757068389, -242.822082367, 74, 22, 0.9359016, 779.9818
5291, 728.513394358155, -168.298985702754, -244.944700786114, 75, 22, 0.8006819, 786.8
5292, 723.88825086236, -173.804344202205, -243.883382075897, 76, 22, 0.974878, 783.3909
5293, 730.539275030206, -182.062956160551, -246.64279172114, 77, 22, 0.7451577, 792.2545
5294, 735.846491609576, -190.124552645463, -248.977673882297, 78, 22, 0.8496277, 799.7545
5295, 733.557551797831, -196.281067376313, -248.765410140253, 79, 22, 0.7944689, 799.0727
5296, 731.841649361206, -202.585141287023, -248.765410140253, 80, 22, 0.5363727, 799.0727
5297, 730.694519051391, -209.052444522938, -248.977673882297, 81, 22, 0.2825241, 799.7545
5298, 742.539326583451, -219.370116223427, -253.647438204609, 82, 22, 0.2516346, 814.7545
5299, 737.52555349333, -224.806037282695, -252.586138495713, 83, 22, 0.6606979, 811.3455
5300, 722.583254327727, -227.06410769469, -248.128637915443, 84, 22, 1.387491, 797.0273
5301, 720.602908789829, -233.272622229167, -248.128637915443, 85, 22, 0.8328161, 797.0273
5302, 718.569220102095, -239.463868589607, -248.128637915443, 86, 22, 0.663938, 797.0273
5303, 720.772730081193, -247.108297725395, -249.614465108426, 87, 22, 1.691909, 801.8
5304, 718.619996545956, -253.300493086235, -249.614465108426, 88, 22, 1.06963, 801.8
5305, 718.850924312237, -260.356529318569, -250.463520076599, 89, 22, 0.7620286, 804.5273
5306, 719.620690548692, -267.661085694601, -251.524819785496, 90, 22, 0.9722078, 807.9363
5307, 721.528461779791, -275.460293765336, -253.010665979799, 91, 22, 0.8804818, 812.7091
5308, 719.13176705552, -281.657941857143, -253.010665979799, 92, 22, 0.9955994, 812.7091
5309, 715.479315113281, -287.351781096658, -252.586138495713, 93, 22, 0.6963198, 811.3455
5310, 712.980533013799, -293.496943762198, -252.586138495713, 94, 22, 0.7239499, 811.3455
5311, 709.831954646529, -299.36859058289, -252.373874753669, 95, 22, 0.9601707, 810.6636
5312, 698.307611197182, -301.610991270209, -249.18993762434, 96, 22, 0.7761899, 800.4363
5313, 684.427555119715, -302.629456623812, -245.156964528157, 97, 22, 0.798583, 787.4818
5314, 681.208157028614, -308.239778655346, -244.944700786114, 98, 22, 0.8472883, 786.8
5315, 677.942928369565, -313.81712509225, -244.73243704407, 99, 22, 0.8013939, 786.1182
5316, 674.632198079483, -319.361122989268, -244.520173302027, 100, 22, 0.8494524, 785.4363
5317, 661.361498318502, -320.07302834844, -240.699463947887, 101, 22, 0.958584, 773.1636
5318, 652.775450357339, -322.878712048789, -238.576845528774, 102, 22, 1.00552, 766.3455
5319, 639.564219293376, -323.222525488596, -234.756117173315, 103, 22, 1.076737, 754.0727
5320, 636.759624451622, -328.713206689054, -234.756117173315, 104, 22, 0.9318867, 754.0727
5321, 623.590897468279, -328.740706180032, -230.935407819175, 105, 22, 1.081225, 741.8
5322, 621.309968038772, -334.400834315066, -231.147671561219, 106, 22, 1.207819, 742.4818
5323, 610.459492105157, -335.366368819765, -228.175998173932, 107, 22, 0.7864733, 732.9363
5324, 608.116674851599, -340.92304443799, -228.388261915976, 108, 22, 0.8080935, 733.6182
5325, 605.723389073603, -346.464208354658, -228.600525658019, 109, 22, 0.9107852, 734.3
5326, 593.765777962959, -346.43839650573, -225.204324786646, 110, 22, 0.8086357, 723.3909
5327, 586.308648867844, -348.883534236826, -223.50623385162, 111, 22, 0.9429946, 717.9363
5328, 582.177353182207, -353.242842665553, -223.081706367533, 112, 22, 1.163122, 716.5727
5329, 576.361478048184, -356.534369027466, -222.020406658636, 113, 22, 0.7493379, 713.1636
5330, 563.407221378477, -355.259361216104, -218.199678303177, 114, 22, 0.5737243, 700.8909
5331, 583.768382415325, -375.156323526017, -227.326962207079, 115, 22, 0.2126737, 730.2091
5332, 580.519027814401, -380.165029605283, -227.326962207079, 116, 22, 0.4612434, 730.2091
5333, 568.603095343872, -379.391626860614, -223.930761335706, 117, 22, -2.31461, 719.3
5334, 557.815811354184, -379.170246581391, -220.95908794842, 118, 22, 1.07843, 709.7545
5335, 554.000172086393, -383.586669093845, -220.746824206377, 119, 22, 0.8861622, 709.0727
5336, 550.679386786297, -388.338945184398, -220.746824206377, 120, 22, 0.3966097, 709.0727
5337, 541.528749667511, -388.904975846254, -218.41194204522, 121, 22, 0.3116769, 701.5727
5338, 537.639655012644, -393.167282706707, -218.199678303177, 122, 22, 0.4544874, 700.8909
5339, 527.480992618808, -392.748067978527, -215.440287659254, 123, 22, 0.2955437, 692.0273
5340, 523.566011503112, -396.88042654902, -215.228023917211, 124, 22, 0.2638435, 691.3455
5341, 520.644944947312, -401.766205367996, -215.440287659254, 125, 22, -0.07032478, 692.0273
5342, 517.168982206651, -406.230828862514, -215.440287659254, 126, 22, 0.5029678, 692.0273
5343, 511.630410914889, -409.04693942208, -214.591232691081, 127, 22, 0.05030298, 689.3
5344, 502.061209765939, -408.526376532197, -212.044086787881, 128, 22, 0.2815442, 681.1182
5345, 498.527772103886, -412.830860177992, -212.044086787881, 129, 22, 0.2331643, 681.1182
5346, 490.993713684284, -413.764526217159, -210.345995852855, 130, 22, 0.1672182, 675.6636
5347, 69.3385037278132, -59.4598583730678, -29.9232853431792, 131, 22, 0.1603334, 96.11819
5348, 68.824360118464, -60.0542280879642, -29.9232853431792, 132, 22, 0.2887083, 96.11819
5349, 68.3051217362387, -60.6441522453308, -29.9232853431792, 133, 22, 0.200179, 96.11819
5350, 67.3000171131824, -60.7952491292121, -29.7110216011359, 134, 22, 0.09276319, 95.43636
5351, 66.774459598491, -61.3720308075845, -29.7110216011359, 135, 22, -0.05130959, 95.43636
5352, 65.7706992173802, -61.5017273647832, -29.4987602342576, 136, 22, 0.06023455, 94.75455
5353, 65.2391199516946, -62.0653250400224, -29.4987602342576, 137, 22, 0.09355068, 94.75455
5354, 64.7027113131209, -62.62432828483, -29.4987602342576, 138, 22, -0.3257182, 94.75455
5355, 64.6231937835403, -63.6333045294098, -29.7110216011359, 139, 22, 0.3198323, 95.43636
5356, 64.0733174534837, -64.1869504698791, -29.7110216011359, 140, 22, -0.04435682, 95.43636
5357, 65.3338683641583, -66.5857975781163, -30.5600718189791, 141, 22, -1.145571, 98.16364
5358, 346.661893241131, 150.526080515288, -127.456293167667, 1, 21, -0.8831282, 398.8454
5359, 356.866221142584, 151.321124639793, -130.724559535633, 2, 21, -0.8841057, 409.0727
5360, 368.900046632012, 152.692683295277, -134.646463573522, 3, 21, -0.5209217, 421.3454
5361, 370.200120812916, 149.513111422093, -134.646463573522, 4, 21, -0.4217558, 421.3454
5362, 371.472790662983, 146.322471733047, -134.646463573522, 5, 21, -0.8044796, 421.3454
5363, 395.636909818882, 151.921710549731, -142.926062603561, 6, 21, -0.5328894, 447.2545
5364, 461.069951669365, 172.51049528544, -166.02176414269, 7, 21, -0.04085326, 519.5273
5365, 404.869708095042, 147.524592664375, -145.322786072179, 8, 21, -0.3620052, 454.7545
5366, 406.123986025096, 144.035738443075, -145.322786072179, 9, 21, -0.3317776, 454.7545
5367, 483.690862534017, 166.874645129022, -172.558277374035, 10, 21, 1.835466, 539.9818
5368, 482.046022855175, 161.679684848918, -171.468848749852, 11, 21, -0.8757515, 536.5727
5369, 519.047285748643, 169.136008866064, -184.106123267453, 12, 21, -0.137394, 576.1182
5370, 530.954898708585, 167.976881532239, -187.810161085092, 13, 21, -0.1192026, 587.7091
5371, 536.703864907886, 164.729435073571, -189.335341654363, 14, 21, -0.9660392, 592.4818
5372, 538.101289278518, 160.105677174533, -189.335341654363, 15, 21, -0.1678553, 592.4818
5373, 543.804462046644, 156.722448027229, -190.860522223635, 16, 21, -0.005786896, 597.2545
5374, 544.510411885213, 151.864328849308, -190.642636498798, 17, 21, 0.06613159, 596.5727
5375, 553.906098945534, 149.360534508696, -193.47513141709, 18, 21, -0.5490341, 605.4363
5376, 555.170656579692, 144.589341898552, -193.47513141709, 19, 21, -0.4332104, 605.4363
5377, 559.52708676431, 140.594680122985, -194.564560041274, 20, 21, -0.1223183, 608.8455
5378, 568.878990310619, 137.752086234394, -197.397054959565, 21, 21, -0.5887127, 617.7091
5379, 573.189112795156, 133.585696385591, -198.486464079163, 22, 21, -0.0177536, 621.1182
5380, 574.317234095808, 128.649181599663, -198.486464079163, 23, 21, 0.07464027, 621.1182
5381, 574.771200771569, 123.567350079086, -198.268578354327, 24, 21, -0.2257481, 620.4363
5382, 581.508079585634, 119.790767569381, -200.229530373272, 25, 21, 0.4584255, 626.5727
5383, 582.517204989458, 114.783189141542, -200.229530373272, 26, 21, 0.3313999, 626.5727
5384, 591.102367809735, 111.20045934816, -202.844139566727, 27, 21, 0.4001274, 634.7545
5385, 592.037229318559, 106.110652105816, -202.844139566727, 28, 21, 0.4066486, 634.7545
5386, 576.369141980558, 98.1919294390387, -197.179169234729, 29, 21, 1.192596, 617.0273
5387, 581.01940498686, 93.8474737775972, -198.486464079163, 30, 21, 0.4874372, 621.1182
5388, 590.746642753495, 90.2104490983721, -201.536844722292, 31, 21, 0.4824142, 630.6636
5389, 592.14040892687, 85.216509188751, -201.754730447129, 32, 21, 0.186552, 631.3455
5390, 592.211420618012, 80.0322081455367, -201.536844722292, 33, 21, 0.194171, 630.6636
5391, 601.851641715124, 76.0681836091433, -204.58722536542, 34, 21, 1.186918, 640.2091
5392, 607.616948995788, 71.4911457876665, -206.330291659528, 35, 21, 0.5971165, 645.6636
5393, 608.209550622495, 66.2607211292313, -206.330291659528, 36, 21, 0.4507399, 645.6636
5394, 613.89987389154, 61.5409304282151, -208.073357953637, 37, 21, 0.4664116, 651.1182
5395, 619.553623906631, 56.7280904319084, -209.816424247745, 38, 21, -0.5490255, 656.5727
5396, 625.813542058364, 51.8758612675062, -211.777395771275, 39, 21, 1.12206, 662.7091
5397, 635.256780908418, 47.1592224508748, -214.827756909818, 40, 21, -0.1997108, 672.2545
5398, 635.639013951064, 41.6918924446432, -214.827756909818, 41, 21, 0.4735098, 672.2545
5399, 636.619220332032, 36.2582132371589, -215.045642634655, 42, 21, 0.7551813, 672.9363
5400, 637.552932668705, 30.8107506998601, -215.263528359492, 43, 21, 0.4375505, 673.6182
5401, 645.541128224945, 25.631861052535, -217.878137552947, 44, 21, 0.5551481, 681.8
5402, 645.73776478286, 20.0768439797657, -217.878137552947, 45, 21, 0.6644535, 681.8
5403, 654.929269607583, 14.7236312532261, -220.928518196075, 46, 21, 0.621336, 691.3455
5404, 654.385696985936, 9.07928171812865, -220.710632471238, 47, 21, 0.3625593, 690.6636
5405, 666.068616249687, 3.5100638300638, -224.632536509128, 48, 21, 0.006924629, 702.9363
5406, 666.074162823344, -2.22074763226863, -224.632536509128, 49, 21, 0.1004143, 702.9363
5407, 683.472996091956, -8.15963285990277, -230.515412070549, 50, 21, 0.8048563, 721.3455
5408, 683.377495437426, -14.0397551615092, -230.515412070549, 51, 21, 0.410224, 721.3455
5409, 683.23140727112, -19.9188381601179, -230.515412070549, 52, 21, 0.4429989, 721.3455
5410, 683.034742407321, -25.7964466523715, -230.515412070549, 53, 21, 0.4809589, 721.3455
5411, 698.921800447156, -32.4205590879534, -235.96249667771, 54, 21, 0.9864094, 738.3909
5412, 700.55228390846, -38.539166196408, -236.61615385222, 55, 21, 0.947454, 740.4363
5413, 699.550005810524, -44.5240724696355, -236.398268127383, 56, 21, 0.6716272, 739.7545
5414, 699.141039897204, -50.5411712393194, -236.398268127383, 57, 21, 0.9207652, 739.7545
5415, 691.596750246254, -55.981150662706, -234.001544658765, 58, 21, 0.8383093, 732.2545
5416, 691.732998754416, -61.9870619106596, -234.219430383602, 59, 21, 0.6363661, 732.9363
5417, 698.889703550549, -68.694636413692, -236.834039577057, 60, 21, 0.3174181, 741.1182
5418, 698.272804816431, -74.7051594923534, -236.834039577057, 61, 21, 0.3813609, 741.1182
5419, 698.887798315751, -80.8586580634878, -237.26981102673, 62, 21, 0.4622126, 742.4818
5420, 693.037272284147, -86.2305468301693, -235.526744732622, 63, 21, 0.8013945, 737.0273
5421, 695.471751003227, -92.6164854492963, -236.61615385222, 64, 21, 0.883461, 740.4363
5422, 708.081928800983, -100.503328403219, -241.19171506462, 65, 21, 0.7816596, 754.7545
5423, 698.24714341559, -105.243691455802, -238.141353926077, 66, 21, 0.747036, 745.2091
5424, 696.67780577645, -111.145548378481, -237.92346820124, 67, 21, 0.574378, 744.5273
5425, 705.889314317899, -118.851776901881, -241.409600789457, 68, 21, 0.6887083, 755.4363
5426, 704.204459237413, -124.807918437849, -241.19171506462, 69, 21, 0.9287357, 754.7545
5427, 703.104579670546, -130.862091382306, -241.19171506462, 70, 21, 0.7585392, 754.7545
5428, 710.196207909587, -138.514373619643, -244.024209982912, 71, 21, 0.950561, 763.6182
5429, 710.87728919849, -145.00697698845, -244.677867157422, 72, 21, 1.0228, 765.6636
5430, 713.39473092387, -151.925224348967, -245.985162001857, 73, 21, 1.103992, 769.7545
5431, 704.492607174658, -156.377450385008, -243.370552808401, 74, 21, 0.6800449, 761.5727
5432, 723.264706687361, -167.086449573554, -250.34283748942, 75, 21, 0.6362883, 783.3909
5433, 721.17220589296, -173.152226400641, -250.124971269169, 76, 21, 0.6836908, 782.7091
5434, 715.267474005289, -178.256960596004, -248.599771195312, 77, 21, 0.860082, 777.9363
5435, 716.20944363793, -185.050824628197, -249.471314094658, 78, 21, 0.6814088, 780.6636
5436, 732.06589667001, -195.881938964468, -255.57205587633, 79, 21, 0.7411995, 799.7545
5437, 730.353483441098, -202.173193834392, -255.57205587633, 80, 21, 0.5045402, 799.7545
5438, 695.045156825744, -198.853125758879, -243.806324258075, 81, 21, 0.8735483, 762.9363
5439, 700.743677215864, -207.022330549114, -246.42093345153, 82, 21, 0.9042825, 771.1182
5440, 698.93657427337, -213.043684832486, -246.42093345153, 83, 21, 0.6599753, 771.1182
5441, 710.021120370896, -223.116590615426, -250.99649466393, 84, 21, 0.8091749, 785.4363
5442, 718.524501846454, -232.599803077556, -254.700532481569, 85, 21, 0.4192643, 797.0273
5443, 712.206146838217, -237.343368438389, -253.175332407712, 86, 21, 0.8857419, 792.2545
5444, 710.137745294542, -243.462220567802, -253.175332407712, 87, 21, 1.20511, 792.2545
5445, 714.109997955691, -251.710800519617, -255.354170151493, 88, 21, 0.8045574, 799.0727
5446, 719.207345302554, -260.485619410655, -257.968779344948, 89, 21, 0.7057413, 807.2545
5447, 716.93957470201, -266.6638514741, -257.968779344948, 90, 21, 0.8947344, 807.2545
5448, 713.41156884074, -272.361480853732, -257.533007895275, 91, 21, 0.5276314, 805.8909
5449, 717.057603269033, -280.845566809982, -259.711865143642, 92, 21, 0.9042705, 812.7091
5450, 714.015213241988, -286.763766500657, -259.493979418805, 93, 21, 0.7876489, 812.0273
5451, 700.767795556351, -288.469595955688, -255.57205587633, 94, 21, 0.5395654, 799.7545
5452, 698.259940583289, -294.488143150733, -255.57205587633, 95, 21, 0.6773514, 799.7545
5453, 687.396916419556, -296.898475733274, -252.521694737787, 96, 21, 0.7869389, 790.2091
5454, 674.772005647058, -298.360116985954, -248.817656920148, 97, 21, 0.7507405, 778.6182
5455, 672.180017375958, -304.154637073451, -248.817656920148, 98, 21, 0.8682746, 778.6182
5456, 662.502672864166, -306.669891319863, -246.203047726693, 99, 21, 0.8953387, 770.4363
5457, 659.255696135716, -312.082109413593, -245.985162001857, 100, 21, 0.9033679, 769.7545
5458, 654.220083871213, -316.616863823219, -245.113638607095, 101, 21, 1.063566, 767.0273
5459, 651.471779972941, -322.233884774081, -245.113638607095, 102, 21, 0.7747433, 767.0273
5460, 637.142930514818, -321.998856230163, -240.755943614946, 103, 21, 0.797049, 753.3909
5461, 624.01543606883, -322.134298622192, -236.834039577057, 104, 21, 0.9137523, 741.1182
5462, 621.792298496065, -327.792532146927, -237.051925301893, 105, 21, 0.937712, 741.8
5463, 610.41550966735, -328.537229743721, -233.783658933928, 106, 21, 0.9363697, 731.5727
5464, 608.132517450531, -334.088005471583, -234.001544658765, 107, 21, 0.8738267, 732.2545
5465, 596.218860212791, -334.252878404785, -230.515412070549, 108, 21, 0.8763359, 721.3455
5466, 593.881780973122, -339.690995614014, -230.733297795385, 109, 21, 0.8972237, 722.0273
5467, 592.053202422945, -345.439177712736, -231.169049740473, 110, 21, 0.7545907, 723.3909
5468, 584.062370653417, -347.546884191083, -229.208097721528, 111, 21, 0.8305964, 717.2545
5469, 577.736511439404, -350.54831057412, -227.900802877093, 112, 21, 0.8044055, 713.1636
5470, 565.358602129451, -349.728044225091, -224.196765059455, 113, 21, 0.4463651, 701.5727
5471, 560.689257960287, -353.545535210479, -223.54312738953, 114, 21, 0.6312199, 699.5273
5472, 557.626691198943, -358.356474368525, -223.54312738953, 115, 21, 0.6250693, 699.5273
5473, 547.496536475015, -358.539560333514, -220.710632471238, 116, 21, 0.6887446, 690.6636
5474, 543.31664322874, -362.519632522118, -220.274861021565, 117, 21, 0.7778761, 689.3
5475, 555.672606247176, -377.713422317256, -226.593488528073, 118, 21, 0.5787196, 709.0727
5476, 552.402290936802, -382.480304983034, -226.593488528073, 119, 21, 0.4714089, 709.0727
5477, 545.395200518936, -384.612538548405, -225.068307958802, 120, 21, 0.3102334, 704.3
5478, 539.442072345976, -387.406405006149, -223.978879334618, 121, 21, 0.1151823, 700.8909
5479, 529.830993810508, -387.456933632198, -221.364289645749, 122, 21, -0.02931371, 692.7091
5480, 525.441395085295, -391.22943886781, -220.928518196075, 123, 21, 0.1277804, 691.3455
5481, 521.541044654597, -395.345434420178, -220.710632471238, 124, 21, 0.3146412, 690.6636
5482, 512.493960446253, -395.47633326843, -218.31390900262, 125, 21, 0.3245687, 683.1636
5483, 69.0839479499799, -54.264718887571, -29.6264072801357, 126, 21, -0.09052348, 92.70909
5484, 503.594700686563, -402.622413817548, -217.442366103273, 127, 21, 0.1151259, 680.4363
5485, 500.11200242888, -406.940309743867, -217.442366103273, 128, 21, 0.1477942, 680.4363
5486, 68.6556397669188, -56.8537369571882, -30.0621762917359, 129, 21, 0.04608679, 94.07273
5487, 69.6460560349329, -58.6913163550552, -30.7158285900997, 130, 21, -0.06047487, 96.11819
5488, 68.6480725927792, -58.8677928496087, -30.497942865263, 131, 21, 0.1777372, 95.43636
5489, 68.6258526933638, -59.8810160135824, -30.7158285900997, 132, 21, 0.2769836, 96.11819
5490, 67.1418542715328, -59.6113545950451, -30.2800595784995, 133, 21, -0.001861811, 94.75455
5491, 66.6264885322794, -60.1868193006908, -30.2800595784995, 134, 21, -0.005199909, 94.75455
5492, 66.1061907191784, -60.7578286336466, -30.2800595784995, 135, 21, -0.1725895, 94.75455
5493, 65.5809993476509, -61.324340324535, -30.2800595784995, 136, 21, -0.1289213, 94.75455
5494, 64.5828724623565, -61.441003103083, -30.0621762917359, 137, 21, -0.09567261, 94.07273
5495, 63.1233900585797, -61.0957380495157, -29.6264072801357, 138, 21, 0.1083387, 92.70909
5496, 64.4368036191038, -63.4497694640492, -30.497942865263, 139, 21, -0.3221102, 95.43636
5497, 63.8885132759595, -64.0018185450654, -30.497942865263, 140, 21, -0.2886679, 95.43636
5498, 63.3354935395601, -64.5491298453222, -30.497942865263, 141, 21, -0.6023793, 95.43636
5499, 345.632964263246, 150.07930326867, -130.735353114049, 1, 20, -0.8835793, 398.8454
5500, 347.504457645227, 147.351478601296, -130.958844371068, 2, 20, -0.4422026, 399.5273
5501, 338.641313394762, 140.168187260933, -127.159523011312, 3, 20, 0.07912922, 387.9363
5502, 369.101327898703, 149.069340774337, -138.110504576544, 4, 20, -0.3515654, 421.3454
5503, 370.370220330734, 145.888171239634, -138.110504576544, 5, 20, -0.02670956, 421.3454
5504, 394.462617838222, 151.470790926311, -146.603112324134, 6, 20, -0.3013754, 447.2545
5505, 399.371031527527, 149.425687364846, -147.944039859869, 7, 20, -0.1373625, 451.3454
5506, 404.273213646811, 147.307244715782, -149.284977398795, 8, 20, 0.1480646, 455.4363
5507, 404.918567298715, 143.608225214697, -149.061496144965, 9, 20, -0.1759853, 454.7545
5508, 454.244491064218, 156.71556797876, -166.717155401634, 10, 20, -0.1474547, 508.6182
5509, 480.615259534313, 161.199802530959, -175.880216913903, 11, 20, 0.03132701, 536.5727
5510, 481.371933568124, 156.859172293756, -175.656725656884, 12, 20, -0.4381247, 535.8909
5511, 485.774455807286, 153.683257114676, -176.774181941979, 13, 20, 0.3050385, 539.3
5512, 530.800314777022, 162.917470335526, -192.641941152064, 14, 20, 0.7027524, 587.7091
5513, 537.121553073489, 159.814168249199, -194.429851201838, 15, 20, 0.3023167, 593.1636
5514, 537.857709590001, 155.008615817561, -194.206359944819, 16, 20, 0.8073092, 592.4818
5515, 542.89424768467, 151.413579540812, -195.547287480555, 17, 20, -0.2219601, 596.5727
5516, 544.79881724768, 146.904760028324, -195.770778737574, 18, 20, -0.02106285, 597.2545
5517, 546.665943482874, 142.374363756009, -195.994269994593, 19, 20, -0.3164845, 597.9363
5518, 557.866351492542, 140.177380317799, -199.57011010052, 20, 20, 0.1042042, 608.8455
5519, 559.051753070583, 135.372454617138, -199.57011010052, 21, 20, 0.3986645, 608.8455
5520, 559.56842771349, 130.411301301549, -199.346618843501, 22, 20, 0.155056, 608.1636
5521, 565.69830465214, 126.718509571443, -201.134528893275, 23, 20, 0.8858109, 613.6182
5522, 573.06521936531, 123.200589181232, -203.369421457087, 24, 20, 0.08788681, 620.4363
5523, 574.734901640304, 118.395491710904, -203.592912714106, 25, 20, -0.1709785, 621.1182
5524, 575.732273147374, 113.446239591775, -203.592912714106, 26, 20, 0.1062279, 621.1182
5525, 576.053975584782, 108.369497709372, -203.369421457087, 27, 20, 0.3295937, 620.4363
5526, 566.820330299999, 101.591034983046, -199.793601357539, 28, 20, 0.1452484, 609.5273
5527, 574.658417716642, 97.9004854598644, -202.25198517837, 29, 20, 0.435709, 617.0273
5528, 575.479458338797, 92.9526499673749, -202.25198517837, 30, 20, 0.1873398, 617.0273
5529, 584.535833596411, 89.2620224078482, -205.157331506861, 31, 20, -0.7018719, 625.8909
5530, 589.107701795435, 84.780064198278, -206.498279048976, 32, 20, 0.04302216, 629.9818
5531, 591.092026699915, 79.8809318210164, -206.945261563014, 33, 20, 0.09881973, 631.3455
5532, 591.118353009867, 74.7116004923561, -206.721770305995, 34, 20, 0.3623333, 630.6636
5533, 600.695600953225, 70.676792101885, -209.850627897884, 35, 20, 1.131149, 640.2091
5534, 607.044686391225, 66.1338162756284, -211.862029204677, 36, 20, -0.03354645, 646.3455
5535, 608.23215837107, 60.9727653228517, -212.085520461696, 37, 20, 0.195838, 647.0273
5536, 608.734239810875, 55.7374368779328, -212.085520461696, 38, 20, 0.03550339, 647.0273
5537, 613.68487227155, 50.8704736417436, -213.649939254451, 39, 20, 0.6122122, 651.8
5538, 614.099834394503, 45.5886053759902, -213.649939254451, 40, 20, 0.8904057, 651.8
5539, 615.112110859625, 40.3455222295894, -213.87343051147, 41, 20, 0.538063, 652.4818
5540, 634.729667495538, 36.15059504487, -220.578108202907, 42, 20, 0.6752777, 672.9363
5541, 635.017204674442, 30.6882076464593, -220.578108202907, 43, 20, 0.7976599, 672.9363
5542, 635.257734246959, 25.223548531353, -220.578108202907, 44, 20, 0.441576, 672.9363
5543, 644.464990714169, 20.037271745041, -223.706965794796, 45, 20, 0.5578728, 682.4818
5544, 645.257524674305, 14.5061982988887, -223.930457051815, 46, 20, 0.4466486, 683.1636
5545, 652.443411377192, 9.05233345458914, -226.388840872647, 47, 20, 0.1851616, 690.6636
5546, 653.141292248603, 3.44193911845194, -226.612332129666, 48, 20, 0.4220114, 691.3455
5547, 660.232335655605, -2.20127048606634, -229.070715950497, 49, 20, 0.1208725, 698.8455
5548, 662.76533688707, -7.91241475843279, -229.964660972195, 50, 20, 0.006358147, 701.5727
5549, 671.0449162252, -13.7863865712269, -232.870027307065, 51, 20, 1.134498, 710.4363
5550, 670.257583330726, -19.5406010114208, -232.646536050046, 52, 20, 0.8086729, 709.7545
5551, 681.007423417067, -25.7198800841833, -236.445867412992, 53, 20, 0.3773451, 721.3455
5552, 680.760930209793, -31.5781392832737, -236.445867412992, 54, 20, 0.597508, 721.3455
5553, 687.538989397666, -37.8232717065403, -238.904251233823, 55, 20, 0.4441344, 728.8455
5554, 686.545266067703, -43.6963632709382, -238.680759976804, 56, 20, 0.7608019, 728.1636
5555, 684.858946673933, -49.5087132972719, -238.233777462766, 57, 20, 0.6266402, 726.8
5556, 689.544018315766, -55.814992716721, -240.02168751254, 58, 20, 0.4776521, 732.2545
5557, 689.038278604591, -61.7455846570662, -240.02168751254, 59, 20, 0.8795195, 732.2545
5558, 689.122597754679, -67.7346168597441, -240.245178769559, 60, 20, 0.6713699, 732.9363
5559, 691.076318521945, -73.9352388356905, -241.139143797636, 61, 20, 0.8612275, 735.6636
5560, 688.494961339657, -79.6562463839813, -240.468670026578, 62, 20, 0.8826838, 733.6182
5561, 687.144910849605, -85.4973949941261, -240.245178769559, 63, 20, 0.7621787, 732.9363
5562, 690.214986379294, -91.9164382315617, -241.586126311674, 64, 20, 1.086282, 737.0273
5563, 687.485326975346, -97.5798996966315, -240.915652540617, 65, 20, 0.7909076, 734.9818
5564, 696.174672418364, -104.931317104914, -244.268001389524, 66, 20, 0.3993592, 745.2091
5565, 694.609992738476, -110.815656695203, -244.044510132505, 67, 20, 0.8128052, 744.5273
5566, 689.184357742504, -116.039135129604, -242.480071333372, 68, 20, 0.6308851, 739.7545
5567, 699.577282822283, -123.987832383236, -246.502893953337, 69, 20, 1.310331, 752.0273
5568, 701.650970704596, -130.591545129535, -247.620330232054, 70, 20, 1.07373, 755.4363
5569, 694.179062588047, -135.390441350393, -245.385437668241, 71, 20, 0.8134303, 748.6182
5570, 696.775450118228, -142.130439664671, -246.726385210356, 72, 20, 0.8931208, 752.7091
5571, 699.936936128811, -149.059239495345, -248.290804003111, 73, 20, 0.6686265, 757.4818
5572, 701.772750177908, -155.773718992752, -249.408240281828, 74, 20, 0.6608653, 760.8909
5573, 700.406538902483, -161.805824010578, -249.408240281828, 75, 20, 0.8661891, 760.8909
5574, 707.131023634015, -169.78096229816, -252.313606616697, 76, 20, 0.6780891, 769.7545
5575, 713.144484875847, -177.727875179225, -254.995481694548, 77, 20, 0.6185703, 777.9363
5576, 711.588964836759, -183.85700706557, -254.995481694548, 78, 20, 0.6040196, 777.9363
5577, 712.469824693213, -190.638535887829, -255.889446722624, 79, 20, 0.9477425, 780.6636
5578, 690.316739974758, -191.09040107604, -248.51429526013, 80, 20, 0.718321, 758.1636
5579, 692.982189661656, -198.262908756591, -250.078714052885, 81, 20, 0.7630473, 762.9363
5580, 691.868497266057, -204.400315542783, -250.302205309904, 82, 20, 0.4776821, 763.6182
5581, 696.862056972809, -212.411348757615, -252.760589130736, 83, 20, 0.8480106, 771.1182
5582, 697.466842653886, -219.171542276025, -253.654554158812, 84, 20, 0.4456319, 773.8455
5583, 705.360718029612, -228.33844036037, -257.23037425836, 85, 20, 0.542888, 784.7545
5584, 703.981159813622, -234.602383774825, -257.45386551538, 86, 20, 0.7065791, 785.4363
5585, 704.374001767128, -241.486190132488, -258.347830543456, 87, 20, 0.6542294, 788.1636
5586, 705.915306999622, -248.82232083656, -259.688758079192, 88, 20, 0.8838201, 792.2545
5587, 714.044445009032, -258.615697906519, -263.488089442138, 89, 20, 0.9547139, 803.8455
5588, 714.20787803658, -265.647803846703, -264.382034463836, 90, 20, 0.6492856, 806.5727
5589, 711.294088233121, -271.553083318341, -264.158543206817, 91, 20, 0.9793932, 805.8909
5590, 708.931388937145, -277.66282213277, -264.158543206817, 92, 20, 1.178575, 805.8909
5591, 706.516210484006, -283.752006756612, -264.158543206817, 93, 20, 0.6333327, 805.8909
5592, 703.45312476074, -289.575006100832, -263.935071956176, 94, 20, 1.071613, 805.2091
5593, 688.471614020742, -290.359958292313, -259.241775565154, 95, 20, 0.9809318, 790.8909
5594, 685.947949977493, -296.272642364283, -259.241775565154, 96, 20, 1.332619, 790.8909
5595, 672.180077868471, -297.214058956329, -254.995481694548, 97, 20, 0.829918, 777.9363
5596, 669.598045917943, -302.986321188649, -254.995481694548, 98, 20, 0.6071521, 777.9363
5597, 666.966446489326, -308.736154640109, -254.995481694548, 99, 20, 0.8691344, 777.9363
5598, 654.970151092063, -310.053394386859, -251.419661595, 100, 20, 0.8680753, 767.0273
5599, 641.841556900038, -310.626142222052, -247.396838975035, 101, 20, 0.9618945, 754.7545
5600, 639.722639396326, -316.422472327456, -247.620330232054, 102, 20, 0.9326231, 755.4363
5601, 635.251823251391, -321.043129741383, -246.949856460996, 103, 20, 0.6179425, 753.3909
5602, 621.590906542192, -320.882688368008, -242.703562590391, 104, 20, 0.3666434, 740.4363
5603, 618.807108295607, -326.218818453278, -242.703562590391, 105, 20, 0.7714775, 740.4363
5604, 607.469348980248, -326.951550062928, -239.351233747861, 106, 20, 0.479352, 730.2091
5605, 598.423645702652, -328.754270628351, -236.89284992703, 107, 20, 0.72913, 722.7091
5606, 595.011099893895, -333.575782475833, -236.669358670011, 108, 20, 0.9454718, 722.0273
5607, 592.119077353845, -338.682756993824, -236.669358670011, 109, 20, 0.6827716, 722.0273
5608, 582.506753074908, -339.869209339342, -233.98748359216, 110, 20, 0.875474, 713.8455
5609, 575.132541887062, -342.233180860676, -232.199553536007, 111, 20, 0.6573825, 708.3909
5610, 567.761150307702, -344.495644829709, -230.411643486233, 112, 20, 0.7346394, 702.9363
5611, 558.750288556301, -345.640174025789, -227.953259665402, 113, 20, 0.5360315, 695.4363
5612, 559.025073242115, -352.496174858873, -229.294207207517, 114, 20, 0.3287756, 699.5273
5613, 554.345893098357, -356.24808311144, -228.623733436459, 115, 20, 0.3777649, 697.4818
5614, 543.71596986272, -356.063777199412, -225.49487584457, 116, 20, 0.5072372, 687.9363
5615, 536.345784082653, -357.868434500674, -223.706965794796, 117, 20, -0.1102796, 682.4818
5616, 533.77965798259, -362.831888981505, -223.930457051815, 118, 20, 0.06941485, 683.1636
5617, 525.871860321521, -364.110780888818, -221.919055745022, 119, 20, 0.2304169, 677.0273
5618, 516.929076554703, -364.538236115784, -219.460671924191, 120, 20, -0.0814999, 669.5273
5619, 513.77355113661, -368.972267156465, -219.460671924191, 121, 20, 0.08424997, 669.5273
5620, 507.980207078298, -371.477802694945, -218.343215639095, 122, 20, -0.1589266, 666.1182
5621, 69.218978108073, -51.5385773133246, -29.9416264631483, 123, 20, 0.03443563, 91.34546
5622, 68.7729915695579, -52.1322118500735, -29.9416264631483, 124, 20, -0.02970243, 91.34546
5623, 68.3219140607606, -52.7219872622559, -29.9416264631483, 125, 20, -0.1392181, 91.34546
5624, 68.372339247938, -53.7057576915171, -30.1651152193701, 126, 20, 0.02902734, 92.02728
5625, 67.9077381883081, -54.2920277536516, -30.1651152193701, 127, 20, -0.09157735, 92.02728
5626, 67.9377489232944, -55.2808340049349, -30.3886039755918, 128, 20, -0.1637534, 92.70909
5627, 67.4596124011907, -55.8633066666025, -30.3886039755918, 129, 20, -0.1706083, 92.70909
5628, 66.4839129215036, -56.0265517955639, -30.1651152193701, 130, 20, -0.1289322, 92.02728
5629, 68.4443178895833, -58.6930670458557, -31.2825615012762, 131, 20, -0.1328204, 95.43636
5630, 68.9075178010917, -60.1267891757999, -31.7295415145171, 132, 20, 0.3971467, 96.8
5631, 66.4608780257003, -59.006755319354, -30.8355839888327, 133, 20, -0.1771157, 94.07273
5632, 65.9507393066141, -59.5763834600267, -30.8355839888327, 134, 20, 0.06549621, 94.07273
5633, 64.9614564841461, -59.7057098271248, -30.6120952326109, 135, 20, -0.1809533, 93.39091
5634, 63.5043659741034, -59.3824947748258, -30.1651152193701, 136, 20, 0.130729, 92.02728
5635, 63.4577954390481, -60.3706595546354, -30.3886039755918, 137, 20, 0.3034744, 92.70909
5636, 62.9360331944999, -60.9143994699658, -30.3886039755918, 138, 20, -0.4987372, 92.70909
5637, 62.4096120647212, -61.4536301529597, -30.3886039755918, 139, 20, 0.1474462, 92.70909
5638, 61.8785710184158, -61.9883116866771, -30.3886039755918, 140, 20, 0.396865, 92.70909
5639, 63.1475071300294, -64.3575412355268, -31.2825615012762, 141, 20, -1.185003, 95.43636
5640, 311.591216699067, 135.297837712078, -121.176179924084, 1, 19, -0.05951309, 360.6636
5641, 312.743751305858, 132.611979974316, -121.176179924084, 2, 19, 0.2058125, 360.6636
5642, 325.740382595191, 134.828318755148, -125.757737218094, 3, 19, 0.002410889, 374.3
5643, 334.629265509672, 135.147072749133, -128.735755611198, 4, 19, 0.001695633, 383.1636
5644, 354.899678694302, 139.794352396936, -136.066251382947, 5, 19, -0.1503658, 404.9818
5645, 363.882830214409, 139.728373753495, -139.044259522721, 6, 19, -0.05025196, 413.8454
5646, 365.071548541485, 136.592448554697, -139.044259522721, 7, 19, -0.2265949, 413.8454
5647, 375.887285985359, 136.964108808284, -142.709517661926, 8, 19, -0.6009312, 424.7545
5648, 390.367176875776, 138.447436054088, -147.749234786669, 9, 19, -0.4727154, 439.7545
5649, 385.473172921955, 132.989278732933, -145.458445886333, 10, 19, -0.3975782, 432.9363
5650, 395.127017135142, 132.526789096434, -148.665544194805, 11, 19, -0.4132357, 442.4818
5651, 395.642029659275, 128.92334797536, -148.436464279438, 12, 19, -0.3463612, 441.8
5652, 480.005765824383, 151.858231003774, -179.591086689364, 13, 19, -0.4099483, 534.5273
5653, 491.117189917808, 150.737608837539, -183.256324321907, 14, 19, -0.8638744, 545.4363
5654, 496.704562703167, 147.788570575435, -184.859883729474, 15, 19, -0.5781755, 550.2091
5655, 497.957712760011, 143.509583323527, -184.859883729474, 16, 19, 1.009972, 550.2091
5656, 536.288504941086, 149.571233340613, -198.604555611504, 17, 19, -0.2107019, 591.1182
5657, 537.555527450872, 144.951610139359, -198.604555611504, 18, 19, -0.8362293, 591.1182
5658, 541.268587382916, 140.968669565879, -199.52087527297, 19, 19, -0.9163723, 593.8455
5659, 544.329836976296, 136.77600445341, -200.208094512409, 20, 19, -0.569458, 595.8909
5660, 550.479679553078, 133.296756567987, -202.040733835342, 21, 19, -0.7846432, 601.3455
5661, 554.107810639497, 129.138666636583, -202.957032990147, 22, 19, -0.2533665, 604.0727
5662, 563.344884541605, 126.191334774648, -205.935051383252, 23, 19, -0.3280125, 612.9363
5663, 563.781907757289, 121.204813794744, -205.705971467885, 24, 19, -0.1807957, 612.2545
5664, 572.980556573237, 118.034096315822, -208.68398986099, 25, 19, 0.2889557, 621.1182
5665, 573.344810804095, 112.975797621358, -208.454909945623, 26, 19, 0.06465721, 620.4363
5666, 564.197833523846, 106.139074494933, -204.78967231308, 27, 19, 0.2221489, 609.5273
5667, 564.458028132125, 101.167640285735, -204.560592397713, 28, 19, 0.2180843, 608.8455
5668, 565.307556052247, 96.3074453717198, -204.560592397713, 29, 19, -0.02558708, 608.8455
5669, 574.356812274945, 92.7713178188537, -207.538610790818, 30, 19, 1.136286, 617.7091
5670, 575.133734032897, 87.8262671064911, -207.538610790818, 31, 19, 0.08795357, 617.7091
5671, 587.945124435926, 84.6127545826098, -211.891088169462, 32, 19, -0.5026836, 630.6636
5672, 588.014945726839, 79.4650911662365, -211.662008254095, 33, 19, -0.1987858, 629.9818
5673, 586.765519333547, 74.1614447257841, -210.974768507995, 34, 19, -0.1250257, 627.9363
5674, 590.570812333505, 69.4855272096235, -212.120168084828, 35, 19, 0.6201077, 631.3455
5675, 590.508378027974, 64.3322863327939, -211.891088169462, 36, 19, 0.6626387, 630.6636
5676, 596.151849169624, 59.7617641486621, -213.723706985733, 37, 19, 0.4728203, 636.1182
5677, 601.120494265196, 55.0403006992799, -215.327245886638, 38, 19, 0.1633797, 640.8909
5678, 612.451628071682, 50.7682457404251, -219.22158394121, 39, 19, 0.2049103, 652.4818
5679, 612.865756298193, 45.4969917715162, -219.22158394121, 40, 19, 0.1590481, 652.4818
5680, 612.593705199147, 40.18033869676, -218.992504025843, 41, 19, 0.4082479, 651.8
5681, 632.792191873448, 36.0402474430322, -226.093919882225, 42, 19, 0.03522682, 672.9363
5682, 633.078851361733, 30.5945336664242, -226.093919882225, 43, 19, -0.1686897, 672.9363
5683, 629.468607309243, 24.9936854121881, -224.719460896686, 44, 19, 0.1601801, 668.8455
5684, 643.781555124648, 20.0160228256664, -229.75917802143, 45, 19, -0.09252644, 683.8455
5685, 643.929939594472, 14.4763525215203, -229.75917802143, 46, 19, -0.04423714, 683.8455
5686, 644.030656686282, 8.93561059494216, -229.75917802143, 47, 19, -0.28125, 683.8455
5687, 652.431975251262, 3.43820114330092, -232.737196414534, 48, 19, -0.04921722, 692.7091
5688, 658.217014613034, -2.19455123514302, -234.798895146173, 49, 19, 0.232708, 698.8455
5689, 657.531628089486, -7.84993219872946, -234.569815230806, 50, 19, -0.2703848, 698.1636
5690, 665.144330156376, -13.6651610637017, -237.318753708544, 51, 19, 0.1505213, 706.3455
5691, 667.569745099156, -19.4622401308092, -238.235052863349, 52, 19, -0.3425579, 709.0727
5692, 666.73585744164, -25.1808801366355, -238.005972947983, 53, 19, -0.5742474, 708.3909
5693, 666.494529881537, -30.916370435144, -238.005972947983, 54, 19, -0.9390345, 708.3909
5694, 679.02818490982, -37.3550706655098, -242.587550748654, 55, 19, 0.4016128, 722.0273
5695, 673.55452555659, -42.8695450776043, -240.754911425721, 56, 19, 0.4825659, 716.5727
5696, 673.801273916551, -48.7093499350218, -240.983991341088, 57, 19, 0.5910842, 717.2545
5697, 673.357251996122, -54.5047583875988, -240.983991341088, 58, 19, 0.244642, 717.2545
5698, 677.980387694882, -60.754673178713, -242.816630664021, 59, 19, -0.2135034, 722.7091
5699, 679.98895345224, -66.8368609315905, -243.732929818826, 60, 19, 0.6486163, 725.4363
5700, 687.051214592836, -73.5046105355142, -246.481868296564, 61, 19, 0.6154358, 733.6182
5701, 686.393370265791, -79.4131002960962, -246.481868296564, 62, 19, 0.5710738, 733.6182
5702, 685.047440726825, -85.2364191377321, -246.252788381198, 63, 19, 0.5205884, 732.9363
5703, 687.471576378361, -91.5510963006115, -247.398187958031, 64, 19, 0.4994453, 736.3455
5704, 682.843554832762, -96.9210584933135, -246.023708465831, 65, 19, 0.5596976, 732.2545
5705, 688.969513527457, -103.845315498814, -248.543567028203, 66, 19, 0.5754292, 739.7545
5706, 687.416385897483, -109.668013738111, -248.314487112836, 67, 19, 0.4080762, 739.0727
5707, 686.447387516813, -115.578306826848, -248.314487112836, 68, 19, 0.6207771, 739.0727
5708, 686.692242355944, -121.704184419216, -248.772646943569, 69, 19, 0.8290334, 740.4363
5709, 693.195814544937, -129.017868254133, -251.521585421307, 70, 19, 0.6760821, 748.6182
5710, 692.060121123666, -134.977169853859, -251.521585421307, 71, 19, 0.7710546, 748.6182
5711, 690.873197452992, -140.926479671276, -251.521585421307, 72, 19, 0.6833167, 748.6182
5712, 698.428522466618, -148.738006278858, -254.728683729779, 73, 19, 0.6412029, 758.1636
5713, 699.630629421081, -155.298228719386, -255.644982884584, 74, 19, 0.8152361, 760.8909
5714, 698.268588426606, -161.311921085307, -255.644982884584, 75, 19, 0.6587625, 760.8909
5715, 704.348105106468, -169.112788268437, -258.393921362322, 76, 19, 2.046998, 769.0727
5716, 704.113290421718, -175.477146140856, -258.852081193056, 77, 19, 0.1826615, 770.4363
5717, 683.302774859245, -176.548554451009, -251.750665336674, 78, 19, 0.1965451, 749.3
5718, 685.480637507426, -183.416926001239, -253.125124322213, 79, 19, 0.3039284, 753.3909
5719, 688.209588026908, -190.507108671951, -254.728683729779, 80, 19, 0.4100759, 758.1636
5720, 691.484318034368, -197.834366161701, -256.561302546051, 81, 19, 0.6259475, 763.6182
5721, 689.14073486407, -203.594446366928, -256.332222630684, 82, 19, 0.3948788, 762.9363
5722, 696.577782524835, -212.324698726511, -259.768400854522, 83, 19, 0.3450503, 773.1636
5723, 694.112561717236, -218.117495142665, -259.539320939156, 84, 19, 0.6521614, 772.4818
5724, 692.210244294069, -224.081386365129, -259.539320939156, 85, 19, 0.5527552, 772.4818
5725, 690.256685508526, -230.028689801418, -259.539320939156, 86, 19, 0.6379366, 772.4818
5726, 689.466988202552, -236.375499074993, -259.997480769889, 87, 19, 0.8704595, 773.8455
5727, 698.309612750708, -246.14145179204, -264.120878233166, 88, 19, 0.7477918, 786.1182
5728, 696.769834692163, -252.359105008995, -264.349958148532, 89, 19, 0.8523831, 786.8
5729, 704.805033614112, -262.150439777285, -268.244275696442, 90, 19, 0.5926077, 798.3909
5730, 709.122904142221, -270.724183227522, -270.764134258814, 91, 19, 0.5762088, 805.8909
5731, 675.075785244591, -264.402804854685, -258.623001277689, 92, 19, 1.36972, 769.7545
5732, 703.763740695001, -282.6465560754, -270.535074850109, 93, 19, 0.6811752, 805.2091
5733, 691.804455886333, -284.779855945631, -266.869816710904, 94, 19, 0.5551071, 794.3
5734, 685.778430377319, -289.224119610728, -265.495357725365, 95, 19, 1.261897, 790.2091
5735, 683.264638477792, -295.113674270087, -265.495357725365, 96, 19, 1.335975, 790.2091
5736, 670.128287033385, -296.306830220602, -261.371939755427, 97, 19, 0.6591101, 777.9363
5737, 661.703398502926, -299.414073342438, -259.081161108422, 98, 19, 0.7185159, 771.1182
5738, 654.440641212077, -302.938008458357, -257.248542292151, 99, 19, 0.4794042, 765.6636
5739, 652.390455518136, -308.832203821385, -257.477622207517, 100, 19, 0.7929575, 766.3455
5740, 638.726269630912, -309.11846535707, -253.125124322213, 101, 19, 0.6926235, 753.3909
5741, 636.618676657214, -314.887176398506, -253.354204237579, 102, 19, 0.7459631, 754.0727
5742, 622.422963831041, -314.559689586515, -248.772646943569, 103, 19, 0.5548069, 740.4363
5743, 619.122897355692, -319.608632691926, -248.543567028203, 104, 19, 0.5030162, 739.7545
5744, 606.124755065398, -319.533015671599, -244.420169564926, 105, 19, 0.5682762, 727.4818
5745, 603.353141498991, -324.736128957918, -244.420169564926, 106, 19, 0.6418095, 727.4818
5746, 597.159787807892, -328.059948665384, -243.045690072726, 107, 19, 0.4945955, 723.3909
5747, 587.033099244172, -329.103146906852, -240.067692186283, 108, 19, 0.5849199, 714.5273
5748, 584.179853388637, -334.141646322396, -240.067692186283, 109, 19, 0.4604256, 714.5273
5749, 580.728684880556, -338.831778222577, -239.838612270916, 110, 19, 0.3098373, 713.8455
5750, 566.202728457061, -336.919486656182, -235.027975061539, 111, 19, 0.6499817, 699.5273
5751, 562.733976328696, -341.44534887228, -234.798895146173, 112, 19, 0.4999931, 698.8455
5752, 554.860220363315, -343.233797018504, -232.737196414534, 113, 19, 0.4982185, 692.7091
5753, 548.084089979071, -345.597280812759, -231.133637006968, 114, 19, 0.4545169, 687.9363
5754, 542.929434801514, -348.911343659038, -230.217337852163, 115, 19, 0.2005727, 685.2091
5755, 539.90739676367, -353.569653431574, -230.217337852163, 116, 19, 0.337862, 685.2091
5756, 529.366737113793, -353.211773281039, -227.010239543691, 117, 19, 0.0843575, 675.6636
5757, 526.308201289581, -357.753233950674, -227.010239543691, 118, 19, 0.007464647, 675.6636
5758, 68.622879287587, -47.5141038141223, -29.7740396226038, 119, 19, 0.1600814, 88.61819
5759, 68.2115403381238, -48.1027586285697, -29.7740396226038, 120, 19, 0.04909635, 88.61819
5760, 67.7951519802106, -48.6878526016303, -29.7740396226038, 121, 19, -0.02873707, 88.61819
5761, 67.3737450372957, -49.2693424213009, -29.7740396226038, 122, 19, 0.03985894, 88.61819
5762, 69.0076911783168, -51.3812587850514, -30.6903515940723, 123, 19, -0.025401, 91.34546
5763, 68.5630659879321, -51.9730812866895, -30.6903515940723, 124, 19, 0.1077726, 91.34546
5764, 68.6217736637718, -52.9533799916276, -30.9194289461062, 125, 19, -0.05630028, 92.02728
5765, 68.1636366343658, -53.5418239704044, -30.9194289461062, 126, 19, -0.01392841, 92.02728
5766, 67.7004537426161, -54.1263044770611, -30.9194289461062, 127, 19, 0.03552234, 92.02728
5767, 67.7303728715685, -55.1120924544163, -31.1485062981402, 128, 19, -0.1919098, 92.70909
5768, 67.2536958335618, -55.6927871519516, -31.1485062981402, 129, 19, -0.2157383, 92.70909
5769, 65.7899089480452, -55.4417088184183, -30.6903515940723, 130, 19, 0.05815518, 91.34546
5770, 65.3104677984909, -56.0056960678166, -30.6903515940723, 131, 19, 0.1368685, 91.34546
5771, 66.7616867901963, -58.2543965412047, -31.6066635655408, 132, 19, -0.1764982, 94.07273
5772, 66.2580100370248, -58.8266406093847, -31.6066635655408, 133, 19, -0.151845, 94.07273
5773, 65.2728927416911, -58.9640529948418, -31.3775862135068, 134, 19, -0.0309236, 93.39091
5774, 64.2903457074978, -59.0888956813059, -31.1485062981402, 135, 19, 0.2687232, 92.70909
5775, 63.3105225675764, -59.2012331418868, -30.9194289461062, 136, 19, -0.005012512, 92.02728
5776, 62.7988272154346, -59.7437492434616, -30.9194289461062, 137, 19, -0.09043992, 92.02728
5777, 62.2824831348339, -60.2818427709269, -30.9194289461062, 138, 19, 0.03473902, 92.02728
5778, 61.7615285485171, -60.8154738915215, -30.9194289461062, 139, 19, -0.05686402, 92.02728
5779, 60.7823137840276, -60.8901102574003, -30.6903515940723, 140, 19, -0.03563082, 91.34546
5780, 58.9068929978512, -60.0356683496558, -30.0031169746377, 141, 19, -0.1749083, 89.3
5781, 296.520831575048, 128.754037978669, -118.491669498189, 1, 18, -0.1728735, 344.3
5782, 311.762583704244, 132.195937838243, -124.123258157705, 2, 18, -0.2335396, 360.6636
5783, 312.888424026609, 129.508720513421, -124.123258157705, 3, 18, -0.2668762, 360.6636
5784, 313.39751184349, 126.572182107261, -123.888606879775, 4, 18, -0.3204641, 359.9818
5785, 332.343686975045, 130.909587365125, -130.928082201472, 5, 18, -0.2576637, 380.4363
5786, 333.457698106213, 128.045343179591, -130.928082201472, 6, 18, -0.08593655, 380.4363
5787, 357.330884878914, 133.696259554669, -139.844757243907, 7, 18, -0.4592857, 406.3454
5788, 359.069435099198, 130.83609638388, -140.079408521836, 8, 18, -0.8803654, 407.0273
5789, 373.455450376905, 132.449531230851, -145.241694625493, 9, 18, -0.4570284, 422.0273
5790, 374.581189121552, 129.231515102831, -145.241694625493, 10, 18, -0.6058102, 422.0273
5791, 385.390224929644, 129.261039726903, -148.996083564271, 11, 18, -0.5099297, 432.9363
5792, 394.400786182091, 128.518878144718, -152.046529171958, 12, 18, -0.7232485, 441.8
5793, 398.543689821209, 126.086276505497, -153.219775058908, 13, 18, -0.7790174, 445.2091
5794, 463.260807705873, 142.187705613434, -177.623308412313, 14, 18, -0.7264373, 516.1182
5795, 495.146256829866, 147.324915085175, -189.355788287203, 15, 18, -0.2507348, 550.2091
5796, 495.78033796414, 142.88207190702, -189.121137009274, 16, 18, -1.139708, 549.5273
5797, 496.991307987765, 138.611218048503, -189.121137009274, 17, 18, -1.303765, 549.5273
5798, 533.396673112381, 143.830176907042, -202.496133818879, 18, 18, -1.401243, 588.3909
5799, 529.038892478971, 137.783552490932, -200.384293322909, 19, 18, -0.6250734, 582.2545
5800, 540.759552997489, 135.878884464365, -204.373344042314, 20, 18, -0.989212, 593.8455
5801, 542.530797029389, 131.371962069473, -204.607995320244, 21, 18, -0.9504871, 594.5273
5802, 546.134813478329, 127.280504375159, -205.546579426566, 22, 18, -1.19405, 597.2545
5803, 546.584995176222, 122.437057656442, -205.311928148636, 23, 18, -1.029585, 596.5727
5804, 551.373422497092, 118.537172061756, -206.719835816213, 24, 18, -1.190454, 600.6636
5805, 552.999885712653, 113.918074573448, -206.954487094143, 25, 18, -1.013693, 601.3455
5806, 547.678634019691, 107.918357945498, -204.607995320244, 26, 18, -0.7963467, 594.5273
5807, 548.586864416275, 103.202278721192, -204.607995320244, 27, 18, -0.9266167, 594.5273
5808, 553.865358061071, 99.269119258476, -206.250533260354, 28, 18, -0.6987152, 599.3
5809, 562.27186052188, 95.7902754200255, -209.066327590112, 29, 18, -0.2944984, 607.4818
5810, 566.86704393394, 91.5615547163654, -210.474214252293, 30, 18, 0.1103287, 611.5727
5811, 572.696535527173, 87.4540927159292, -212.351424475729, 31, 18, -0.214447, 617.0273
5812, 573.427770711627, 82.523523399612, -212.351424475729, 32, 18, -0.6754856, 617.0273
5813, 574.116557491946, 77.5868452199804, -212.351424475729, 33, 18, -0.5285635, 617.0273
5814, 583.01930337504, 73.6879595284037, -215.40184907802, 34, 18, -0.398222, 625.8909
5815, 587.446444726477, 69.1179195902878, -216.809756745597, 35, 18, -0.5083084, 629.9818
5816, 588.655782455454, 64.1304573439686, -217.044408023527, 36, 18, -0.4751396, 630.6636
5817, 589.185756435731, 59.0634420825971, -217.044408023527, 37, 18, -0.6655407, 630.6636
5818, 598.597155547084, 54.809256635509, -220.329504909144, 38, 18, -0.4246626, 640.2091
5819, 599.046564376447, 49.6570533839145, -220.329504909144, 39, 18, -0.5558987, 640.2091
5820, 599.451628352003, 44.5011742331434, -220.329504909144, 40, 18, -0.8417034, 640.2091
5821, 604.283867900459, 39.6352921604628, -221.972042849254, 41, 18, 0.1248674, 644.9818
5822, 619.302571401052, 35.271955314935, -227.36898023084, 42, 18, -0.3935051, 660.6636
5823, 625.97733741332, 30.2513418079219, -229.715472004739, 43, 18, -0.5655546, 667.4818
5824, 628.133451895275, 24.9406717209482, -230.419425838528, 44, 18, -0.3504686, 669.5273
5825, 628.964650461627, 19.5553455981504, -230.654077116457, 45, 18, -0.4632368, 670.2091
5826, 641.909745132388, 14.4309360167161, -235.347060664255, 46, 18, -0.5298691, 683.8455
5827, 642.010146245551, 8.90757700009082, -235.347060664255, 47, 18, -0.6079941, 683.8455
5828, 647.184283346049, 3.41054673488348, -237.224249882295, 48, 18, -0.8029995, 689.3
5829, 647.189672663619, -2.15778514378079, -237.224249882295, 49, 18, -0.4243088, 689.3
5830, 652.268120735007, -7.787093889369, -239.101439100335, 50, 18, -0.2304907, 694.7545
5831, 654.737134883561, -13.4513488229946, -240.040044212053, 51, 18, -0.7459803, 697.4818
5832, 657.796621115614, -19.177315765689, -241.213279596304, 52, 18, -0.2900801, 700.8909
5833, 656.967617166127, -24.8119590942494, -240.978649323771, 53, 18, -0.3080378, 700.2091
5834, 656.729825257461, -30.4634196428827, -240.978649323771, 54, 18, -0.5903511, 700.2091
5835, 663.47464039937, -36.4994305504177, -243.559792375599, 55, 18, -0.9495859, 707.7091
5836, 670.802509207298, -42.6943882276925, -246.375565699961, 56, 18, -0.275684, 715.8909
5837, 663.386824164289, -47.9564854080449, -243.794422648133, 57, 18, 0.07024825, 708.3909
5838, 671.244735543877, -54.3337611963187, -246.84486825582, 58, 18, -0.09283233, 717.2545
5839, 675.853367128817, -60.5640681970924, -248.722078479256, 59, 18, -0.8452256, 722.7091
5840, 670.210446071178, -65.875720703314, -246.84486825582, 60, 18, 0.05925894, 717.2545
5841, 668.345779714021, -71.5033977052895, -246.375565699961, 61, 18, -0.05184525, 715.8909
5842, 683.604024049773, -79.0903835560913, -252.241805637406, 62, 18, -0.1632807, 732.9363
5843, 682.89824877142, -84.9690078382694, -252.241805637406, 63, 18, -0.04414034, 732.9363
5844, 681.507349907788, -90.7568358675582, -252.007154359477, 64, 18, -0.2055589, 732.2545
5845, 681.968919088778, -96.7969149446148, -252.476456915336, 65, 18, -0.1498973, 733.6182
5846, 681.743885443515, -102.756228662137, -252.711108193265, 66, 18, -0.2986989, 734.3
5847, 685.259761875915, -109.323953460124, -254.353646133376, 67, 18, -0.2748221, 739.0727
5848, 681.137419820176, -114.684258591188, -253.180410749124, 68, 18, -0.2410975, 735.6636
5849, 680.755845549542, -120.652061958602, -253.415062027054, 69, 18, -0.7979417, 736.3455
5850, 679.692589793741, -126.504642935397, -253.415062027054, 70, 18, -0.6024222, 736.3455
5851, 683.605639302142, -133.328235037333, -255.292251245094, 71, 18, -0.04092216, 741.8
5852, 688.078471513682, -140.356402716887, -257.404091741063, 72, 18, 0.09866405, 747.9363
5853, 689.976077873482, -146.937965592481, -258.577348130711, 73, 18, -0.1083531, 751.3455
5854, 696.810779307199, -154.672301680854, -261.627793738398, 74, 18, 0.1332884, 760.2091
5855, 695.454227997268, -160.66175595543, -261.627793738398, 75, 18, 0.7914362, 760.2091
5856, 672.259461006463, -161.408359114496, -253.415062027054, 76, 18, -0.1398084, 736.3455
5857, 672.088211052361, -167.495945375133, -253.884364582913, 77, 18, 0.1036315, 737.7091
5858, 674.341102326222, -174.233079687286, -255.292251245094, 78, 18, -0.02038193, 741.8
5859, 680.856468816619, -182.17961781167, -258.342696852781, 79, 18, -0.1587486, 750.6636
5860, 681.114757261714, -188.543149263206, -259.046650686569, 80, 18, -0.04621828, 752.7091
5861, 683.775671890163, -195.628914665363, -260.68918862668, 81, 18, 0.08140501, 757.4818
5862, 682.067222976019, -201.504702336629, -260.68918862668, 82, 18, -0.07802093, 757.4818
5863, 687.656529236015, -209.605400947668, -263.504982956438, 83, 18, -0.2109503, 765.6636
5864, 691.324200064653, -217.24128212945, -265.616823452407, 84, 18, 0.1983777, 771.8
5865, 689.429524556136, -223.18121544292, -265.616823452407, 85, 18, 0.2917191, 771.8
5866, 687.483813530026, -229.104627606017, -265.616823452407, 86, 18, -0.1147123, 771.8
5867, 686.092784295477, -235.218693678705, -265.851474730337, 87, 18, 0.3680999, 772.4818
5868, 684.043629432375, -241.112951852903, -265.851474730337, 88, 18, 0.2889665, 772.4818
5869, 678.332370256964, -245.681344589648, -264.44356706276, 89, 18, 0.3870158, 768.3909
5870, 676.193484695362, -251.508446922469, -264.44356706276, 90, 18, 0.623538, 768.3909
5871, 674.602614419202, -257.545258692083, -264.678218340689, 91, 18, 0.7101908, 769.0727
5872, 672.361792868005, -263.339832056063, -264.678218340689, 92, 18, 0.9333019, 769.0727
5873, 670.071199250358, -269.114911499123, -264.678218340689, 93, 18, 0.5961685, 769.0727
5874, 667.731003129104, -274.870069516843, -264.678218340689, 94, 18, 0.3304291, 769.0727
5875, 681.267503423356, -287.321655463277, -271.013760833993, 95, 18, 0.4923182, 787.4818
5876, 663.490198197298, -286.572755570106, -264.912869618619, 96, 18, 0.4139748, 769.7545
5877, 658.072632687099, -290.976249800848, -263.739634234367, 97, 18, -0.01437378, 766.3455
5878, 659.044200076075, -298.210813037881, -265.147520896548, 98, 18, 0.3835726, 770.4363
5879, 655.873127240657, -303.601100627937, -264.912869618619, 99, 18, 0.5851402, 769.7545
5880, 649.765101923909, -307.589399409614, -263.504982956438, 100, 18, -0.2249819, 765.6636
5881, 639.027352558876, -309.264177686534, -260.219886070821, 101, 18, -0.04440558, 756.1182
5882, 625.440445946193, -309.358149942345, -255.761553800953, 102, 18, -0.097736, 743.1636
5883, 623.327013451181, -315.016577562067, -255.996205078882, 103, 18, -0.008806229, 743.8455
5884, 610.354397318662, -315.082086638528, -251.772503081547, 104, 18, 0.2322947, 731.5727
5885, 607.054620817585, -320.023216419024, -251.537851803618, 105, 18, 0.00569582, 730.8909
5886, 598.641690640636, -322.200336553296, -249.191360029719, 106, 18, -0.1744757, 724.0727
5887, 592.48097372582, -325.489562080558, -247.783473367538, 107, 18, -0.3190358, 719.9818
5888, 590.217024067069, -330.888122370892, -248.018124645467, 108, 18, -0.1199451, 720.6636
5889, 582.347112228287, -333.093347335277, -245.906284149498, 109, 18, 0.09382194, 714.5273
5890, 573.377439217333, -334.542622709735, -243.32514109767, 110, 18, -0.3783147, 707.0273
5891, 564.976528688781, -336.189835286269, -240.978649323771, 111, 18, -0.0476253, 700.2091
5892, 561.515822134714, -340.706219725577, -240.743998045841, 112, 18, 0.0408411, 699.5273
5893, 553.119463371779, -342.156973324961, -238.397506271942, 113, 18, -0.04044485, 692.7091
5894, 550.155161021581, -346.903205457806, -238.397506271942, 114, 18, -0.02159882, 692.7091
5895, 540.687556033728, -347.470609591129, -235.581711942185, 115, 18, -0.4580629, 684.5273
5896, 537.677996676314, -352.109684146152, -235.581711942185, 116, 18, -0.1254802, 684.5273
5897, 68.1474363834679, -45.4703236187416, -30.0288624049336, 117, 18, -0.5389245, 87.25455
5898, 524.657020239878, -356.63085858407, -232.531266334497, 118, 18, -0.6328425, 675.6636
5899, 68.4075894677095, -47.3650383281214, -30.4981623351181, 119, 18, -0.3183789, 88.61819
5900, 67.9975410075009, -47.9518463621613, -30.4981623351181, 120, 18, -0.2574329, 88.61819
5901, 67.582458980297, -48.5351047262038, -30.4981623351181, 121, 18, -0.674214, 88.61819
5902, 67.162374112844, -49.1147702441279, -30.4981623351181, 122, 18, -0.04555857, 88.61819
5903, 67.76425292443, -50.4554283215876, -30.9674596396281, 123, 18, -0.3350735, 89.98182
5904, 67.3276393623279, -51.0365868707664, -30.9674596396281, 124, 18, -0.4742396, 89.98182
5905, 66.8860418231828, -51.6139673998077, -30.9674596396281, 125, 18, -0.450491, 89.98182
5906, 67.9497875915166, -53.3738477828971, -31.6714082220676, 126, 18, -0.8890268, 92.02728
5907, 67.488057838463, -53.9564946051573, -31.6714082220676, 127, 18, -0.4006401, 92.02728
5908, 66.0282304949099, -53.7270620159914, -31.2021109175576, 128, 18, -0.4055289, 90.66364
5909, 65.0704711708259, -53.8848587557553, -30.9674596396281, 129, 18, -0.5787756, 89.98182
5910, 65.5835069754928, -55.2677721426459, -31.4367595698126, 130, 18, -0.06471348, 91.34546
5911, 65.1055699714917, -55.8299900009227, -31.4367595698126, 131, 18, -0.5725009, 91.34546
5912, 64.1404591829115, -55.9671860197062, -31.2021109175576, 132, 18, 0.1066987, 90.66364
5913, 60.7842559518352, -53.966812127158, -29.7942137526786, 133, 18, -0.3410733, 86.57273
5914, 63.1679446239298, -57.0625550352179, -31.2021109175576, 134, 18, -0.3521931, 90.66364
5915, 61.2606567883453, -56.3043256106284, -30.4981623351181, 135, 18, -0.6345971, 88.61819
5916, 60.7739615483181, -56.8293124217656, -30.4981623351181, 136, 18, -0.3032269, 88.61819
5917, 62.6018091313774, -59.5563158226119, -31.6714082220676, 137, 18, -0.5277717, 92.02728
5918, 61.6270911907082, -59.6475033525131, -31.4367595698126, 138, 18, -0.3753443, 91.34546
5919, 61.1116185540817, -60.1755191295958, -31.4367595698126, 139, 18, -0.3223312, 91.34546
5920, 60.1393572005548, -60.2460134005829, -31.2021109175576, 140, 18, -0.1429018, 90.66364
5921, 59.1704351120981, -60.3042604644644, -30.9674596396281, 141, 18, -1.260324, 89.98182
5922, 292.053390377809, 126.81420430654, -119.854870983741, 1, 17, -0.6827803, 340.2091
5923, 293.133657154925, 124.296758960372, -119.854870983741, 2, 17, -0.2369003, 340.2091
5924, 311.290489894928, 128.847314117507, -126.820760025226, 3, 17, -0.3737164, 359.9818
5925, 311.204181459302, 125.686359462481, -126.340350177098, 4, 17, -0.4829149, 358.6182
5926, 330.678969718067, 130.253858197605, -133.78664906671, 5, 17, -0.2085934, 379.7545
5927, 331.191698794059, 127.175215840449, -133.546444142647, 6, 17, -0.3540726, 379.0727
5928, 334.66418810421, 125.215457296939, -134.507253087629, 7, 17, -0.4079437, 381.8
5929, 335.129572791119, 122.112997656495, -134.267048163565, 8, 17, -0.7280426, 381.1182
5930, 372.251928985284, 132.02269091031, -148.67922534339, 9, 17, -0.2270842, 422.0273
5931, 372.770819848447, 128.606932847092, -148.439020419326, 10, 17, -0.3417253, 421.3454
5932, 384.148241771126, 128.844474842771, -152.522471874592, 11, 17, -0.7242088, 432.9363
5933, 385.242567775243, 125.534594145576, -152.522471874592, 12, 17, -0.8848238, 432.9363
5934, 387.52515628035, 122.600370437479, -153.002881722719, 13, 17, -0.2277994, 434.3
5935, 443.467327686777, 136.112532701748, -174.621152868091, 14, 17, -1.176268, 495.6636
5936, 444.010378611826, 132.110039051351, -174.380947944028, 15, 17, -0.8701477, 494.9818
5937, 457.393576182418, 131.81914819428, -179.185003420212, 16, 17, -0.8128176, 508.6182
5938, 498.462880583768, 139.02164065892, -194.798194469082, 17, 17, -0.9762802, 552.9363
5939, 526.132826194424, 141.871483799454, -205.126920193641, 18, 17, -1.669371, 582.2545
5940, 527.95148937929, 137.500347864214, -205.367125117705, 19, 17, -0.758112, 582.9363
5941, 539.635738993067, 135.596499081768, -209.450587324242, 20, 17, -0.9080546, 594.5273
5942, 540.162215316484, 130.798418173624, -209.210382400179, 21, 17, -1.027866, 593.8455
5943, 535.053069344516, 124.69782708029, -206.808354662087, 22, 17, -1.208792, 587.0273
5944, 532.370055953439, 119.252858769603, -205.367125117705, 23, 17, -1.098631, 582.9363
5945, 533.376372068337, 114.66807105646, -205.367125117705, 24, 17, -0.8579311, 582.9363
5946, 539.968035410731, 111.233511099061, -207.528947931733, 25, 17, -0.7730083, 589.0727
5947, 544.661505879036, 107.323842303614, -208.970177476115, 26, 17, -0.6285744, 593.1636
5948, 551.835779013044, 103.813477077379, -211.372205214207, 27, 17, -0.6018028, 599.9818
5949, 552.708538211933, 99.0617827896153, -211.372205214207, 28, 17, -0.6856079, 599.9818
5950, 557.314610553598, 94.9457438453048, -212.813413256045, 29, 17, -0.2486782, 604.0727
5951, 564.410275886501, 91.1647323849066, -215.215440994137, 30, 17, -0.3960781, 610.8909
5952, 570.850927086543, 87.1722575699639, -217.377285310709, 31, 17, -0.2377911, 617.0273
5953, 571.579805745779, 82.2575778213021, -217.377285310709, 32, 17, -0.8435631, 617.0273
5954, 579.222301516399, 78.2768419918704, -220.019517972865, 33, 17, -0.5841827, 624.5273
5955, 579.874336479641, 73.2904663545675, -220.019517972865, 34, 17, -0.2801914, 624.5273
5956, 584.919563137467, 68.8206111291486, -221.700930938766, 35, 17, -0.798811, 629.3
5957, 585.49002827209, 63.7855677333191, -221.700930938766, 36, 17, -0.741312, 629.3
5958, 591.096522020724, 59.2549884518531, -223.622548828731, 37, 17, -0.4444885, 634.7545
5959, 596.668078113784, 54.6326248237275, -225.54418822124, 38, 17, -0.6446934, 640.2091
5960, 596.48010910575, 49.4443109796289, -225.303983297176, 39, 17, -0.838932, 639.5273
5961, 601.97425710615, 44.6884452928991, -227.225601187141, 40, 17, -0.18332, 644.9818
5962, 607.430346656413, 39.8416713332218, -229.147219077106, 41, 17, -0.6376514, 650.4363
5963, 607.750651323907, 34.6140235904776, -229.147219077106, 42, 17, -0.4761467, 650.4363
5964, 618.223778655966, 29.8766388559496, -232.99047635958, 43, 17, -0.7102671, 661.3455
5965, 621.645931325866, 24.6830781788174, -234.191479477354, 44, 17, -0.6302204, 664.7545
5966, 627.57545415073, 19.512153641427, -236.353302291382, 45, 17, -0.3771582, 670.8909
5967, 634.099597817952, 14.2553541112685, -238.755351532018, 46, 17, -0.7658386, 677.7091
5968, 635.47481869724, 8.8169025244648, -239.235739877601, 47, 17, -0.6852283, 679.0727
5969, 642.546218796404, 3.38610495483254, -241.877972539757, 48, 17, -0.2819042, 686.5727
5970, 645.103997880452, -2.15083132753191, -242.838792236012, 49, 17, -0.3613348, 689.3
5971, 650.166079820662, -7.76199870314273, -244.760410125976, 50, 17, -0.2883587, 694.7545
5972, 650.075233091483, -13.355571657102, -244.760410125976, 51, 17, -0.2615376, 694.7545
5973, 655.038981164348, -19.0969198949656, -246.682049518485, 52, 17, -0.4533377, 700.2091
5974, 654.850431354368, -24.7319984898244, -246.682049518485, 53, 17, -0.3107748, 700.2091
5975, 654.613405769097, -30.3652462806646, -246.682049518485, 54, 17, -0.367816, 700.2091
5976, 660.06219014428, -36.3117029667117, -248.843872332514, 55, 17, -0.7440376, 706.3455
5977, 662.909396348186, -42.1920173806751, -250.044875450288, 56, 17, 0.4339694, 709.7545
5978, 662.521851005503, -47.8939561699643, -250.044875450288, 57, 17, 0.1829172, 709.7545
5979, 658.269136590608, -53.283454121158, -248.60366740845, 58, 17, 0.2322564, 705.6636
5980, 657.786335153468, -58.9450587937324, -248.60366740845, 59, 17, 0.3338456, 705.6636
5981, 657.88989097103, -64.6647198133026, -248.843872332514, 60, 17, 0.2755473, 706.3455
5982, 661.750554011392, -70.7978032949036, -250.525285298415, 61, 17, 0.2748952, 711.1182
5983, 665.554054131712, -77.0020707408183, -252.206698264316, 62, 17, -0.1080539, 715.8909
5984, 668.666281368063, -83.1982079394186, -253.647927808698, 63, 17, -0.309334, 719.9818
5985, 667.293189783918, -88.8639256920013, -253.407722884634, 64, 17, -0.2467353, 719.3
5986, 679.139384084343, -96.395298021188, -258.211778360818, 65, 17, -0.1579428, 732.9363
5987, 679.546854046837, -102.425079875334, -258.692188208946, 66, 17, -0.456615, 734.3
5988, 679.900747016872, -108.468994912086, -259.172598057073, 67, 17, -0.9173579, 735.6636
5989, 678.942342858358, -114.314669773145, -259.172598057073, 68, 17, -0.6999269, 735.6636
5990, 673.535448114073, -119.372372853551, -257.491163588627, 69, 17, 0.06201482, 730.8909
5991, 673.110807133173, -125.279639047086, -257.731368512691, 70, 17, 0.4064331, 731.5727
5992, 677.018496826725, -132.043500053164, -259.6530079052, 71, 17, 1.903687, 737.0273
5993, 685.861025875266, -139.904081207185, -263.49624368513, 72, 17, -2.951912, 747.9363
5994, 684.631941783976, -145.799873258525, -263.49624368513, 73, 17, -6.263065, 747.9363
5995, 685.843970835396, -152.237980113508, -264.457063381384, 74, 17, -2.540217, 750.6636
5996, 665.235132366268, -153.680630854728, -257.010775243045, 75, 17, -0.4718561, 729.5273
5997, 670.713471564422, -161.037169665299, -259.6530079052, 76, 17, -0.1668935, 737.0273
5998, 669.922296648803, -166.956162241521, -259.893212829264, 77, 17, -0.0006802082, 737.7091
5999, 672.167927611325, -173.671585034256, -261.334420871101, 78, 17, -0.1231446, 741.8
6000, 674.347320140373, -180.437937630267, -262.775628912939, 79, 17, -0.1381457, 745.8909
6001, 671.540007690474, -185.892709791265, -262.295240567356, 80, 17, -0.04768014, 744.5273
6002, 673.59670024103, -192.716700531413, -263.736448609193, 81, 17, -0.198046, 748.6182
6003, 675.585462632066, -199.58978083809, -265.177678153575, 82, 17, 0.06644845, 752.7091
6004, 673.843238596197, -205.394955471083, -265.177678153575, 83, 17, 0.1403034, 752.7091
6005, 680.573686434017, -213.863047482881, -268.540504085377, 84, 17, 0.1026746, 762.2545
6006, 678.708474287087, -219.710611204711, -268.540504085377, 85, 17, 0.1936247, 762.2545
6007, 685.873664146592, -228.568043809247, -272.143556443788, 86, 17, 0.3315783, 772.4818
6008, 683.278116142173, -234.253718413968, -271.903351519724, 87, 17, 0.1935494, 771.8
6009, 678.228273459652, -239.063144524353, -270.702326899406, 88, 17, 0.6320801, 768.3909
6010, 676.146333027062, -244.889596193855, -270.702326899406, 89, 17, 0.478231, 768.3909
6011, 674.014340374708, -250.697919734449, -270.702326899406, 90, 17, 0.3867588, 768.3909
6012, 671.832453324882, -256.487685180795, -270.702326899406, 91, 17, 0.9697876, 768.3909
6013, 670.789160211077, -262.723888639655, -271.182736747533, 92, 17, 0.7908688, 769.7545
6014, 667.911784997886, -268.247644593615, -270.942531823469, 93, 17, 0.7398186, 769.0727
6015, 665.57913054215, -273.984255671453, -270.942531823469, 94, 17, 0.4047928, 769.0727
6016, 661.43338025524, -278.956698857113, -270.221938553823, 95, 17, -0.2633648, 767.0273
6017, 661.937796569055, -285.902246776508, -271.422941671597, 96, 17, 0.1671886, 770.4363
6018, 655.368280102949, -289.780481531528, -269.741528705696, 97, 17, -0.09637451, 765.6636
6019, 650.525371432841, -294.356129519634, -268.780709009441, 98, 17, -0.167655, 762.9363
6020, 647.389650811097, -299.674132630328, -268.540504085377, 99, 17, 0.3388929, 762.2545
6021, 644.210619227977, -304.959987655406, -268.300299161314, 100, 17, 0.2617216, 761.5727
6022, 636.967982189908, -308.267523190978, -266.378681271349, 101, 17, -0.6199722, 756.1182
6023, 617.705232183448, -305.532123924102, -259.412802981137, 102, 17, 0.5457196, 736.3455
6024, 615.62316284371, -311.123210837949, -259.6530079052, 103, 17, 0.3321056, 737.0273
6025, 608.954445652667, -314.359392259569, -257.971573436755, 104, 17, 0.6855035, 732.2545
6026, 595.502296466855, -313.933135116526, -253.407722884634, 105, 17, -0.2614381, 719.3
6027, 592.779255987283, -319.045062792943, -253.407722884634, 106, 17, -0.3536, 719.3
6028, 582.741847427549, -320.13920638232, -250.285080374351, 107, 17, -0.08724266, 710.4363
6029, 579.965883821857, -325.141116761794, -250.285080374351, 108, 17, -0.1871583, 710.4363
6030, 571.054109175629, -326.633928014241, -247.642847712196, 109, 17, -0.1686445, 702.9363
6031, 570.97848025529, -333.142926858377, -248.843872332514, 110, 17, -0.2221975, 706.3455
6032, 562.60743020626, -334.780100920022, -246.441844594422, 111, 17, -0.2271396, 699.5273
6033, 559.706245375314, -339.608238096752, -246.441844594422, 112, 17, -0.1425679, 699.5273
6034, 551.879569796794, -341.389981271787, -244.280000277849, 113, 17, -0.1222526, 693.3909
6035, 67.9954227364337, -42.8748683551878, -30.2591707701481, 114, 17, -0.5827808, 85.89091
6036, 67.6240217890468, -43.4582964076542, -30.2591707701481, 115, 17, -0.4408326, 85.89091
6037, 68.3152600105289, -44.7376771475932, -30.7395752426392, 116, 17, -0.4324944, 87.25455
6038, 67.3970250543602, -44.9696232579871, -30.4993730063937, 117, 17, -0.5263972, 86.57273
6039, 67.5353517867271, -45.9065438245079, -30.7395752426392, 118, 17, -0.2923253, 87.25455
6040, 67.6625065241079, -46.8491470000404, -30.9797774788848, 119, 17, -0.358264, 87.93636
6041, 67.2569242366753, -47.429563628379, -30.9797774788848, 120, 17, -0.3502145, 87.93636
6042, 66.8463632069377, -48.0064692490762, -30.9797774788848, 121, 17, -0.1910532, 87.93636
6043, 66.9459323555331, -48.9564898479689, -31.2199824029485, 122, 17, -0.4972821, 88.61819
6044, 67.5458715140114, -50.2928274350637, -31.7003868754397, 123, 17, -0.4034071, 89.98182
6045, 67.1106650106665, -50.8721131055761, -31.7003868754397, 124, 17, -0.4158299, 89.98182
6046, 66.6704905919614, -51.4476329312401, -31.7003868754397, 125, 17, -0.3034767, 89.98182
6047, 66.2253808421246, -52.0193443087855, -31.7003868754397, 126, 17, -0.3466384, 89.98182
6048, 65.7753687107264, -52.5872049168657, -31.7003868754397, 127, 17, -0.4858127, 89.98182
6049, 65.815443701274, -53.553917753724, -31.9405917995033, 128, 17, -0.4904871, 90.66364
6050, 65.352243671088, -54.1181945700607, -31.9405917995033, 129, 17, -0.3730178, 90.66364
6051, 61.4685625975466, -51.8000739552803, -30.2591707701481, 130, 17, -0.4315394, 85.89091
6052, 61.0206130748243, -52.3270162492912, -30.2591707701481, 131, 17, -0.3682265, 85.89091
6053, 61.0489462892774, -53.269617598705, -30.4993730063937, 132, 17, -0.3473032, 86.57273
6054, 60.5883687255595, -53.7928952308665, -30.4993730063937, 133, 17, -0.4545884, 86.57273
6055, 60.1233060641661, -54.312190805177, -30.4993730063937, 134, 17, -0.4546437, 86.57273
6056, 61.0632342823003, -56.1228756940591, -31.2199824029485, 135, 17, -0.1444328, 88.61819
6057, 60.5781074974449, -56.6461706491614, -31.2199824029485, 136, 17, -0.312202, 88.61819
6058, 57.7769230337103, -54.9661539051224, -30.0189658460844, 137, 17, -0.3541386, 85.20909
6059, 58.218897900313, -56.3487881805481, -30.4993730063937, 138, 17, -0.3457062, 86.57273
6060, 23.6311100794279, -23.2691319635032, -12.4841488437951, 139, 17, -0.3915401, 35.43636
6061, 23.4300338508347, -23.4715866457661, -12.4841488437951, 140, 17, -0.4018111, 35.43636
6062, 23.227223197094, -23.6723038269059, -12.4841488437951, 141, 17, -0.4556742, 35.43636
6063, 285.836767787557, 124.114848390018, -120.40527854795, 1, 16, -0.2289915, 334.0727
6064, 286.894040101772, 121.65098916243, -120.40527854795, 2, 16, -0.03501892, 334.0727
6065, 287.930074877834, 119.178124632667, -120.40527854795, 3, 16, -0.320569, 334.0727
6066, 309.58481609167, 125.032344671475, -129.006116760903, 4, 16, -0.1219416, 357.9363
6067, 310.649103322624, 122.364129439186, -129.006116760903, 5, 16, -0.4923239, 357.9363
6068, 319.408844608071, 122.650685093526, -132.20072041085, 6, 16, -0.3746519, 366.8
6069, 330.578597172994, 123.686823057111, -136.378274799612, 7, 16, -0.04403019, 378.3909
6070, 334.618334486511, 121.926714955829, -137.606965972891, 8, 16, -0.5654268, 381.8
6071, 358.432645661045, 127.121550502814, -146.945025489233, 9, 16, -0.3779907, 407.7091
6072, 359.51309987897, 124.032983892307, -146.945025489233, 10, 16, -0.7466593, 407.7091
6073, 365.993766020791, 122.755409113059, -149.156667401329, 11, 16, -1.189516, 413.8454
6074, 380.339761593078, 123.936972709796, -154.562912963371, 12, 16, -0.5235062, 428.8454
6075, 381.392005684971, 120.660040828533, -154.562912963371, 13, 16, -0.7290249, 428.8454
6076, 387.280032553385, 118.867079499684, -156.528825440038, 14, 16, -0.6938763, 434.3
6077, 387.678811296123, 115.349247150116, -156.283085005575, 15, 16, -0.3274822, 433.6182
6078, 388.656897186394, 112.009489845808, -156.283085005575, 16, 16, -0.6976147, 433.6182
6079, 450.255007933651, 125.576431778679, -180.611190034764, 17, 16, -1.286951, 501.1182
6080, 451.318769742714, 121.697906578218, -180.611190034764, 18, 16, -2.055437, 501.1182
6081, 459.73468737517, 119.733878416844, -183.560053250247, 19, 16, -1.225798, 509.3
6082, 513.794311687805, 129.103217001512, -204.693554629489, 20, 16, -1.231369, 567.9363
6083, 519.213012834803, 125.725641017234, -206.413737670729, 21, 16, -1.42509, 572.7091
6084, 520.894850910911, 121.398156122115, -206.659456107122, 22, 16, -1.164474, 573.3909
6085, 529.988045479809, 118.71927962588, -209.854059757068, 23, 16, -0.7951775, 582.2545
6086, 530.989858983228, 114.155005862065, -209.854059757068, 24, 16, -1.179239, 582.2545
6087, 538.804425337053, 110.993807217429, -212.557182538089, 25, 16, -0.8057537, 589.7545
6088, 539.739444561013, 106.353965550801, -212.557182538089, 26, 16, -0.6980286, 589.7545
6089, 540.634509183469, 101.706250955198, -212.557182538089, 27, 16, -0.8308048, 589.7545
6090, 547.749735982389, 98.1730181778926, -215.014564884647, 28, 16, -0.9624424, 596.5727
6091, 554.843722190008, 94.5247960912047, -217.471947231205, 29, 16, -1.131264, 603.3909
6092, 556.26431452447, 89.8489796083986, -217.717687665668, 30, 16, -0.9650955, 604.0727
6093, 564.561240611741, 86.2117858541448, -220.666550881152, 31, 16, -0.2156296, 612.2545
6094, 565.282088420842, 81.3512564856897, -220.666550881152, 32, 16, -0.739521, 612.2545
6095, 574.154545416105, 77.5919789565944, -223.861154531098, 33, 16, 0.008201599, 621.1182
6096, 578.586753037656, 73.127728352561, -225.335597137875, 34, 16, -0.06620026, 625.2091
6097, 579.194509886689, 68.1470113928839, -225.335597137875, 35, 16, -0.4153919, 625.2091
6098, 582.920626860305, 63.5056471200352, -226.564277312119, 36, 16, -0.670908, 628.6182
6099, 583.445437410053, 58.4879987752779, -226.564277312119, 37, 16, -0.6174736, 628.6182
6100, 588.993801432097, 53.9299462422464, -228.530178789752, 38, 16, -0.930522, 634.0727
6101, 594.506604489845, 49.2807203175785, -230.496102265454, 39, 16, -0.6491346, 639.5273
6102, 594.908598630251, 44.1639157328206, -230.496102265454, 40, 16, -0.8020964, 639.5273
6103, 605.420612258457, 39.7098518121999, -234.427905220719, 41, 16, -0.5530138, 650.4363
6104, 605.739857171014, 34.4995001817537, -234.427905220719, 42, 16, -0.2946339, 650.4363
6105, 610.461067925915, 29.5014936204669, -236.148088261959, 43, 16, -0.6290245, 655.2091
6106, 610.692296211741, 24.2481530578768, -236.148088261959, 44, 16, -0.7262754, 655.2091
6107, 619.777894869524, 19.2697171762709, -239.588410348298, 45, 16, -0.4618559, 664.7545
6108, 624.371617963408, 14.0366569253831, -241.308593389538, 46, 16, -0.5463276, 669.5273
6109, 624.469275937829, 8.66420599757885, -241.308593389538, 47, 16, -0.4445677, 669.5273
6110, 633.424461241868, 3.33803490547476, -244.748915475878, 48, 16, -0.7617111, 679.0727
6111, 640.425633573232, -2.13523326497667, -247.452038256898, 49, 16, -0.3455305, 686.5727
6112, 642.927374924995, -7.67557952540264, -248.43499999475, 50, 16, -0.2598763, 689.3
6113, 647.924404499539, -13.3113836248257, -250.400901472382, 51, 16, -0.5011578, 694.7545
6114, 652.871729594362, -19.0337361290915, -252.366824948084, 52, 16, -0.4749775, 700.2091
6115, 652.683803617289, -24.6501705924057, -252.366824948084, 53, 16, -0.3832932, 700.2091
6116, 652.447562251105, -30.2647803090704, -252.366824948084, 54, 16, -0.3330317, 700.2091
6117, 647.717748639585, -35.632603784996, -250.646641906845, 55, 16, -0.5727892, 695.4363
6118, 648.021916190463, -41.2444779054024, -250.892382341308, 56, 16, -0.4077063, 696.1182
6119, 657.158178255794, -47.5062142302914, -254.57846686018, 57, 16, 0.4520741, 706.3455
6120, 656.091197779679, -53.1071613310814, -254.332726425717, 58, 16, 0.2846308, 705.6636
6121, 655.609993731706, -58.7500341083518, -254.332726425717, 59, 16, 0.234657, 705.6636
6122, 655.713206926135, -64.4507711483102, -254.57846686018, 60, 16, 0.165974, 706.3455
6123, 655.766809943917, -70.1576286356031, -254.824207294642, 61, 16, 0.2587345, 707.0273
6124, 655.77070514936, -75.8701745022716, -255.069947729105, 62, 16, -0.2575445, 707.7091
6125, 665.822809961323, -82.8444115361011, -259.247491118833, 63, 16, -0.1705327, 719.3
6126, 665.08539413391, -88.5699119187617, -259.247491118833, 64, 16, -0.09261703, 719.3
6127, 664.298744880708, -94.2888558498388, -259.247491118833, 65, 16, 0.01829481, 719.3
6128, 665.349607926481, -100.285192008549, -259.984712422222, 66, 16, 0.01097584, 721.3455
6129, 667.6023824379, -106.506956701661, -261.213392596466, 67, 16, -0.3433557, 724.7545
6130, 665.406970994241, -112.03569633574, -260.72191172754, 68, 16, 4.982281, 723.3909
6131, 671.933239351697, -119.088409385396, -263.670774943024, 69, 16, 0.4914904, 731.5727
6132, 670.258501591074, -124.748766856387, -263.425034508561, 70, 16, -0.5623045, 730.8909
6133, 674.154286758708, -131.484873776273, -265.390957984263, 71, 16, 1.354557, 736.3455
6134, 673.621239461281, -137.407371221025, -265.636698418726, 72, 16, -2.470331, 737.0273
6135, 651.886603736158, -138.826394742844, -257.527330075663, 73, 16, -0.430017, 714.5273
6136, 653.151542897167, -144.981184973558, -258.510269815445, 74, 16, -0.6190948, 717.2545
6137, 663.034145972346, -153.172165560182, -262.933575637705, 75, 16, -0.6711304, 729.5273
6138, 661.073327671434, -158.722587427862, -262.687835203242, 76, 16, -0.5047338, 728.8455
6139, 667.088678829751, -166.249975929027, -265.636698418726, 77, 16, -0.1360323, 737.0273
6140, 666.249393784591, -172.14238212447, -265.882438853189, 78, 16, -0.4036534, 737.7091
6141, 669.044311261914, -179.018989327685, -267.602599896359, 79, 16, -0.311262, 742.4818
6142, 669.318161086187, -185.277668123931, -268.339821199747, 80, 16, -0.1892009, 744.5273
6143, 667.699306725207, -191.029450252874, -268.339821199747, 81, 16, -0.3407321, 744.5273
6144, 668.470724327613, -197.487857191933, -269.322760939529, 82, 16, -0.3770342, 747.2545
6145, 671.613771558714, -204.71538898342, -271.288684415231, 83, 16, 0.03205091, 752.7091
6146, 677.715203668798, -212.964799655302, -274.483266067108, 84, 16, 0.09648252, 761.5727
6147, 676.462910208065, -218.983680165844, -274.729006501571, 85, 16, 0.1598032, 762.2545
6148, 673.950416695858, -224.594610379551, -274.483266067108, 86, 16, -0.204339, 761.5727
6149, 670.789922800165, -229.972290899276, -273.991807196252, 87, 16, -0.3100958, 760.2091
6150, 673.585041017978, -237.42648944567, -275.957708673884, 88, 16, 0.1179447, 765.6636
6151, 673.311313103711, -243.862796446051, -276.694929977273, 89, 16, -0.1779766, 767.7091
6152, 671.188259702153, -249.646766215642, -276.694929977273, 90, 16, 0.005462646, 767.7091
6153, 669.609639139613, -255.639074099051, -276.940648413666, 91, 16, 1.127818, 768.3909
6154, 667.977600279589, -261.62270215341, -277.186388848129, 92, 16, 1.234192, 769.0727
6155, 665.701942673577, -267.360124696925, -277.186388848129, 93, 16, 0.9865713, 769.0727
6156, 662.788887102903, -272.835657801173, -276.940648413666, 94, 16, 0.2807884, 768.3909
6157, 659.830986460809, -278.280896128513, -276.694929977273, 95, 16, -0.2401085, 767.7091
6158, 656.82844151861, -283.69542901195, -276.44918954281, 96, 16, 0.1693115, 767.0273
6159, 653.781613790025, -289.078914272099, -276.203449108347, 97, 16, 0.003190041, 766.3455
6160, 647.793613125742, -293.120036605549, -274.729006501571, 98, 16, 0.538969, 762.2545
6161, 636.013201020363, -294.408018599652, -270.797203546305, 99, 16, 0.6318874, 751.3455
6162, 624.834054642215, -295.787402292005, -267.111119027433, 100, 16, 1.198698, 741.1182
6163, 622.838530271149, -301.429422581797, -267.356859461896, 101, 16, 1.069453, 741.8
6164, 616.231578120784, -304.803218562392, -265.636698418726, 102, 16, 0.6240935, 737.0273
6165, 613.586321824232, -310.093833523718, -265.636698418726, 103, 16, 0.7661204, 737.0273
6166, 604.114022297078, -311.860629740953, -262.687835203242, 104, 16, 0.6233311, 728.8455
6167, 594.094635434059, -313.191053274308, -259.493231553296, 105, 16, -0.2276309, 719.9818
6168, 591.378031735665, -318.290897267026, -259.493231553296, 106, 16, -0.3224092, 719.9818
6169, 581.371218702124, -319.386228036352, -256.29862790335, 107, 16, -0.3343668, 711.1182
6170, 578.047017909454, -324.06536002665, -256.052887468887, 108, 16, -0.2082787, 710.4363
6171, 567.508518819399, -324.605906349434, -252.612543384478, 109, 16, -0.2455703, 700.8909
6172, 564.694688715262, -329.476587796917, -252.612543384478, 110, 16, -0.2870889, 700.8909
6173, 561.839056679681, -334.322879502455, -252.612543384478, 111, 16, -0.2233495, 700.8909
6174, 66.8645244064681, -40.5708235569734, -30.2192760354427, 112, 16, -0.2225127, 83.84546
6175, 67.0538603095666, -41.4791874316217, -30.4650137201467, 113, 16, -0.4650164, 84.52728
6176, 67.7704541606468, -42.7330132466711, -30.9564918393136, 114, 16, -0.549968, 85.89091
6177, 67.400282024536, -43.3145109783489, -30.9564918393136, 115, 16, -0.4925647, 85.89091
6178, 67.0251205339567, -43.8928023221244, -30.9564918393136, 116, 16, -0.5154376, 85.89091
6179, 66.6449974605086, -44.4678444695637, -30.9564918393136, 117, 16, -0.1243234, 85.89091
6180, 65.2079706061322, -44.3245275421213, -30.4650137201467, 118, 16, -0.3938639, 84.52728
6181, 66.915752781658, -46.3320988200354, -31.4479672087217, 119, 16, 0.1768296, 87.25455
6182, 66.5146466820962, -46.9061097103715, -31.4479672087217, 120, 16, -0.06401253, 87.25455
6183, 65.0754575810593, -46.7346734116786, -30.9564918393136, 121, 16, -0.1921697, 85.89091
6184, 64.1575816008369, -46.9174135275451, -30.7107514048508, 122, 16, -0.4451823, 85.20909
6185, 66.3021511143276, -49.3667868934772, -31.9394453278886, 123, 16, -0.6551933, 88.61819
6186, 66.3817908937029, -50.3196023159422, -32.1851830125927, 124, 16, -0.4742713, 89.3
6187, 63.4288487108095, -48.9461543893056, -30.9564918393136, 125, 16, -0.1020498, 85.89091
6188, 60.5046348337943, -47.5257581258707, -29.7277979162758, 126, 16, -0.425015, 82.48182
6189, 60.5902500699697, -48.4417185163422, -29.9735383507386, 127, 16, -0.4461801, 83.16364
6190, 60.6645405416486, -49.3626363666377, -30.2192760354427, 128, 16, -0.2876592, 83.84546
6191, 60.2375918586365, -49.8827512800422, -30.2192760354427, 129, 16, -0.7017832, 83.84546
6192, 59.3198509774185, -49.9893366266732, -29.9735383507386, 130, 16, -0.2715104, 83.16364
6193, 60.8187212435124, -52.1538879143678, -30.9564918393136, 131, 16, -0.4616814, 85.89091
6194, 60.3677516497801, -52.6752260463207, -30.9564918393136, 132, 16, -0.2412519, 85.89091
6195, 60.3879070110369, -53.6149169120251, -31.2022295240177, 133, 16, -0.2901239, 86.57273
6196, 59.924383048579, -54.1324943532457, -31.2022295240177, 134, 16, -0.3858461, 86.57273
6197, 58.9881654554777, -54.2156915890381, -30.9564918393136, 135, 16, -0.7085732, 85.89091
6198, 59.4485994634976, -55.5899754743076, -31.4479672087217, 136, 16, 0.07487965, 87.25455
6199, 57.5857632237533, -54.7842937612647, -30.7107514048508, 137, 16, -0.02306795, 85.20909
6200, 58.0262757793316, -56.1623534748852, -31.2022295240177, 138, 16, -0.3478055, 86.57273
6201, 23.0997501525801, -22.7459113354252, -12.5261063666959, 139, 16, 0.1393809, 34.75454
6202, 23.3525136129432, -23.3939289269572, -12.7718454262793, 140, 16, -0.1307201, 35.43636
6203, 23.1503739753105, -23.5939820184192, -12.7718454262793, 141, 16, -0.8415163, 35.43636
6204, 284.866332443502, 123.693470004963, -123.108418195685, 1, 15, -0.4554577, 334.0727
6205, 285.920015246018, 121.237975747689, -123.108418195685, 2, 15, -0.3681278, 334.0727
6206, 287.538186671675, 119.015916841433, -123.359675586875, 3, 15, -0.6829233, 334.7545
6207, 308.533754502066, 124.607851323896, -131.902348165558, 4, 15, -0.2843599, 357.9363
6208, 304.876573472811, 120.090340195377, -129.892311527974, 5, 15, -0.4933586, 352.4818
6209, 306.490230505281, 117.690030756886, -130.143568919164, 6, 15, -0.4634018, 353.1636
6210, 329.456260263128, 123.266897847287, -139.440013671416, 7, 15, -0.7443352, 378.3909
6211, 327.526962704791, 119.342792986334, -138.183737961434, 8, 15, -0.5790663, 374.9818
6212, 328.541634419183, 116.52041876674, -138.183737961434, 9, 15, -0.4206581, 374.9818
6213, 337.920467181949, 116.583467687185, -141.70130770019, 10, 15, -0.7288132, 384.5273
6214, 343.117562503591, 115.082661699247, -143.460098192551, 11, 15, -0.8143682, 389.3
6215, 344.0950041011, 112.126307684028, -143.460098192551, 12, 15, -0.4229403, 389.3
6216, 345.651292395438, 109.352840204307, -143.711355583741, 13, 15, -0.4429636, 389.9818
6217, 384.753308136032, 118.091557069026, -159.540436277093, 14, 15, -0.7412062, 432.9363
6218, 385.75509643052, 114.776868534073, -159.540436277093, 15, 15, -0.5940037, 432.9363
6219, 386.728328925887, 111.453683558679, -159.540436277093, 16, 15, -0.6317949, 432.9363
6220, 387.672933577897, 108.122248144009, -159.540436277093, 17, 15, -0.4920864, 432.9363
6221, 441.21885087681, 118.974467924667, -181.148403229908, 18, 15, -0.9193628, 491.5727
6222, 458.173856720072, 119.327373723988, -187.681039171007, 19, 15, -1.417487, 509.3
6223, 459.183560155873, 115.380948098841, -187.681039171007, 20, 15, -0.8880168, 509.3
6224, 517.45024920349, 125.298793881221, -211.047796616183, 21, 15, -1.166048, 572.7091
6225, 519.126377324491, 120.986001092809, -211.299031515439, 22, 15, -1.443813, 573.3909
6226, 520.148095132657, 116.515094405606, -211.299031515439, 23, 15, -1.066767, 573.3909
6227, 529.187112155097, 113.767441822467, -214.565355108972, 24, 15, -1.134787, 582.2545
6228, 536.97514752256, 110.616975663081, -217.329163920125, 25, 15, -1.04257, 589.7545
6229, 537.90699229241, 105.992886575728, -217.329163920125, 26, 15, -0.9788399, 589.7545
6230, 545.651009102331, 102.649974285836, -220.092972731279, 27, 15, -1.166132, 597.2545
6231, 546.513986741129, 97.9515352181464, -220.092972731279, 28, 15, -0.9233265, 597.2545
6232, 552.335208299917, 94.0974383425816, -222.103031860797, 29, 15, -1.258629, 602.7091
6233, 554.375759193995, 89.5439361875884, -222.605524151242, 30, 15, -1.289898, 604.0727
6234, 561.391363352922, 85.7277271555258, -225.118075571206, 31, 15, -1.044294, 610.8909
6235, 567.754553890255, 81.7070756009143, -227.379392091914, 32, 15, -1.196983, 617.0273
6236, 568.436526147546, 76.8192385258139, -227.379392091914, 33, 15, -1.231064, 617.0273
6237, 576.622411504215, 72.8794547215196, -230.394458294257, 34, 15, -0.8099575, 625.2091
6238, 580.375538128557, 68.2859691068817, -231.650722758272, 35, 15, -0.8972015, 628.6182
6239, 580.941571529312, 63.2900411117901, -231.650722758272, 36, 15, -0.7819138, 628.6182
6240, 581.464600311409, 58.2894280257767, -231.650722758272, 37, 15, -0.9024029, 628.6182
6241, 582.575785507879, 53.3422944657193, -231.901980149462, 38, 15, -0.9380426, 629.3
6242, 593.119887610185, 49.1657705320083, -235.922075916564, 39, 15, -0.6779308, 640.2091
6243, 593.520944078821, 44.0609011540824, -235.922075916564, 40, 15, -0.7643776, 640.2091
6244, 593.878064731677, 38.9527701361832, -235.922075916564, 41, 15, -0.8945084, 640.2091
6245, 603.050514384427, 34.346330498669, -239.439634409353, 42, 15, -0.64713, 649.7545
6246, 603.323700675414, 29.1565690946114, -239.439634409353, 43, 15, -0.7287846, 649.7545
6247, 612.418943976271, 24.3167113474296, -242.957215394075, 44, 15, -0.852252, 659.3
6248, 613.872559282954, 19.0861124566994, -243.459730176455, 45, 15, -1.006298, 660.6636
6249, 621.618153660354, 13.9747555950435, -246.474796378798, 46, 15, -0.7588863, 668.8455
6250, 621.715380965381, 8.62599705078775, -246.474796378798, 47, 15, -0.4805174, 668.8455
6251, 631.273941944662, 3.32670204904402, -250.243612262777, 48, 15, -0.9870243, 679.0727
6252, 626.208562575885, -2.08783234700483, -248.233575625193, 49, 15, -0.9378109, 673.6182
6253, 628.068806562374, -7.49819071361929, -248.987347798762, 50, 15, -0.5342388, 675.6636
6254, 628.614753867561, -12.9146735064252, -249.238605189952, 51, 15, -0.5970116, 676.3455
6255, 635.449596225606, -18.5258135551538, -252.002414001105, 52, 15, -0.6631088, 683.8455
6256, 635.266685125556, -23.9923713032707, -252.002414001105, 53, 15, -0.6159334, 683.8455
6257, 645.167183682519, -29.9270687891056, -256.022487276273, 54, 15, -0.3049288, 694.7545
6258, 644.885819465089, -35.4768121451437, -256.022487276273, 55, 15, -0.05655384, 694.7545
6259, 644.556717109948, -41.023929304586, -256.022487276273, 56, 15, -0.353281, 694.7545
6260, 643.547710568446, -46.5223083532531, -255.771229885084, 57, 15, -0.9370155, 694.0727
6261, 648.809589442877, -52.5177531055161, -258.032546405791, 58, 15, 0.2146671, 700.2091
6262, 648.333726023491, -58.0979986297498, -258.032546405791, 59, 15, -0.4654132, 700.2091
6263, 653.487015815418, -64.2319563794544, -260.293840434565, 60, 15, -0.378237, 706.3455
6264, 653.540436847295, -69.9194386959041, -260.545097825755, 61, 15, -0.4687512, 707.0273
6265, 650.39611837815, -75.2483552703246, -259.540068260996, 62, 15, -0.6097775, 704.3
6266, 657.272452074797, -81.7805408531885, -262.555134463339, 63, 15, 0.6074228, 712.4818
6267, 659.685916776156, -87.8508595411247, -263.811398927354, 64, 15, 0.3816562, 715.8909
6268, 658.905653913136, -93.5233743842404, -263.811398927354, 65, 15, 0.01689434, 715.8909
6269, 658.703375770593, -99.2834349473793, -264.062656318544, 66, 15, 0.8381593, 716.5727
6270, 663.458108687272, -105.845793715235, -266.323972839252, 67, 15, 1.040722, 722.7091
6271, 662.522882460273, -111.550097474769, -266.323972839252, 68, 15, 8.263797, 722.7091
6272, 641.567082730229, -113.706539462296, -258.283781305047, 69, 15, -0.2249106, 700.8909
6273, 640.565034935994, -119.222207566025, -258.283781305047, 70, 15, -0.2477627, 700.8909
6274, 638.893506450783, -124.607725118907, -258.032546405791, 71, 15, -0.1461349, 700.2091
6275, 644.629273408622, -131.493499139125, -260.796355216945, 72, 15, -1.020432, 707.7091
6276, 649.05346602339, -138.223047025282, -263.057649245719, 73, 15, -0.6108843, 713.8455
6277, 650.934048810743, -144.488963951013, -264.313913709734, 74, 15, -0.3871646, 717.2545
6278, 649.049235617986, -149.941413392809, -264.062656318544, 75, 15, -0.5454521, 716.5727
6279, 658.828938584789, -158.183713405698, -268.585266868026, 76, 15, -0.7927951, 728.8455
6280, 656.828553444837, -163.692976159127, -268.334009476836, 77, 15, -0.6155951, 728.1636
6281, 656.623244175595, -169.655222901756, -268.836524259215, 78, 15, -0.5496435, 729.5273
6282, 660.037615758007, -176.609030078124, -270.8465608968, 79, 15, -0.5945829, 734.9818
6283, 663.380574240778, -183.634051815634, -272.856597534384, 80, 15, -0.3683096, 740.4363
6284, 661.776080895107, -189.334809322966, -272.856597534384, 81, 15, -0.4460162, 740.4363
6285, 668.024823341529, -197.356123628957, -276.122921127917, 82, 15, -0.2044829, 749.3
6286, 665.695796955241, -202.911524136914, -275.871663736727, 83, 15, -0.3811361, 748.6182
6287, 666.94879717578, -209.581570845648, -277.127950692676, 84, 15, -0.6227779, 752.0273
6288, 665.120926039018, -215.31206802534, -277.127950692676, 85, 15, -0.2391357, 752.0273
6289, 669.858377593834, -223.230934499235, -279.891759503829, 86, 15, -0.4604263, 759.5273
6290, 673.309147757281, -230.835977002759, -282.153053532603, 87, 15, -0.3708401, 765.6636
6291, 671.298173810201, -236.620410302121, -282.153053532603, 88, 15, -0.4165802, 765.6636
6292, 669.237506531837, -242.387327605021, -282.153053532603, 89, 15, -0.859726, 765.6636
6293, 668.315452641923, -248.578232935775, -282.655568314983, 90, 15, 1.049198, 767.0273
6294, 666.744167730122, -254.545113655291, -282.906825706172, 91, 15, 1.189079, 767.7091
6295, 663.939262493882, -260.041031086502, -282.655568314983, 92, 15, 0.7761688, 767.0273
6296, 660.501009892907, -265.271318960238, -282.153053532603, 93, 15, 1.210171, 765.6636
6297, 660.538673574847, -271.909362113259, -283.158060605428, 94, 15, -0.1832047, 768.3909
6298, 655.838741333396, -276.59718382276, -282.153053532603, 95, 15, -0.08990622, 765.6636
6299, 654.016580288413, -282.480938092254, -282.404310923793, 96, 15, -0.08976746, 766.3455
6300, 642.866533292112, -284.252654932626, -278.635472547881, 97, 15, -0.254879, 756.1182
6301, 636.932315641417, -288.205409706362, -277.127950692676, 98, 15, 0.8182273, 752.0273
6302, 625.22589000825, -289.41461460112, -273.107854925574, 99, 15, 1.353294, 741.1182
6303, 623.285591861557, -295.054382412512, -273.359112316763, 100, 15, 1.019669, 741.8
6304, 620.723950932414, -300.406049110023, -273.359112316763, 101, 15, 1.071712, 741.8
6305, 606.753657930691, -300.115207298789, -268.334009476836, 102, 15, 0.3783937, 728.1636
6306, 604.714788266446, -305.610343992874, -268.585266868026, 103, 15, 0.03851175, 728.8455
6307, 598.120469036253, -308.766589170267, -266.826465129698, 104, 15, -0.1768885, 724.0727
6308, 593.759738522318, -313.014504438027, -266.072715448062, 105, 15, -0.1057533, 722.0273
6309, 582.114565431074, -313.305123627045, -262.05261968096, 106, 15, -0.546067, 711.1182
6310, 579.397423717624, -318.301889983938, -262.05261968096, 107, 15, -0.6302087, 711.1182
6311, 569.449963763801, -319.245670000473, -258.786296087427, 108, 15, -0.6600499, 702.2545
6312, 565.58178864757, -323.50384713274, -258.283781305047, 109, 15, -0.3361223, 700.8909
6313, 562.777511688769, -328.35799228413, -258.283781305047, 110, 15, -0.4539402, 700.8909
6314, 66.4382310702737, -39.5341342976925, -30.6464545291314, 111, 15, -0.5125418, 83.16364
6315, 66.0956305679922, -40.104288327242, -30.6464545291314, 112, 15, -0.4901063, 83.16364
6316, 66.287172582136, -41.0049181829789, -30.8977091088294, 113, 15, -0.6301739, 83.84546
6317, 65.9319234280466, -41.5737181065739, -30.8977091088294, 114, 15, -0.5499866, 83.84546
6318, 67.7046714256767, -43.5101255612761, -31.9027302391132, 115, 15, -0.6568921, 86.57273
6319, 66.7975656731557, -43.7437832611662, -31.6514756594152, 116, 15, -0.6254105, 85.89091
6320, 66.4187331434974, -44.3168731012502, -31.6514756594152, 117, 15, -0.3537827, 85.89091
6321, 64.4623886133347, -43.8177249339819, -30.8977091088294, 118, 15, -0.4994864, 83.84546
6322, 63.5618949282098, -44.0099061070378, -30.6464545291314, 119, 15, -0.6562459, 83.16364
6323, 65.2528493780037, -46.0162906144227, -31.6514756594152, 120, 15, -0.3064227, 85.89091
6324, 64.3396904179314, -46.2062739296928, -31.4002182682254, 121, 15, -0.522815, 85.20909
6325, 62.4048851846299, -45.6356946644644, -30.6464545291314, 122, 15, -0.5674562, 83.16364
6326, 62.0099377258349, -46.1709209963712, -30.6464545291314, 123, 15, -0.6645124, 83.16364
6327, 61.6103999366941, -46.7027294925647, -30.6464545291314, 124, 15, -0.8646836, 83.16364
6328, 61.2063013932806, -47.2310807855375, -30.6464545291314, 125, 15, -0.718791, 83.16364
6329, 60.2992174671751, -47.3644049318945, -30.3951971379416, 126, 15, -0.6234124, 82.48182
6330, 59.8894745705848, -47.8814506606204, -30.3951971379416, 127, 15, -0.5686146, 82.48182
6331, 60.4585802842326, -49.195046845609, -30.8977091088294, 128, 15, -0.5164974, 83.84546
6332, 60.0330811211522, -49.7133959333682, -30.8977091088294, 129, 15, -0.7029095, 83.84546
6333, 58.6337686763201, -49.4111693093569, -30.3951971379416, 130, 15, -0.5824049, 82.48182
6334, 57.7253277589388, -49.5012096966932, -30.1439425582436, 131, 15, -0.4969819, 81.8
6335, 57.7748777334882, -50.4127561693134, -30.3951971379416, 132, 15, -0.6277516, 82.48182
6336, 57.339001046862, -50.9079703057793, -30.3951971379416, 133, 15, -0.5388732, 82.48182
6337, 55.4878518608224, -50.1247684952333, -29.6414305873558, 134, 15, -0.81337, 80.43636
6338, 55.5212107348862, -51.029232975969, -29.8926879785456, 135, 15, -0.5533738, 81.11819
6339, 58.7838070099853, -54.9683326346147, -31.9027302391132, 136, 15, -0.2977501, 86.57273
6340, 58.3086979821598, -55.4720587218658, -31.9027302391132, 137, 15, -0.227506, 86.57273
6341, 14.5620691870623, -14.0943058299949, -8.03347066327018, 138, 15, -0.3660222, 21.8
6342, 14.440266453012, -14.2190724241855, -8.03347066327018, 139, 15, -0.4309243, 21.8
6343, 22.8254373339303, -22.8659178864892, -12.8073217349913, 140, 15, -0.3767141, 34.75454
6344, 12.417800994355, -12.6557512065068, -7.02844953298635, 141, 15, -0.2912718, 19.07273
6345, 278.660069647981, 120.998612475272, -123.491476115589, 1, 14, -0.6257372, 327.9363
6346, 275.620245045575, 116.870588985018, -121.69421145573, 2, 14, -0.584774, 323.1636
6347, 277.19915638428, 114.736453361646, -121.950955341389, 3, 14, -0.5418005, 323.8454
6348, 281.104416631583, 113.529935843322, -123.23473222993, 4, 14, -0.4861155, 327.2545
6349, 303.227267128614, 119.440681358999, -132.477845383079, 5, 14, -0.4126301, 351.8
6350, 303.064370795067, 116.374525417616, -131.964334627663, 6, 14, -0.6559057, 350.4363
6351, 301.096530768387, 112.656032915436, -130.680569231171, 7, 14, -0.5475597, 347.0273
6352, 321.045324096903, 116.981042832376, -138.896672365537, 8, 14, -0.4777746, 368.8454
6353, 322.039915829775, 114.214522364658, -138.896672365537, 9, 14, -0.6597643, 368.8454
6354, 320.025212219149, 110.409556718998, -137.612906969046, 10, 14, -0.444767, 365.4363
6355, 337.730879736439, 113.275952109536, -144.802000084628, 11, 14, -0.6731348, 384.5273
6356, 342.896818798262, 111.735868728718, -146.599276236537, 12, 14, -0.4851313, 389.3
6357, 340.232215030396, 107.6384201683, -145.058755462337, 13, 14, -0.4856167, 385.2091
6358, 341.145715100344, 104.707166466733, -145.058755462337, 14, 14, -0.4886732, 385.2091
6359, 377.752462211218, 112.395779329512, -160.207196334577, 15, 14, -0.8876963, 425.4363
6360, 385.381688624844, 111.065586771468, -163.031482505269, 16, 14, -0.4690447, 432.9363
6361, 386.323004035809, 107.745751865098, -163.031482505269, 17, 14, -0.814805, 432.9363
6362, 428.705237581387, 115.600177636119, -180.490710284834, 18, 14, -1.327753, 479.3
6363, 429.683963907058, 111.907430317806, -180.490710284834, 19, 14, -1.13658, 479.3
6364, 430.018292619087, 108.052470966932, -180.233954907126, 20, 14, -1.202325, 478.6182
6365, 472.67633304182, 114.456944445393, -197.693182686691, 21, 14, -1.531578, 524.9818
6366, 487.791886677543, 113.683280820353, -203.598510405782, 22, 14, -1.79534, 540.6636
6367, 488.751933554501, 109.482238254668, -203.598510405782, 23, 14, -1.376211, 540.6636
6368, 508.818867493007, 109.388568950482, -211.55785816244, 24, 14, -0.9095554, 561.8
6369, 509.741185514709, 105.006774657447, -211.55785816244, 25, 14, -1.211143, 561.8
6370, 517.442596482333, 101.960441534078, -214.382144333131, 26, 14, -0.2172069, 569.3
6371, 518.300685634294, 97.5047258507203, -214.382144333131, 27, 14, 0.2310143, 569.3
6372, 540.258924739446, 96.8304423626771, -223.111758222914, 28, 14, -0.7863388, 592.4818
6373, 541.072032212077, 92.1786107872474, -223.111758222914, 29, 14, -0.8460999, 592.4818
6374, 553.068899244083, 89.3328494255496, -227.733309053463, 30, 14, -1.166079, 604.7545
6375, 553.817025238736, 84.5710816607349, -227.733309053463, 31, 14, -1.037529, 604.7545
6376, 560.15082718724, 80.6128029644116, -230.044084468738, 32, 14, -0.9032059, 610.8909
6377, 561.449609076452, 75.8750176245252, -230.300839846446, 33, 14, -1.110559, 611.5727
6378, 562.70828484716, 71.1208446788628, -230.557595224155, 34, 14, -1.173494, 612.2545
6379, 578.35459207696, 68.04818813477, -236.719678320954, 35, 14, -0.7383022, 628.6182
6380, 578.918654472924, 63.0696566360716, -236.719678320954, 36, 14, -1.006664, 628.6182
6381, 579.439861998123, 58.0864563605712, -236.719678320954, 37, 14, -0.8753338, 628.6182
6382, 580.547177897581, 53.1565493880904, -236.976433698662, 38, 14, -0.8321114, 629.3
6383, 581.612509407463, 48.2118839266886, -237.233189076371, 39, 14, -0.8190327, 629.9818
6384, 582.635684506251, 43.2528178828038, -237.489944454079, 40, 14, -0.7737827, 630.6636
6385, 591.810101057813, 38.8171313267679, -241.084496757895, 41, 14, -0.7890911, 640.2091
6386, 592.122168998906, 33.7239140452184, -241.084496757895, 42, 14, -0.7021809, 640.2091
6387, 598.699315553127, 28.9330883923166, -243.652027550878, 43, 14, -0.4391994, 647.0273
6388, 603.975117904853, 23.9814407238374, -245.706047588445, 44, 14, -0.9632778, 652.4818
6389, 602.896437244678, 18.7448502575783, -245.192536833028, 45, 14, -0.8236237, 651.1182
6390, 608.0871293623, 13.6705612011017, -247.246556870595, 46, 14, -0.7155075, 656.5727
6391, 606.287580107739, 8.4119438541441, -246.47631372157, 47, 14, -0.8565979, 654.5273
6392, 610.127202825303, 3.2152624731568, -248.01682300372, 48, 14, -0.8147154, 658.6182
6393, 617.711781160101, -2.05950335863659, -251.09786455212, 49, 14, -0.8054504, 666.8
6394, 625.88178610516, -7.47208100030216, -254.435661478228, 50, 14, -0.292758, 675.6636
6395, 625.794332583845, -12.8567289230286, -254.435661478228, 51, 14, -0.3672523, 675.6636
6396, 625.029189419758, -18.222018392169, -254.178906100519, 52, 14, -0.6126499, 674.9818
6397, 629.898685528316, -23.7896359127515, -256.232926138086, 53, 14, -0.561017, 680.4363
6398, 630.932600465143, -29.2667758264365, -256.746436893502, 54, 14, -0.4054928, 681.8
6399, 639.4868993242, -35.1798037913489, -260.340989197319, 55, 14, -0.4243975, 691.3455
6400, 642.312283520149, -40.8810784390647, -261.62474310176, 56, 14, -0.664155, 694.7545
6401, 640.676801437524, -46.3147692420893, -261.111232346344, 57, 14, -0.4300747, 693.3909
6402, 639.625090369659, -51.7743157972925, -260.854499952735, 58, 14, -0.2462759, 692.7091
6403, 642.930579715415, -57.6138159099516, -262.395009234885, 59, 14, -1.065349, 696.8
6404, 641.78248488602, -63.081505181643, -262.138253857177, 60, 14, -0.6973668, 696.1182
6405, 648.124475989285, -69.3400086838641, -264.962540027868, 61, 14, -0.3820124, 703.6182
6406, 647.503903605898, -74.9137370299157, -264.962540027868, 62, 14, -0.5036111, 703.6182
6407, 646.835399279234, -80.4819198325751, -264.962540027868, 63, 14, -1.251762, 703.6182
6408, 647.371223703328, -86.2109027921311, -265.476050783285, 64, 14, -3.762132, 704.9818
6409, 656.611255386374, -93.1977133565491, -269.584090858418, 65, 14, 0.1291385, 715.8909
6410, 656.409681603658, -98.9377166104333, -269.840846236126, 66, 14, 0.9037143, 716.5727
6411, 635.574474320952, -101.397335896235, -261.62474310176, 67, 14, 0.2124653, 694.7545
6412, 635.301419426344, -106.966773735724, -261.881498479469, 68, 14, 0.07205009, 695.4363
6413, 637.467293480336, -112.979923554655, -263.16527536801, 69, 14, 0.07028341, 698.8455
6414, 637.092618200685, -118.575920044549, -263.422030745718, 70, 14, 0.01030827, 699.5273
6415, 636.668792925785, -124.173824181439, -263.678786123427, 71, 14, -0.1685662, 700.2091
6416, 641.765698628006, -130.909378182348, -266.24631691641, 72, 14, -1.057953, 707.0273
6417, 640.615634721819, -136.426118399457, -266.24631691641, 73, 14, -0.8125415, 707.0273
6418, 640.034773455169, -142.069632827037, -266.503072294118, 74, 14, -0.5172687, 707.7091
6419, 646.789158471655, -149.419297129357, -269.840846236126, 75, 14, -0.3908043, 716.5727
6420, 644.865475866583, -154.831109633447, -269.584090858418, 76, 14, -0.5789418, 715.8909
6421, 643.509480858504, -160.373634117887, -269.584090858418, 77, 14, -0.6607752, 715.8909
6422, 654.336793307968, -169.064460489609, -274.719175428484, 78, 14, -0.3790312, 729.5273
6423, 652.857987681797, -174.687946914697, -274.719175428484, 79, 14, -0.5133705, 729.5273
6424, 656.20072360457, -181.646557585392, -276.773195466051, 80, 14, -0.563715, 734.9818
6425, 659.471687153705, -188.67551993154, -278.827215503617, 81, 14, -0.1920195, 740.4363
6426, 660.852717563688, -195.237251777022, -280.110992392159, 82, 14, -0.3806716, 743.8455
6427, 662.773565453008, -202.020795292432, -281.651501674309, 83, 14, -0.5384998, 747.9363
6428, 664.626391337285, -208.851779494596, -283.192033940558, 84, 14, -0.7680147, 752.0273
6429, 662.804885094826, -214.56232230873, -283.192033940558, 85, 14, -0.3288231, 752.0273
6430, 660.934314242905, -220.256981992268, -283.192033940558, 86, 14, 0.03807831, 752.0273
6431, 656.624840444063, -225.115962070407, -282.165012429725, 87, 14, -0.3609161, 749.3
6432, 655.259407219863, -230.967036467056, -282.421767807434, 88, 14, -0.6223297, 749.9818
6433, 653.841854773247, -236.811264025081, -282.678523185142, 89, 14, -0.5663614, 750.6636
6434, 651.780191547274, -242.427984624456, -282.678523185142, 90, 14, -0.6771526, 750.6636
6435, 663.832382428472, -253.433471804607, -288.840606281941, 91, 14, 0.9734297, 767.0273
6436, 661.039204354724, -258.905183048408, -288.583850904233, 92, 14, 0.688077, 766.3455
6437, 644.134082655321, -258.698011258037, -282.165012429725, 93, 14, -0.3231506, 749.3
6438, 642.468552085595, -264.470834432722, -282.421767807434, 94, 14, 0.131815, 749.9818
6439, 643.079236812966, -271.215917369746, -283.705521711875, 95, 14, -0.1982126, 753.3909
6440, 645.360824222414, -278.742369121505, -285.759564733542, 96, 14, -0.5043373, 758.8455
6441, 641.20566650196, -283.518278868325, -284.989298600417, 97, 14, 0.1449909, 756.8
6442, 638.742615941138, -289.024552222388, -284.989298600417, 98, 14, -0.1611419, 756.8
6443, 626.48797305326, -289.998827897312, -280.624503147575, 99, 14, 1.499504, 745.2091
6444, 620.544330590345, -293.756708983237, -279.083970881326, 100, 14, 1.155756, 741.1182
6445, 617.993955968593, -299.08483861067, -279.083970881326, 101, 14, 1.04267, 741.1182
6446, 609.170103992675, -301.310440654764, -276.259684710634, 102, 14, 0.2672381, 733.6182
6447, 64.2498407868585, -32.4705403693676, -29.263028210013, 103, 14, -0.5626106, 77.70909
6448, 63.9680946124815, -33.0221275005717, -29.263028210013, 104, 14, -0.2502787, 77.70909
6449, 64.2403590402663, -33.8658262683031, -29.5197835877213, 105, 14, -0.5708179, 78.39091
6450, 580.08756385141, -312.214152848744, -267.78682619856, 106, 14, -0.7367573, 711.1182
6451, 577.379883592581, -317.193519789955, -267.78682619856, 107, 14, -0.7043946, 711.1182
6452, 63.3449285505959, -35.5125040707792, -29.5197835877213, 108, 14, -0.5150003, 78.39091
6453, 63.0370436032414, -36.0561929801282, -29.5197835877213, 109, 14, -0.6400523, 78.39091
6454, 62.7244922932882, -36.5972128037975, -29.5197835877213, 110, 14, -0.7269652, 78.39091
6455, 62.9500940813644, -37.4585149751006, -29.7765360924171, 111, 14, -0.3902326, 79.07273
6456, 65.8654766506598, -39.9646397758775, -31.317056866617, 112, 14, -0.08430934, 83.16364
6457, 65.5191933902297, -40.529850040778, -31.317056866617, 113, 14, -0.2661731, 83.16364
6458, 65.7023395610977, -41.4289528021495, -31.5738093713128, 114, 14, -0.327531, 83.84546
6459, 65.3434637695152, -41.9927052794479, -31.5738093713128, 115, 14, -0.5834601, 83.84546
6460, 64.4513473044925, -42.2073130804361, -31.317056866617, 116, 14, -0.2676482, 83.16364
6461, 63.5604083130682, -42.4097000373104, -31.0603014889087, 117, 14, -0.4986254, 82.48182
6462, 63.1931737057579, -42.9549875936717, -31.0603014889087, 118, 14, -0.8582287, 82.48182
6463, 63.3405638207662, -43.8566576667866, -31.317056866617, 119, 14, -0.4180455, 83.16364
6464, 62.9608881025374, -44.4000001821399, -31.317056866617, 120, 14, -0.3386047, 83.16364
6465, 60.5244078279393, -43.4662857306941, -30.2900411018088, 121, 14, -0.569726, 80.43636
6466, 61.6777331042037, -45.1039399754079, -31.0603014889087, 122, 14, -0.6816025, 82.48182
6467, 61.2873876387538, -45.6329297612559, -31.0603014889087, 123, 14, -0.3907332, 82.48182
6468, 61.3958641985221, -46.540104277396, -31.317056866617, 124, 14, -0.3743916, 83.16364
6469, 60.9931727808438, -47.066615779769, -31.317056866617, 125, 14, -0.835953, 83.16364
6470, 60.5859662995777, -47.5896431419767, -31.317056866617, 126, 14, -0.5948751, 83.16364
6471, 60.1742748984775, -48.1091476465415, -31.317056866617, 127, 14, -0.4239542, 83.16364
6472, 59.2681972866687, -48.2264341680691, -31.0603014889087, 128, 14, -0.3895636, 82.48182
6473, 57.8781193737831, -47.9288720580731, -30.546796479517, 129, 14, -0.3605473, 81.11819
6474, 57.9466037653544, -48.8320896676131, -30.8035489842129, 130, 14, -0.3309097, 81.8
6475, 57.5243203670909, -49.3288397952869, -30.8035489842129, 131, 14, -0.5543136, 81.8
6476, 57.573697801933, -50.2372121399096, -31.0603014889087, 132, 14, -0.4973582, 82.48182
6477, 57.139338896831, -50.7307018738326, -31.0603014889087, 133, 14, -0.6394985, 82.48182
6478, 55.2946356624083, -49.9502272778272, -30.2900411018088, 134, 14, -0.5582838, 80.43636
6479, 54.8628302552026, -50.4241191745963, -30.2900411018088, 135, 14, -0.9552307, 80.43636
6480, 54.8883170582481, -51.3256868392256, -30.546796479517, 136, 14, -0.5654871, 81.11819
6481, 24.2417051475518, -23.062378993175, -13.601076582356, 137, 14, -0.201013, 36.11818
6482, 14.5113620943382, -14.0452275524904, -8.20925818217518, 138, 14, -0.5574558, 21.8
6483, 14.3899834938675, -14.1695596925399, -8.20925818217518, 139, 14, -0.216929, 21.8
6484, 13.8213085357596, -13.8458204081251, -7.95250567747936, 140, 14, 0.2630485, 21.11818
6485, 12.8169315549875, -13.0625299168899, -7.43899923158148, 141, 14, -1.113064, 19.75455
6486, 267.273948268713, 116.054578369105, -121.406350897034, 1, 13, -0.4229865, 315.6636
6487, 268.26255917417, 113.750727157686, -121.406350897034, 2, 13, -0.4957342, 315.6636
6488, 276.20960976489, 114.326866727163, -124.553123432211, 3, 13, -0.8172169, 323.8454
6489, 280.100928999074, 113.124656239738, -125.864293326783, 4, 13, -0.471983, 327.2545
6490, 281.649417638009, 110.941204811837, -126.126515568433, 5, 13, -0.4406672, 327.9363
6491, 281.418428873763, 108.062640349435, -125.602059347869, 6, 13, -0.6116495, 326.5727
6492, 292.948096848408, 109.607275636314, -130.322224019267, 7, 13, -0.5034323, 338.8454
6493, 319.899255258617, 116.563443453729, -141.860425193379, 8, 13, -0.6168518, 368.8454
6494, 317.331287686438, 112.544562561699, -140.287044794423, 9, 13, -0.2274704, 364.7545
6495, 319.477750028927, 110.220680794743, -140.811501014987, 10, 13, -0.49053, 366.1182
6496, 320.414235381385, 107.467897547893, -140.811501014987, 11, 13, -0.7186346, 366.1182
6497, 338.082317674703, 110.167022253497, -148.153993738264, 12, 13, -0.492815, 385.2091
6498, 339.017652754729, 107.254172120134, -148.153993738264, 13, 13, -0.3965158, 385.2091
6499, 342.334567292878, 105.072058473046, -149.202917916656, 14, 13, -0.9038601, 387.9363
6500, 343.22590923864, 102.122811666512, -149.202917916656, 15, 13, -0.7494736, 387.9363
6501, 341.672814176195, 98.4688497415327, -148.153993738264, 16, 13, -0.6158266, 385.2091
6502, 343.719850924003, 95.8637031237553, -148.678461696093, 17, 13, -0.6017942, 386.5727
6503, 427.174843968012, 115.187507675385, -184.34198939682, 18, 13, -1.379775, 479.3
6504, 384.29804596625, 100.087064942315, -165.461295499432, 19, 13, -1.171084, 430.2091
6505, 385.144945132783, 96.7769597626962, -165.461295499432, 20, 13, -0.8414927, 430.2091
6506, 433.675562734413, 105.013042374655, -185.915381533042, 21, 13, -1.090889, 483.3909
6507, 470.726877225166, 109.706162063848, -201.387057179074, 22, 13, -1.919115, 523.6182
6508, 471.653337629128, 105.652089616058, -201.387057179074, 23, 13, -1.679623, 523.6182
6509, 507.002483934063, 108.998073214432, -216.072042625628, 24, 13, -1.35907, 561.8
6510, 508.537944039276, 104.758906700021, -216.334276604542, 25, 13, -1.555552, 562.4818
6511, 509.420440046045, 100.379700756531, -216.334276604542, 26, 13, -1.539571, 562.4818
6512, 537.480251215212, 101.112859769383, -227.872477778654, 27, 13, -1.402998, 592.4818
6513, 538.94981291749, 96.5958106499602, -228.134711757569, 28, 13, -1.253551, 593.1636
6514, 539.76095013372, 91.9552510173531, -228.134711757569, 29, 13, -1.057344, 593.1636
6515, 543.638702546792, 87.8096642622476, -229.44585817761, 30, 13, -1.197826, 596.5727
6516, 548.729233490878, 83.7941462619082, -231.281496030011, 31, 13, -1.148424, 601.3455
6517, 559.397119112812, 80.5043348205696, -235.47719274358, 32, 13, -1.030033, 612.2545
6518, 560.06905263308, 75.6884474626102, -235.47719274358, 33, 13, -1.18367, 612.2545
6519, 560.699526637949, 70.8669572127604, -235.47719274358, 34, 13, -1.264925, 612.2545
6520, 569.414303582624, 66.9962894522387, -238.886210994937, 35, 13, -1.253065, 621.1182
6521, 566.841321806408, 61.7539049005359, -237.575064574896, 36, 13, -1.163671, 617.7091
6522, 577.997614808735, 57.9418770281471, -242.03299526738, 37, 13, -0.797821, 629.3
6523, 578.47473833904, 52.9667909327201, -242.03299526738, 38, 13, -1.091747, 629.3
6524, 580.163493788971, 48.091769981963, -242.557463225208, 39, 13, -0.9608307, 630.6636
6525, 583.693988621089, 43.3313826469626, -243.86860964525, 40, 13, -0.9594707, 634.0727
6526, 587.18534011136, 38.5137908587826, -245.179779539822, 41, 13, -1.105974, 637.4818
6527, 588.75168917891, 33.5319506672337, -245.704247497651, 42, 13, -0.9857254, 638.8455
6528, 597.190720981836, 28.8601831810604, -249.113265749007, 43, 13, -0.9164391, 647.7091
6529, 601.190162521416, 23.8708612637463, -250.686646147963, 44, 13, -0.9034061, 651.8
6530, 600.115140977359, 18.6583760659391, -250.162178190135, 45, 13, -0.7596722, 650.4363
6531, 600.253460825634, 13.4944505090831, -250.162178190135, 46, 13, -0.9369049, 650.4363
6532, 607.899101910219, 8.43430293153074, -253.308962462577, 47, 13, -0.7996197, 658.6182
6533, 607.949168379496, 3.2037846167583, -253.308962462577, 48, 13, -0.8361236, 658.6182
6534, 608.583605691956, -2.02906924905953, -253.571196441491, 49, 13, -1.00909, 659.3
6535, 616.724900156541, -7.36276164473441, -256.980214692848, 50, 13, -0.5214844, 668.1636
6536, 617.897216980963, -12.6944854042021, -257.504682650677, 51, 13, -0.3897972, 669.5273
6537, 617.765126778993, -18.0102428698693, -257.504682650677, 52, 13, -0.625618, 669.5273
6538, 628.279000598389, -23.7284646233654, -261.962613343161, 53, 13, -0.5747147, 681.1182
6539, 623.022031421087, -28.8998319552507, -259.864764986376, 54, 13, -1.037203, 675.6636
6540, 622.750324938262, -34.2590821883593, -259.864764986376, 55, 13, -0.8417683, 675.6636
6541, 631.85401596854, -40.2154438761213, -263.798227721031, 56, 13, -0.8319111, 685.8909
6542, 627.090501486971, -45.3326104599205, -261.962613343161, 57, 13, -0.7141304, 681.1182
6543, 627.304587488546, -50.7770353332326, -262.224847322075, 58, 13, -0.9085379, 681.8
6544, 631.859371204503, -56.6217110246454, -264.32269567886, 59, 13, -1.182996, 687.2545
6545, 632.601545401365, -62.1791005580945, -264.847163636689, 60, 13, -1.675671, 688.6182
6546, 632.668965098322, -67.6864910354878, -265.109397615603, 61, 13, -0.008267403, 689.3
6547, 641.441251236588, -74.2123112272773, -269.042883824789, 62, 13, -2.35981, 699.5273
6548, 645.775448268416, -80.3500363698361, -271.140732181573, 63, 13, -4.316073, 704.9818
6549, 645.060235407902, -85.9031467782771, -271.140732181573, 64, 13, -10.70952, 704.9818
6550, 622.487796848481, -88.3543173875334, -261.962613343161, 65, 13, -1.007617, 681.1182
6551, 629.172706655167, -94.8324083185206, -265.109397615603, 66, 13, -0.04810715, 689.3
6552, 633.305598107047, -101.035367294815, -267.207245972388, 67, 13, 0.2103481, 694.7545
6553, 629.30971916273, -105.957941035541, -265.896099552346, 68, 13, 0.2481556, 691.3455
6554, 635.191660273283, -112.576607387064, -268.780649845874, 69, 13, -0.05807304, 698.8455
6555, 635.437074927731, -118.267789701871, -269.305117803703, 70, 13, -0.1383395, 700.2091
6556, 634.396010209097, -123.730547984143, -269.305117803703, 71, 13, 0.04335713, 700.2091
6557, 639.474720957651, -130.442057378359, -271.927434118317, 72, 13, -0.8008314, 707.0273
6558, 639.55985569158, -136.201278687192, -272.451878601615, 73, 13, -0.6860826, 708.3909
6559, 637.749974848183, -141.5624721029, -272.189668097231, 74, 13, -0.2660151, 707.7091
6560, 644.480248034941, -148.885899545199, -275.598662874057, 75, 13, -0.4858241, 716.5727
6561, 642.563432599466, -154.278392940104, -275.336428895143, 76, 13, -0.8055248, 715.8909
6562, 644.265772596714, -160.562115030939, -276.647598789715, 77, 13, -0.6142874, 719.3
6563, 647.73537162887, -167.358816231093, -278.7454471465, 78, 13, -0.1892738, 724.7545
6564, 646.271485260823, -172.925568867744, -278.7454471465, 79, 13, -0.2278481, 724.7545
6565, 653.251648269983, -180.830207704452, -282.416699376771, 80, 13, -1.056633, 734.3
6566, 644.410503042919, -184.366499850402, -279.269915104329, 81, 13, -1.043236, 726.1182
6567, 652.457772010416, -192.757113532784, -283.465635292428, 82, 13, -1.291901, 737.0273
6568, 659.805561874112, -201.116114607061, -287.399098027084, 83, 13, -0.6721916, 747.2545
6569, 661.653374654923, -207.917540600879, -288.97250190057, 84, 13, -0.881464, 751.3455
6570, 653.253432209168, -211.470338591265, -286.087951607042, 85, 13, -0.7340918, 743.8455
6571, 638.870921858274, -212.904335724058, -280.581084998901, 86, 13, -0.9440424, 729.5273
6572, 637.610863022003, -218.597247643981, -280.843318977815, 87, 13, -0.975544, 730.2091
6573, 652.920259656445, -230.142529447959, -288.448033942741, 88, 13, -0.6327527, 749.9818
6574, 640.264414715393, -231.893728203762, -283.727869271343, 89, 13, -0.9282627, 737.7091
6575, 631.166875101634, -234.760913996734, -280.581084998901, 90, 13, -0.3773375, 729.5273
6576, 629.711677318942, -240.407098001185, -280.843318977815, 91, 13, -0.4026108, 730.2091
6577, 627.619969597366, -245.816075722864, -280.843318977815, 92, 13, -0.7237625, 730.2091
6578, 624.313730047366, -250.737734135339, -280.318851019986, 93, 13, -0.6378784, 728.8455
6579, 622.133340006521, -256.099886952942, -280.318851019986, 94, 13, -0.559639, 728.8455
6580, 636.724228332626, -268.53571972656, -287.923565984912, 95, 13, -0.07818413, 748.6182
6581, 633.812462048075, -273.75443413827, -287.661332005998, 96, 13, 0.0453558, 747.9363
6582, 63.8778605913457, -28.2445119230614, -29.1007444384559, 97, 13, -0.3386107, 75.66364
6583, 64.2058894486832, -29.0525134613156, -29.362975483054, 98, 13, -0.4047976, 76.34546
6584, 63.953552717689, -29.6038489575634, -29.362975483054, 99, 13, -0.1336527, 76.34546
6585, 63.6964817788481, -30.1529930075495, -29.362975483054, 100, 13, -0.4529829, 76.34546
6586, 63.434695662022, -30.6999049604896, -29.362975483054, 101, 13, -0.4325621, 76.34546
6587, 63.1682137461169, -31.2445443308322, -29.362975483054, 102, 13, -0.410549, 76.34546
6588, 63.4587686073219, -32.0707488550829, -29.6252065276521, 103, 13, -0.4658809, 77.02728
6589, 62.0619921233242, -32.0381438473548, -29.1007444384559, 104, 13, -0.4934888, 75.66364
6590, 62.8975372417344, -33.1579259636073, -29.6252065276521, 105, 13, -0.4582119, 77.02728
6591, 62.6099270326876, -33.6978527838935, -29.6252065276521, 106, 13, -0.4548984, 77.02728
6592, 62.8692944649902, -34.5383228005445, -29.8874375722502, 107, 13, -0.652199, 77.70909
6593, 62.5698087250854, -35.0779555348724, -29.8874375722502, 108, 13, -0.6099079, 77.70909
6594, 62.2656912099805, -35.6149915982527, -29.8874375722502, 109, 13, -0.5899842, 77.70909
6595, 63.0441858016787, -36.7837410789704, -30.4119025957627, 110, 13, -0.3824642, 79.07273
6596, 63.2662332396902, -37.6466338900788, -30.6741336403608, 111, 13, -0.4744658, 79.75455
6597, 63.4780593198633, -38.5160466968959, -30.9363646849589, 112, 13, -0.6873679, 80.43636
6598, 63.6795744824213, -39.3918708531897, -31.1985986638733, 113, 13, -0.682507, 81.11819
6599, 63.3383000836736, -39.9382953828418, -31.1985986638733, 114, 13, -0.5949364, 81.11819
6600, 62.4628667285176, -40.1415015691865, -30.9363646849589, 115, 13, -0.7858341, 80.43636
6601, 64.221268635884, -42.0566412511381, -31.9852947319839, 116, 13, -0.4336996, 83.16364
6602, 60.7158481922023, -40.5117112630751, -30.4119025957627, 117, 13, -0.5447247, 79.07273
6603, 60.3650486731283, -41.0325952122477, -30.4119025957627, 118, 13, -0.5252593, 79.07273
6604, 60.0097805878066, -41.5504416939776, -30.4119025957627, 119, 13, -0.9663217, 79.07273
6605, 60.6787530135351, -42.7906391737254, -30.9363646849589, 120, 13, -0.7481425, 80.43636
6606, 61.3307566031753, -44.0453741930321, -31.4608297084714, 121, 13, -0.5927691, 81.8
6607, 60.4415075169899, -44.1999079710612, -31.1985986638733, 122, 13, -0.7216048, 81.11819
6608, 60.5637947750794, -45.0941621029177, -31.4608297084714, 123, 13, -0.5014317, 81.8
6609, 56.6626688966784, -42.952185029272, -29.6252065276521, 124, 13, -0.5372496, 77.02728
6610, 57.7858278352209, -44.5916031620252, -30.4119025957627, 125, 13, -0.7667606, 79.07273
6611, 57.4000344333204, -45.0871269678492, -30.4119025957627, 126, 13, -0.6514368, 79.07273
6612, 57.0099919524889, -45.5793131665942, -30.4119025957627, 127, 13, -0.857311, 79.07273
6613, 58.5684441033178, -47.6570461593948, -31.4608297084714, 128, 13, -0.4265587, 81.8
6614, 56.2172755591402, -46.5535272548603, -30.4119025957627, 129, 13, -0.5257878, 79.07273
6615, 55.3333903175215, -46.6299127476003, -30.1496715511646, 130, 13, -0.5128248, 78.39091
6616, 54.9301506005686, -47.1042609737045, -30.1496715511646, 131, 13, -0.6376626, 78.39091
6617, 54.9970648141225, -47.9889136467219, -30.4119025957627, 132, 13, -0.5348921, 79.07273
6618, 55.0527875230822, -48.8781740404741, -30.6741336403608, 133, 13, -0.5443854, 79.75455
6619, 55.0972446583957, -49.7719147635134, -30.9363646849589, 134, 13, -0.438648, 80.43636
6620, 54.6669807118009, -50.2441149591586, -30.9363646849589, 135, 13, -0.6525342, 80.43636
6621, 25.271395272379, -23.6311074789184, -14.4157589919018, 136, 13, -0.6238799, 37.48182
6622, 15.035422788171, -14.3039698137092, -8.64665840484587, 137, 13, -0.1831726, 22.48182
6623, 14.911798639437, -14.4328012591956, -8.64665840484587, 138, 13, -0.2272646, 22.48182
6624, 14.3386140751969, -14.1189771436069, -8.38442589308963, 139, 13, -0.2102138, 21.8
6625, 14.2166073462788, -14.2418202748406, -8.38442589308963, 140, 13, -0.3250552, 21.8
6626, 13.2119670009962, -13.4651350419608, -7.85996233673528, 141, 13, -0.3642883, 20.43636
6627, 260.5443440932, 113.132477729521, -121.256694366386, 1, 12, -0.6960402, 308.8454
6628, 261.508063084872, 110.886634441554, -121.256694366386, 2, 12, -0.1829886, 308.8454
6629, 271.722836612065, 112.4697310659, -125.53975490188, 3, 12, -0.3795829, 319.7545
6630, 272.680439755426, 110.12773545901, -125.53975490188, 4, 12, -0.1548834, 319.7545
6631, 280.61911756118, 110.535371443532, -128.752032331109, 5, 12, -0.7590609, 327.9363
6632, 280.388973775572, 107.667337040846, -128.216658750368, 6, 12, -1.054603, 326.5727
6633, 291.876465139665, 109.206321906474, -133.035080885009, 7, 12, -0.1496096, 338.8454
6634, 292.805244813957, 106.691050497241, -133.035080885009, 8, 12, -0.238224, 338.8454
6635, 296.66738480553, 105.215912659244, -134.373544790847, 9, 12, -0.5152483, 342.2545
6636, 298.154416786558, 102.864073623901, -134.641225590421, 10, 12, -0.4344053, 342.9363
6637, 299.622923289614, 100.494428984284, -134.908918371588, 11, 12, -0.616992, 343.6182
6638, 336.845580738422, 109.764020917852, -151.238046225278, 12, 12, -0.4273996, 385.2091
6639, 337.777494274698, 106.861826264416, -151.238046225278, 13, 12, -0.5332499, 385.2091
6640, 341.082275227298, 104.687694994416, -152.308805368355, 14, 12, -1.027581, 387.9363
6641, 336.561091050517, 100.139773806325, -149.899594301034, 15, 12, -0.2579527, 381.8
6642, 340.422942865797, 98.108641421896, -151.238046225278, 16, 12, -0.6243496, 385.2091
6643, 341.254444132784, 95.1760994718937, -151.238046225278, 17, 12, -0.8131647, 385.2091
6644, 342.060683793521, 92.2365120425116, -151.238046225278, 18, 12, -0.5010848, 385.2091
6645, 382.892247546338, 99.7209370391776, -168.905626003213, 19, 12, -0.9061975, 430.2091
6646, 383.736048676015, 96.4229405358324, -168.905626003213, 20, 12, -0.6323967, 430.2091
6647, 432.089136711055, 104.628894782467, -189.78549519197, 21, 12, -1.136255, 483.3909
6648, 432.97334371806, 100.907439352647, -189.78549519197, 22, 12, -1.423865, 483.3909
6649, 433.825499561148, 97.1785141768808, -189.78549519197, 23, 12, -1.013595, 483.3909
6650, 473.268543157387, 101.74577236167, -206.650008607996, 24, 12, -1.994256, 526.3455
6651, 474.740599961808, 97.7966478235301, -206.917701389163, 25, 12, -2.280283, 527.0273
6652, 494.021642944782, 97.3454160605824, -214.948412934627, 26, 12, -1.488049, 547.4818
6653, 505.317299104722, 95.0622410551802, -219.4991422881, 27, 12, -1.535294, 559.0727
6654, 536.361043417742, 96.1318262818046, -232.615992712561, 28, 12, -1.111122, 592.4818
6655, 537.168284450625, 91.5135569236364, -232.615992712561, 29, 12, -1.265862, 592.4818
6656, 538.554813749152, 86.9885038732317, -232.883685493729, 30, 12, -1.123064, 593.1636
6657, 540.523086642789, 82.5410198978161, -233.419071056064, 31, 12, -1.322044, 594.5273
6658, 545.557956156262, 78.5127038839329, -235.292896561049, 32, 12, -1.252338, 599.3
6659, 558.020267328296, 75.4115719984611, -240.379011476858, 33, 12, -1.702026, 612.2545
6660, 558.648434999919, 70.6077192137143, -240.379011476858, 34, 12, -1.253368, 612.2545
6661, 559.858028310825, 65.8719148445646, -240.646704258025, 35, 12, -0.822607, 612.9363
6662, 560.404051226826, 61.0526035311796, -240.646704258025, 36, 12, -1.226097, 612.9363
6663, 565.276230208557, 56.6666106892451, -242.520553726199, 37, 12, -1.132217, 617.7091
6664, 573.236304900316, 52.4871450806635, -245.732819173834, 38, 12, -1.36619, 625.8909
6665, 574.291606071343, 47.6050287848707, -246.000511955001, 39, 12, -0.9931488, 626.5727
6666, 575.305286288405, 42.7086349781923, -246.268204736169, 40, 12, -1.415152, 627.2545
6667, 584.411629522876, 38.3318617433734, -250.015879709328, 41, 12, -1.212404, 636.8
6668, 578.45923914168, 32.9457511993821, -247.33897586084, 42, 12, -0.830328, 629.9818
6669, 578.721285405233, 27.9676185860928, -247.33897586084, 43, 12, -1.010775, 629.9818
6670, 581.44682005696, 23.0869319544657, -248.409746985511, 44, 12, -1.417084, 632.7091
6671, 587.264834124691, 18.2588429739573, -250.818958052831, 45, 12, -0.9623775, 638.8455
6672, 592.415475903226, 13.3182427793002, -252.960476338984, 46, 12, -1.006178, 644.3
6673, 598.77823492833, 8.30775535993257, -255.637380187472, 47, 12, -0.7755661, 651.1182
6674, 605.72523310513, 3.19206487110971, -258.581976817127, 48, 12, -0.9051361, 658.6182
6675, 605.103204772763, -2.01746529783001, -258.31428403596, 49, 12, -1.13908, 657.9363
6676, 610.079643966255, -7.28342734611139, -260.455802322112, 50, 12, -0.4531937, 663.3909
6677, 615.009947213669, -12.6351674417456, -262.597344571454, 51, 12, -0.6400318, 668.8455
6678, 615.505283804983, -17.9443597064381, -262.865037352621, 52, 12, -0.9819927, 669.5273
6679, 615.328113579027, -23.2393432868454, -262.865037352621, 53, 12, -0.6614628, 669.5273
6680, 617.610946515552, -28.6488304872788, -263.935784514103, 54, 12, -1.239212, 672.2545
6681, 620.47224564021, -34.1337592414603, -265.274248419942, 55, 12, -1.213978, 675.6636
6682, 620.155602179963, -39.4708780567002, -265.274248419942, 56, 12, -1.186262, 675.6636
6683, 624.796545414634, -45.1667795044319, -267.415766706094, 57, 12, -0.5315247, 681.1182
6684, 625.009848269466, -50.5912881591616, -267.683459487262, 58, 12, -0.6109257, 681.8
6685, 628.29882377866, -56.3026459025261, -269.289592211079, 59, 12, -1.525194, 685.8909
6686, 630.287429411723, -61.9516435563387, -270.36036333575, 60, 12, -1.970236, 688.6182
6687, 629.7310848049, -67.3721800464651, -270.36036333575, 61, 12, -0.08052921, 688.6182
6688, 612.932298146765, -70.9139338694334, -263.400398951768, 62, 12, -1.716901, 670.8909
6689, 613.544041764187, -76.339672253625, -263.935784514103, 63, 12, -1.054393, 672.2545
6690, 614.107702717373, -81.7811751965184, -264.471170076439, 64, 12, 0.07634521, 673.6182
6691, 620.831531053482, -88.1192312790662, -267.683459487262, 65, 12, -1.08855, 681.8
6692, 619.430325311983, -93.3639824383784, -267.415766706094, 66, 12, -1.635237, 681.1182
6693, 626.654247567738, -99.9742340176826, -270.895748898085, 67, 12, -0.3196297, 689.9818
6694, 625.77090093302, -105.362104229114, -270.895748898085, 68, 12, -0.5620384, 689.9818
6695, 626.076137851037, -110.961040538444, -271.431134460421, 69, 12, 0.2924709, 691.3455
6696, 625.098284981331, -116.343530190743, -271.431134460421, 70, 12, 0.08724976, 691.3455
6697, 629.61341413399, -122.797765899078, -273.840345527741, 71, 12, -0.6299915, 697.4818
6698, 630.991283660404, -128.711579255571, -274.911116652412, 72, 12, -0.2781472, 700.2091
6699, 629.860527837823, -134.135700548834, -274.911116652412, 73, 12, -0.5615256, 700.2091
6700, 632.968322115828, -140.501080322068, -276.784942157397, 74, 12, -0.8507805, 704.9818
6701, 634.179995476694, -146.506366002699, -277.855713282067, 75, 12, -0.5961885, 707.7091
6702, 635.94470046658, -152.689246553993, -279.194153224717, 76, 12, -0.9697771, 711.1182
6703, 641.908987766226, -159.974763703038, -282.40644263554, 77, 12, -0.6742392, 719.3
6704, 641.723122897963, -165.805399705512, -282.941828197876, 78, 12, -0.8512001, 720.6636
6705, 644.513128897663, -172.455078089013, -284.815653702861, 79, 12, -0.809413, 725.4363
6706, 643.005514879373, -177.993918758073, -284.815653702861, 80, 12, -1.29166, 725.4363
6707, 642.053188774838, -183.692069842509, -285.083346484028, 81, 12, -1.21553, 726.1182
6708, 640.448985644661, -189.209329911842, -285.083346484028, 82, 12, -1.042187, 726.1182
6709, 629.799981688734, -191.970078180401, -281.067978729702, 83, 12, -1.456882, 715.8909
6710, 629.919713420194, -197.945574839157, -281.871057073205, 84, 12, -1.212635, 717.9363
6711, 636.545600296967, -206.061701303818, -285.618732046364, 85, 12, -1.099949, 727.4818
6712, 636.533871899517, -212.125511626734, -286.421810389867, 86, 12, -1.090479, 729.5273
6713, 635.278422477058, -217.797598339072, -286.689503171034, 87, 12, -1.266588, 730.2091
6714, 632.789623267595, -223.046845848916, -286.421810389867, 88, 12, -0.8668458, 729.5273
6715, 630.847164727369, -228.482947971472, -286.421810389867, 89, 12, -0.8541842, 729.5273
6716, 628.85800727097, -233.902136479082, -286.421810389867, 90, 12, -0.5605316, 729.5273
6717, 626.822298147213, -239.304010212408, -286.421810389867, 91, 12, -0.3357239, 729.5273
6718, 625.907913042515, -245.145525000905, -286.957171989013, 92, 12, -0.5636139, 730.8909
6719, 622.611831111833, -250.054215157164, -286.421810389867, 93, 12, -0.6050282, 729.5273
6720, 619.857517697416, -255.163049463923, -286.154117608699, 94, 12, -0.6677141, 728.8455
6721, 619.950334609096, -261.461401798592, -287.224864770181, 95, 12, -1.991061, 731.5727
6722, 64.4596208186172, -27.8412118388255, -29.9742108286543, 96, 12, -0.2493987, 76.34546
6723, 63.6441893655114, -28.1411908402472, -29.7065210428852, 97, 12, -0.4429126, 75.66364
6724, 63.3997142080086, -28.6877273453846, -29.7065210428852, 98, 12, -0.4435396, 75.66364
6725, 64.2886633649119, -29.758970363066, -30.2419006144234, 99, 12, -0.09520626, 77.02728
6726, 64.0302453983448, -30.3109918766204, -30.2419006144234, 100, 12, -0.3708878, 77.02728
6727, 62.6382036037144, -30.3144340405673, -29.7065210428852, 101, 12, -0.2578267, 75.66364
6728, 62.3750676600329, -30.8522348672929, -29.7065210428852, 102, 12, -0.521858, 75.66364
6729, 62.1073143569991, -31.3877518350897, -29.7065210428852, 103, 12, -0.4892918, 75.66364
6730, 61.8349635152443, -31.9209453019283, -29.7065210428852, 104, 12, -0.4613359, 75.66364
6731, 61.003320671033, -32.1593448495493, -29.4388282617175, 105, 12, -0.7738013, 74.98182
6732, 62.9330659415691, -33.8717722866994, -30.5095904001925, 106, 12, -0.2109422, 77.70909
6733, 63.1889133551387, -34.7139109075058, -30.7772831813601, 107, 12, -0.6705791, 78.39091
6734, 61.7939460020186, -34.6429905149139, -30.2419006144234, 108, 12, -0.3588798, 77.02728
6735, 60.9492816084908, -34.8620261049635, -29.9742108286543, 109, 12, -0.2988403, 76.34546
6736, 62.2719451612972, -36.3331697946363, -30.7772831813601, 110, 12, -0.3699536, 78.39091
6737, 61.418152967671, -36.5469319189404, -30.5095904001925, 111, 12, -0.2664292, 77.70909
6738, 61.1014393869968, -37.074005063994, -30.5095904001925, 112, 12, 0.05543303, 77.70909
6739, 61.3134914841449, -37.9282235745515, -30.7772831813601, 113, 12, -0.09362912, 78.39091
6740, 60.4544667711202, -38.1198792504308, -30.5095904001925, 114, 12, -0.5060031, 77.70909
6741, 60.124255628532, -38.6386028702234, -30.5095904001925, 115, 12, -0.4729407, 77.70909
6742, 60.8387820737264, -39.8415491655549, -31.0449729671292, 116, 12, -0.471478, 79.07273
6743, 60.4937439053133, -40.3635156105618, -31.0449729671292, 117, 12, -0.2864141, 79.07273
6744, 60.1442276438952, -40.8824941172259, -31.0449729671292, 118, 12, -0.4517114, 79.07273
6745, 59.7902591626652, -41.3984462677892, -31.0449729671292, 119, 12, -0.6848769, 79.07273
6746, 59.4318646643954, -41.9113338685215, -31.0449729671292, 120, 12, -0.3610518, 79.07273
6747, 61.1064029234475, -43.8842520689545, -32.1157351056041, 121, 12, -0.601397, 81.8
6748, 57.1834013340023, -41.8173070174447, -30.2419006144234, 122, 12, -0.4540005, 77.02728
6749, 56.8214995537922, -42.307750386604, -30.2419006144234, 123, 12, -0.2487147, 77.02728
6750, 56.4553915211127, -42.7950618940396, -30.2419006144234, 124, 12, -0.4651909, 77.02728
6751, 56.0851043373748, -43.2792054661657, -30.2419006144234, 125, 12, -0.5022492, 77.02728
6752, 55.7106654133543, -43.7601452639053, -30.2419006144234, 126, 12, -0.5051892, 77.02728
6753, 55.82188116343, -44.6294222461349, -30.5095904001925, 127, 12, -0.5309842, 77.70909
6754, 55.9222320548906, -45.5038277894997, -30.7772831813601, 128, 12, -0.6747053, 78.39091
6755, 55.5286590860071, -45.9832839367468, -30.7772831813601, 129, 12, -0.7564158, 78.39091
6756, 55.1309755681019, -46.4593361382492, -30.7772831813601, 130, 12, -0.5563486, 78.39091
6757, 54.729210939984, -46.9319491538995, -30.7772831813601, 131, 12, -0.5164931, 78.39091
6758, 54.7958803750472, -47.813365684181, -31.0449729671292, 132, 12, -0.8133142, 79.07273
6759, 54.8513992450932, -48.6993730797211, -31.3126627528983, 133, 12, -0.5503666, 79.75455
6760, 54.4303722682881, -49.1694977830571, -31.3126627528983, 134, 12, -0.05282307, 79.75455
6761, 13.8383615024186, -12.7187603398009, -8.02357950142188, 135, 12, -0.4087417, 20.43636
6762, 13.7284203913353, -12.8373512537315, -8.02357950142188, 136, 12, -0.04444776, 20.43636
6763, 13.1631451277675, -12.5227759281363, -7.7558897156528, 137, 12, -0.01944822, 19.75455
6764, 14.8572498766072, -14.3800047138631, -8.82665185412772, 138, 12, -0.4769165, 22.48182
6765, 14.7329781380107, -14.507300391581, -8.82665185412772, 139, 12, -0.2369223, 22.48182
6766, 12.3925501300064, -12.4145281219081, -7.48819843218442, 140, 12, -0.1689273, 19.07273
6767, 11.846103138837, -12.0730984624326, -7.22050864641533, 141, 12, -0.1000254, 18.39091
6768, 248.680488500856, 107.981003867141, -118.530763700235, 1, 11, -0.1317463, 295.8909
6769, 260.528185574978, 110.471139339968, -123.720210874288, 2, 11, 0.2930799, 308.8454
6770, 261.469007699775, 108.225533579446, -123.720210874288, 3, 11, -0.3094358, 308.8454
6771, 266.445319443661, 107.609550873181, -125.632118255527, 4, 11, -0.2622113, 313.6182
6772, 268.523819556164, 105.771055065789, -126.178381000173, 5, 11, -0.2331696, 314.9818
6773, 270.007114485865, 103.680778196524, -126.451512372495, 6, 11, -0.2911448, 315.6636
6774, 271.474249324074, 101.572780959976, -126.724631519799, 7, 11, -0.1288905, 316.3454
6775, 285.251433012786, 103.93862672547, -132.73347281082, 8, 11, -0.504828, 331.3454
6776, 286.135136015976, 101.480550346081, -132.73347281082, 9, 11, -0.2204103, 331.3454
6777, 293.493846372241, 101.256164328461, -135.73789345633, 10, 11, -0.01736212, 338.8454
6778, 298.500228407794, 100.117873746677, -137.649800837569, 11, 11, -0.3886814, 343.6182
6779, 310.042233491162, 101.029920379952, -142.566128864319, 12, 11, -0.4936504, 355.8909
6780, 317.451860463706, 100.431456018203, -145.570549509829, 13, 11, -0.4569349, 363.3909
6781, 334.429229202427, 102.645688992869, -152.945035437444, 14, 11, -0.3917785, 381.8
6782, 335.299987893944, 99.7645474708877, -152.945035437444, 15, 11, -0.31111, 381.8
6783, 333.144482274163, 96.0110158204116, -151.57939080085, 16, 11, -0.4690747, 378.3909
6784, 333.356445189719, 92.9733421277531, -151.306259428527, 17, 11, -0.1449423, 377.7091
6785, 334.144025225364, 90.1017885622795, -151.306259428527, 18, 11, -0.4995198, 377.7091
6786, 335.511429088692, 87.3810172717818, -151.57939080085, 19, 11, -0.5126972, 378.3909
6787, 341.097891258871, 85.7090747643582, -153.764417329393, 20, 11, -0.509017, 383.8454
6788, 344.251400210105, 83.3592897184693, -154.856942818683, 21, 11, -0.733572, 386.5727
6789, 344.955860179995, 80.3943546305693, -154.856942818683, 22, 11, -0.56635, 386.5727
6790, 404.157697810384, 90.5328170107392, -181.077334511309, 23, 11, -1.014758, 452.0273
6791, 471.495193624262, 101.3645283079, -210.84842181911, 24, 11, -1.751266, 526.3455
6792, 448.486796089422, 92.3883595677072, -200.196383873662, 25, 11, -1.450824, 499.7545
6793, 484.815304869607, 95.5313360033196, -216.037868993163, 26, 11, -1.515427, 539.3
6794, 485.619287295177, 91.3565750305568, -216.037868993163, 27, 11, -1.527618, 539.3
6795, 486.387321402901, 87.1750513214647, -216.037868993163, 28, 11, -1.524742, 539.3
6796, 535.77135395788, 91.2755717672771, -237.615076256381, 29, 11, -1.306295, 593.1636
6797, 536.5368348631, 86.6625556880815, -237.615076256381, 30, 11, -2.78554, 593.1636
6798, 539.115299759409, 82.3260426507301, -238.434470373349, 31, 11, -1.241302, 595.2091
6799, 539.803657469307, 77.6845873772071, -238.434470373349, 32, 11, -1.52256, 595.2091
6800, 549.738421774712, 74.2923528073116, -242.531392058112, 33, 11, -1.190901, 605.4363
6801, 552.83644801588, 69.8731406857303, -243.623917547402, 34, 11, -1.223614, 608.1636
6802, 557.139779306449, 65.5520904285732, -245.2626813313, 35, 11, -0.9702072, 612.2545
6803, 558.304202680006, 60.8238378387764, -245.535812703622, 36, 11, -0.949934, 612.9363
6804, 558.185240088896, 55.9557681753755, -245.2626813313, 37, 11, -0.9279175, 612.2545
6805, 563.62299935893, 51.6069235065201, -247.44773230988, 38, 11, -1.049805, 617.7091
6806, 569.026821873488, 47.1686125102197, -249.632758838423, 39, 11, -1.026339, 623.1636
6807, 572.526590571318, 42.5023544104225, -250.998391249998, 40, 11, -0.754303, 626.5727
6808, 572.871078953476, 37.5749110488265, -250.998391249998, 41, 11, -1.05537, 626.5727
6809, 576.291737336426, 32.8223026132621, -252.364048111611, 42, 11, -0.7584057, 629.9818
6810, 577.176799692555, 27.8929788788396, -252.637179483934, 43, 11, -0.9364166, 630.6636
6811, 579.268123708358, 23.0004246203218, -253.456573600901, 44, 11, -0.932373, 632.7091
6812, 579.444573023476, 18.0157006790926, -253.456573600901, 45, 11, -0.7290611, 632.7091
6813, 590.82024812778, 13.2823800585141, -258.372889402632, 46, 11, -0.7759724, 644.9818
6814, 594.66059901626, 8.2506251741254, -260.011653186529, 47, 11, -0.8397331, 649.0727
6815, 595.33429271251, 3.13730645261846, -260.284784558852, 48, 11, -0.9312992, 649.7545
6816, 598.462864008593, -1.99532583971474, -261.650441420465, 49, 11, -0.6916294, 653.1636
6817, 611.541749922902, -7.30088267774371, -267.386151339163, 50, 11, -0.6907616, 667.4818
6818, 612.080894534239, -12.5749910637569, -267.659282711486, 51, 11, -0.8843517, 668.1636
6819, 613.198969507419, -17.8771217241811, -268.205545456131, 52, 11, -0.806818, 669.5273
6820, 606.155426365958, -22.8929147354706, -265.20112481062, 53, 11, -1.199549, 662.0273
6821, 612.176522158517, -28.3967463830721, -267.932414083808, 54, 11, -1.667986, 668.8455
6822, 618.14732000754, -34.0058591583261, -270.663703356996, 55, 11, -1.506676, 675.6636
6823, 617.208398318582, -39.2832981593133, -270.390571984674, 56, 11, -1.123829, 674.9818
6824, 619.963015660224, -44.8173618031854, -271.756204396249, 57, 11, -1.334513, 678.3909
6825, 619.554472103742, -50.1497039051199, -271.756204396249, 58, 11, 1.082628, 678.3909
6826, 618.477888383878, -55.4225795598286, -271.483097473964, 59, 11, 3.825289, 677.7091
6827, 604.300203695782, -59.3973306041119, -265.474256182943, 60, 11, -0.7720423, 662.7091
6828, 603.766797596374, -64.5943742896905, -265.474256182943, 61, 11, -0.9184108, 662.7091
6829, 610.01509388207, -70.5764244398672, -268.478676828453, 62, 11, -1.828973, 670.2091
6830, 610.005184590229, -75.8993530940819, -268.751783750738, 63, 11, -1.601733, 670.8909
6831, 610.56810670301, -81.3098045875933, -269.298046495383, 64, 11, -1.289388, 672.2545
6832, 616.64967877593, -87.525669918877, -272.302467140894, 65, 11, -1.081427, 679.7545
6833, 619.580298036971, -93.3865871612824, -273.941255374829, 66, 11, -0.9996777, 683.8455
6834, 619.37081623414, -98.8122607741866, -274.214386747152, 67, 11, -0.9225082, 684.5273
6835, 620.345846255858, -104.448678604031, -275.033756414082, 68, 11, -0.4971962, 686.5727
6836, 623.730214288588, -110.545266635279, -276.94567602034, 69, 11, 0.1074047, 691.3455
6837, 622.756025459002, -115.907587958941, -276.94567602034, 70, 11, -0.008208275, 691.3455
6838, 627.86740903085, -122.457230705417, -279.676965293528, 71, 11, -0.2475562, 698.1636
6839, 627.402700722196, -127.979568862992, -279.95009666585, 72, 11, -0.4104872, 698.8455
6840, 626.889399909268, -133.502966302913, -280.223228038173, 73, 11, -0.5887513, 699.5273
6841, 631.206455346869, -140.10999568833, -282.681385939038, 74, 11, -0.7741523, 705.6636
6842, 631.195011880318, -145.816784019032, -283.227648683683, 75, 11, -0.8051281, 707.0273
6843, 633.561799143492, -152.117115978224, -284.866412467581, 76, 11, -0.7578068, 711.1182
6844, 632.835757960158, -157.713558731754, -285.139543839903, 77, 11, -1.129646, 711.8
6845, 632.665133817527, -163.46503912566, -285.685806584548, 78, 11, -1.052316, 713.1636
6846, 611.923604880391, -163.734962613794, -276.94567602034, 79, 11, -0.9436493, 691.3455
6847, 622.53379622315, -172.327028905632, -282.408254566715, 80, 11, -0.953392, 704.9818
6848, 618.024958285652, -176.817568679087, -281.042597705103, 81, 11, -0.801383, 701.5727
6849, 617.079918061358, -182.305352050669, -281.315729077425, 82, 11, -0.7678909, 702.2545
6850, 627.44010478663, -191.250761307481, -286.778307623801, 83, 11, -1.222271, 715.8909
6851, 618.619602725011, -194.394635156449, -283.500780056006, 84, 11, -0.7275696, 707.7091
6852, 631.78300984738, -204.519961811475, -290.328991013956, 85, 11, -0.597146, 724.7545
6853, 61.0299427830728, -20.3382858460881, -28.1250190751088, 86, 11, -0.3247842, 70.20909
6854, 61.4436592599812, -21.0652226590798, -28.3981504474314, 87, 11, -0.310714, 70.89091
6855, 61.260145344573, -21.5930882759988, -28.3981504474314, 88, 11, -0.3120762, 70.89091
6856, 625.546428799161, -226.563104562461, -290.875253758602, 89, 11, -1.032468, 726.1182
6857, 627.087194891254, -233.243487318015, -292.514041992537, 90, 11, -0.5243416, 730.2091
6858, 61.8497165028882, -23.6125696762715, -28.9444070795671, 91, 11, -0.1876249, 72.25455
6859, 61.6442708453816, -24.1438346197463, -28.9444070795671, 92, 11, -0.01647639, 72.25455
6860, 61.4342619262837, -24.6733122984571, -28.9444070795671, 93, 11, -0.1830992, 72.25455
6861, 61.7973932356695, -25.4387675501775, -29.2175353956349, 94, 11, -0.2596462, 72.93636
6862, 61.5762373821456, -25.9695147250308, -29.2175353956349, 95, 11, -0.3415318, 72.93636
6863, 62.4975508430001, -26.9937602848136, -29.7637950840253, 96, 11, -0.3653712, 74.3
6864, 63.9770710434205, -28.2883792468975, -30.5831830884836, 97, 11, -0.347103, 76.34546
6865, 63.1621538308896, -28.5802336853265, -30.3100547724157, 98, 11, -0.161139, 75.66364
6866, 62.9139191041831, -29.1226066315695, -30.3100547724157, 99, 11, -0.2479086, 75.66364
6867, 60.4024239422385, -28.5936336812588, -29.2175353956349, 100, 11, -0.2097828, 72.93636
6868, 61.8411633415365, -29.9286978114709, -30.0369234000932, 101, 11, -0.201167, 74.98182
6869, 61.5813756730206, -30.4596553877954, -30.0369234000932, 102, 11, -0.1884069, 74.98182
6870, 61.3170293987738, -30.9883581661702, -30.0369234000932, 103, 11, -0.3451798, 74.98182
6871, 61.6032662996445, -31.8013366901443, -30.3100547724157, 104, 11, -0.5629662, 75.66364
6872, 60.7747396427877, -32.0388429484635, -30.0369234000932, 105, 11, -0.5038278, 74.98182
6873, 58.2964185012426, -31.3762405034829, -28.9444070795671, 106, 11, -0.657304, 72.25455
6874, 60.7619959622824, -33.3806423057497, -30.3100547724157, 107, 11, -0.3111969, 75.66364
6875, 60.472548602109, -33.9021872396222, -30.3100547724157, 108, 11, -0.2509124, 75.66364
6876, 59.094061953756, -33.8008697742087, -29.7637950840253, 109, 11, -0.3994361, 74.3
6877, 60.4198356823014, -35.2525385729152, -30.5831830884836, 110, 11, 0.08169508, 76.34546
6878, 59.577434739021, -35.4516107389005, -30.3100547724157, 111, 11, 0.561269, 75.66364
6879, 60.8724907053724, -36.9350878033354, -31.1294397206192, 112, 11, -0.5109744, 77.70909
6880, 61.6150328019186, -38.1147555472161, -31.6756994090097, 113, 11, -0.169968, 79.07273
6881, 59.6995050323765, -37.6438341894668, -30.8563114045514, 114, 11, -0.287187, 77.02728
6882, 59.898968479851, -38.4938230209155, -31.1294397206192, 115, 11, -0.614579, 77.70909
6883, 58.5203094375442, -38.3232488581702, -30.5831830884836, 116, 11, -0.2003833, 76.34546
6884, 58.1884201443163, -38.8253239628429, -30.5831830884836, 117, 11, -0.1123214, 76.34546
6885, 57.8522234113367, -39.3245249949184, -30.5831830884836, 118, 11, -0.1422954, 76.34546
6886, 56.9981257172314, -39.465188442316, -30.3100547724157, 119, 11, -0.1178163, 75.66364
6887, 57.1670074919639, -40.3141572419036, -30.5831830884836, 120, 11, -0.06707555, 76.34546
6888, 56.3106158718968, -40.4401035383506, -30.3100547724157, 121, 11, -0.1597675, 75.66364
6889, 56.969133642806, -41.6606164810714, -30.8563114045514, 122, 11, -0.21034, 77.02728
6890, 56.6085879179735, -42.1492221461782, -30.8563114045514, 123, 11, -0.2597002, 77.02728
6891, 55.746002548383, -42.2573214909186, -30.5831830884836, 124, 11, -0.2186196, 76.34546
6892, 55.3803682000575, -42.7353815677038, -30.5831830884836, 125, 11, -0.1766443, 76.34546
6893, 55.0106342800499, -43.2102781270588, -30.5831830884836, 126, 11, -0.1338859, 76.34546
6894, 54.6368281581803, -43.6819760144233, -30.5831830884836, 127, 11, -0.06927681, 76.34546
6895, 24.7001721970546, -20.0984892899579, -13.9223023238875, 128, 11, -0.2465152, 34.75454
6896, 24.5263357862693, -20.3102592598389, -13.9223023238875, 129, 11, -0.2400146, 34.75454
6897, 24.3506837957953, -20.5205257481356, -13.9223023238875, 130, 11, -0.03642452, 34.75454
6898, 54.5241391639872, -46.7560939204934, -31.4025710929418, 131, 11, -0.474601, 78.39091
6899, 55.0612738042246, -48.0449406309213, -31.9488277250775, 132, 11, -0.5399795, 79.75455
6900, 14.0024974187383, -12.4320045655712, -8.18659087706182, 133, 11, 0.1800829, 20.43636
6901, 13.8950174047903, -12.5520182759879, -8.18659087706182, 134, 11, -0.07290155, 20.43636
6902, 13.7865088021613, -12.6711028142023, -8.18659087706182, 135, 11, -0.001176476, 20.43636
6903, 13.676979643279, -12.7892493648959, -8.18659087706182, 136, 11, 0.0804975, 20.43636
6904, 13.1138224808173, -12.4758527612226, -7.91346256099398, 137, 11, -0.1163645, 19.75455
6905, 12.5571015264242, -12.15374181912, -7.64033271679878, 138, 11, -0.8002672, 19.07273
6906, 12.4520691111803, -12.2613300176262, -7.64033271679878, 139, 11, -0.3046545, 19.07273
6907, 12.3461149225433, -12.368010562338, -7.64033271679878, 140, 11, -0.3355866, 19.07273
6908, 12.2392468038483, -12.4737755561514, -7.64033271679878, 141, 11, -0.2484194, 19.07273
6909, 187.218078332075, 81.2930526324944, -91.3560116374599, 1, 10, -0.489507, 223.6182
6910, 186.191737992245, 78.9504344272668, -90.5203698459417, 2, 10, -0.3795643, 221.5727
6911, 260.465850449243, 107.810313321955, -126.174386370665, 3, 10, -0.1835976, 308.8454
6912, 265.423069975467, 107.196693907323, -128.124219295461, 4, 10, -0.2753849, 313.6182
6913, 267.49359567266, 105.365251709899, -128.68131797898, 5, 10, -0.1869459, 314.9818
6914, 268.971199763219, 103.282994438886, -128.959867320739, 6, 10, -0.3324685, 315.6636
6915, 269.849864454338, 100.965013228859, -128.959867320739, 7, 10, -0.286859, 315.6636
6916, 270.708553314695, 98.6395580109383, -128.959867320739, 8, 10, -0.2316179, 315.6636
6917, 285.03734420175, 101.091208026839, -135.366439843605, 9, 10, -0.2604609, 331.3454
6918, 285.896556677336, 98.6350790031401, -135.366439843605, 10, 10, -0.3257227, 331.3454
6919, 290.274735779984, 97.3590187976941, -137.037723426642, 11, 10, -0.3437648, 335.4363
6920, 309.444426160542, 100.835119735101, -145.672690683584, 12, 10, -0.4926558, 356.5727
6921, 306.740494832331, 97.0427278981948, -144.001407100547, 13, 10, -0.4828324, 352.4818
6922, 306.969134907389, 94.2174176200423, -143.722857758788, 14, 10, -0.5497932, 351.8
6923, 334.013569220778, 99.3817888027689, -155.978929056042, 15, 10, -0.6104774, 381.8
6924, 327.680423425686, 94.4362941352029, -152.636361889969, 16, 10, -0.3056788, 373.6182
6925, 332.077483151557, 92.6166387345586, -154.307645473005, 17, 10, -0.3854537, 377.7091
6926, 330.458597051603, 89.1080144858173, -153.193460573488, 18, 10, -0.5541487, 374.9818
6927, 331.815267685359, 86.4183843614777, -153.472009915247, 19, 10, -0.5579271, 375.6636
6928, 335.564314622556, 84.3186301272312, -154.864744156524, 20, 10, -0.4339285, 379.0727
6929, 342.930638368521, 83.0394717919931, -157.928761980837, 21, 10, -0.5048604, 386.5727
6930, 343.63239559313, 80.0859120336473, -157.928761980837, 22, 10, -0.5334992, 386.5727
6931, 343.701435261698, 76.9903909128914, -157.650212639078, 23, 10, -0.5044527, 385.8909
6932, 418.578716016341, 89.9882643184161, -191.632958048285, 24, 10, -1.298347, 469.0727
6933, 424.213650020581, 87.388087170835, -193.86132784732, 25, 10, -1.64335, 474.5273
6934, 421.89689808778, 83.1334611864657, -192.468593606043, 26, 10, -1.584411, 471.1182
6935, 451.953171223296, 85.0231753090612, -205.838862270335, 27, 10, -1.617754, 503.8455
6936, 484.521238029102, 86.8405937673247, -220.323303366624, 28, 10, -1.748018, 539.3
6937, 482.796497496323, 82.2506205878264, -219.209105999586, 29, 10, -1.898295, 536.5727
6938, 482.871924055059, 77.9944866587026, -218.930556657826, 30, 10, -1.980812, 535.8909
6939, 537.046919164002, 82.0101889007225, -243.164174845615, 31, 10, -1.538109, 595.2091
6940, 537.732635906874, 77.3865411277964, -243.164174845615, 32, 10, -0.3723545, 595.2091
6941, 535.911653775113, 72.4237857111736, -242.049977478577, 33, 10, 0.3191071, 592.4818
6942, 546.393502387117, 69.0588151325495, -246.506717076647, 34, 10, -1.471725, 603.3909
6943, 547.5855089293, 64.4279517132915, -246.785266418407, 35, 10, -1.399343, 604.0727
6944, 551.212906576624, 60.0512843774404, -248.178013127204, 36, 10, -1.462717, 607.4818
6945, 548.6130413294, 54.996194728701, -246.785266418407, 37, 10, -1.399958, 604.0727
6946, 549.065908580655, 50.2740349070017, -246.785266418407, 38, 10, -1.401285, 604.0727
6947, 555.680097576384, 46.062256109342, -249.570734900961, 39, 10, -1.464436, 610.8909
6948, 556.676459561292, 41.3256965979575, -249.84928424272, 40, 10, -1.491739, 611.5727
6949, 564.463295622798, 37.0234401815152, -253.191851408793, 41, 10, -1.832239, 619.7545
6950, 565.382265774085, 32.2009611055304, -253.470400750553, 42, 10, -0.653883, 620.4363
6951, 574.34078763794, 27.7559241247648, -257.370066600145, 43, 10, -0.8721561, 629.9818
6952, 574.558334411654, 22.8134176899163, -257.370066600145, 44, 10, -0.9063606, 629.9818
6953, 575.355377899739, 17.8885621764689, -257.648615941904, 45, 10, -0.9483757, 630.6636
6954, 577.354507438724, 12.9796533219674, -258.484263967183, 46, 10, -0.9522438, 632.7091
6955, 584.9119339857, 8.11536721143489, -261.826806198215, 47, 10, -1.268951, 640.8909
6956, 593.672541942699, 3.12854931990061, -265.726472047807, 48, 10, -1.195059, 650.4363
6957, 594.922137502793, -1.98352075787381, -266.283570731325, 49, 10, -1.027573, 651.8
6958, 591.149397497856, -7.05742886188038, -264.612299615809, 50, 10, -1.549875, 647.7091
6959, 602.266251295652, -12.3733526004079, -269.626137897398, 51, 10, -1.296612, 659.9818
6960, 598.405112104815, -17.4458235604399, -267.954841846841, 52, 10, -1.026577, 655.8909
6961, 598.232864080769, -22.5937001528864, -267.954841846841, 53, 10, 2.237997, 655.8909
6962, 610.449494336103, -28.3166355501759, -273.52580374699, 54, 10, -1.819529, 669.5273
6963, 610.183270869382, -33.5677365222547, -273.52580374699, 55, 10, -1.895157, 669.5273
6964, 609.871878146129, -38.816352618437, -273.52580374699, 56, 10, -2.602203, 669.5273
6965, 617.584453092933, -44.6454146120512, -277.146895319782, 57, 10, 2.000756, 678.3909
6966, 617.177476962871, -49.9572985430961, -277.146895319782, 58, 10, 13.05074, 678.3909
6967, 601.848685252325, -53.9324158031528, -270.461785922677, 59, 10, 11.46783, 662.0273
6968, 601.362388599556, -59.1085695322852, -270.461785922677, 60, 10, -0.9705734, 662.0273
6969, 600.831575662423, -64.2803477069441, -270.461785922677, 61, 10, -1.373369, 662.0273
6970, 607.674697711428, -70.3056495112577, -273.80435308875, 62, 10, -2.089057, 670.2091
6971, 607.664826437776, -75.6081561104054, -274.082877495468, 63, 10, -1.765551, 670.8909
6972, 609.459355596794, -81.162151385939, -275.197074862506, 64, 10, -1.392638, 673.6182
6973, 608.122345926522, -86.3153222191145, -274.918525520747, 65, 10, -1.009406, 672.9363
6974, 606.126445948998, -91.358747776058, -274.361426837228, 66, 10, -0.9482136, 671.5727
6975, 612.078064149092, -97.6488005304982, -277.425444661541, 67, 10, -0.4196329, 679.0727
6976, 617.965814913008, -104.047948704255, -280.489462485855, 68, 10, -0.9937496, 686.5727
6977, 620.111639058915, -109.903937492582, -281.882209194652, 69, 10, -0.7621803, 689.9818
6978, 619.75492458343, -115.349021924268, -282.160758536412, 70, 10, -0.5256634, 690.6636
6979, 619.350372841328, -120.796095487081, -282.439307878171, 71, 10, -0.4221115, 691.3455
6980, 624.995594909656, -127.488559876671, -285.503325702485, 72, 10, -0.7047863, 698.8455
6981, 623.875583546057, -132.86114108711, -285.503325702485, 73, 10, -0.9065623, 698.8455
6982, 622.709389342609, -138.223887155796, -285.503325702485, 74, 10, -1.288341, 698.8455
6983, 620.284379950567, -143.296242459504, -284.946227018966, 75, 10, -1.354233, 697.4818
6984, 602.084958801797, -144.559579871472, -277.146895319782, 76, 10, -1.466896, 678.3909
6985, 602.630498534264, -150.185888405682, -277.98254334506, 77, 10, -1.570429, 680.4363
6986, 601.91857514077, -155.520888028304, -278.26109268682, 78, 10, -1.513176, 681.1182
6987, 608.373525778325, -162.785053075387, -281.882209194652, 79, 10, -1.119561, 689.9818
6988, 609.349544167436, -168.677423054692, -282.99640656169, 80, 10, -1.20468, 692.7091
6989, 615.653831308239, -176.139186841016, -286.617498134482, 81, 10, -1.0186, 701.5727
6990, 614.712416844265, -181.605915672609, -286.896047476241, 82, 10, -1.094255, 702.2545
6991, 60.7031506517147, -18.502999230263, -28.4043746850347, 83, 10, -0.5991696, 69.52728
6992, 60.5417088501922, -19.0245885384796, -28.4043746850347, 84, 10, -0.4562652, 69.52728
6993, 60.3757854050249, -19.544769537814, -28.4043746850347, 85, 10, -0.469263, 69.52728
6994, 59.6149911197571, -19.8667518731791, -28.1258284601553, 86, 10, -0.695483, 68.84546
6995, 61.2079232818316, -20.9844034024098, -28.9614702516736, 87, 10, -0.5336552, 70.89091
6996, 61.0251134395999, -21.5102437994927, -28.9614702516736, 88, 10, -0.595171, 70.89091
6997, 60.8377861693503, -22.0344918852707, -28.9614702516736, 89, 10, -0.6657803, 70.89091
6998, 60.645955338119, -22.5571088519013, -28.9614702516736, 90, 10, -1.112719, 70.89091
6999, 59.2868411495975, -22.6341323240429, -28.4043746850347, 91, 10, -0.9362731, 69.52728
7000, 61.4077651967911, -24.0512038985472, -29.5185627014323, 92, 10, -0.3475631, 72.25455
7001, 61.7760504315722, -24.8105818654152, -29.7971089263117, 93, 10, -0.5453351, 72.93636
7002, 60.984828539803, -25.1042769942604, -29.5185627014323, 94, 10, -0.5321572, 72.25455
7003, 60.7665806315734, -25.6280454537644, -29.5185627014323, 95, 10, -0.5973307, 72.25455
7004, 61.6864612642324, -26.6434368343193, -30.0756582680712, 96, 10, -0.8474483, 73.61819
7005, 62.0241108804706, -27.4248499098618, -30.3542044929506, 97, 10, -0.5903452, 74.3
7006, 59.5179337551359, -26.931261079917, -29.2400164765529, 98, 10, -0.770593, 71.57273
7007, 59.8487726463274, -27.703762346691, -29.5185627014323, 99, 10, -0.378581, 72.25455
7008, 57.9207512978652, -27.4188457525844, -28.6829209099141, 100, 10, -0.5948418, 70.20909
7009, 59.9233873499138, -29.0005694415957, -29.7971089263117, 101, 10, -0.3975701, 72.93636
7010, 58.5560233407647, -28.9632420897803, -29.2400164765529, 102, 10, -0.5909117, 71.57273
7011, 57.7492419469862, -29.1852721964025, -28.9614702516736, 103, 10, -0.5979743, 70.89091
7012, 57.4960019732762, -29.6810514591157, -28.9614702516736, 104, 10, -0.502803, 70.89091
7013, 57.2385058165689, -30.1746335605963, -28.9614702516736, 105, 10, -0.1666121, 70.89091
7014, 57.5247649142256, -30.9609218757852, -29.2400164765529, 106, 10, -0.6903071, 71.57273
7015, 55.6199463963057, -30.5557693804618, -28.4043746850347, 107, 10, -0.6841382, 69.52728
7016, 55.3549938317555, -31.0331780107388, -28.4043746850347, 108, 10, -0.7796636, 69.52728
7017, 58.3271426557798, -33.3622040527948, -30.0756582680712, 109, 10, -0.5205675, 73.61819
7018, 60.725547140542, -35.4309088854475, -31.4683925093482, 110, 10, -0.5595772, 77.02728
7019, 59.3488587553801, -35.3155963765535, -30.9113000595894, 111, 10, -0.3319279, 75.66364
7020, 58.5107664941506, -35.5020843218294, -30.6327507178299, 112, 10, -0.06302407, 74.98182
7021, 57.6739038946976, -35.6767926338194, -30.3542044929506, 113, 10, -0.08543128, 74.3
7022, 57.3648153520201, -36.171683437739, -30.3542044929506, 114, 10, -0.369264, 74.3
7023, 57.0514803375295, -36.6638966067144, -30.3542044929506, 115, 10, -0.5845662, 74.3
7024, 56.7339220460761, -37.153395704311, -30.3542044929506, 116, 10, -0.3317622, 74.3
7025, 57.965173281989, -38.6763659445284, -31.1898462844688, 117, 10, -0.1658838, 76.34546
7026, 56.6009068650702, -38.4739539036339, -30.6327507178299, 118, 10, -0.6114259, 74.98182
7027, 56.2677919873152, -38.9595093885887, -30.6327507178299, 119, 10, -0.4681535, 74.98182
7028, 56.4390984692836, -39.8008360084586, -30.9113000595894, 120, 10, -0.3027887, 75.66364
7029, 57.1055261659687, -41.0109773265028, -31.4683925093482, 121, 10, -0.4782523, 77.02728
7030, 54.2388871792248, -39.6640308996366, -30.0756582680712, 122, 10, -0.5709789, 73.61819
7031, 53.8956206128986, -40.12922013195, -30.0756582680712, 123, 10, -0.5323325, 73.61819
7032, 55.5321263144975, -42.0951962019039, -31.1898462844688, 124, 10, -0.4882062, 76.34546
7033, 54.6752085028695, -42.1912308206984, -30.9113000595894, 125, 10, -0.765834, 75.66364
7034, 54.3101824146721, -42.6600805095671, -30.9113000595894, 126, 10, -0.6266397, 75.66364
7035, 53.941135976067, -43.1257722552206, -30.9113000595894, 127, 10, -0.3745807, 75.66364
7036, 24.6054070199239, -20.0213790219635, -14.1984720214251, 128, 10, -0.898479, 34.75454
7037, 24.4322375534063, -20.2323365109214, -14.1984720214251, 129, 10, -0.8078117, 34.75454
7038, 24.2572594728896, -20.4417962865827, -14.1984720214251, 130, 10, -0.6153555, 34.75454
7039, 24.0804857312524, -20.6497428435366, -14.1984720214251, 131, 10, -0.6348187, 34.75454
7040, 14.054810241517, -12.2638376662608, -8.3489841561176, 132, 10, -0.2473663, 20.43636
7041, 13.948775155688, -12.3843076869686, -8.3489841561176, 133, 10, -0.4492824, 20.43636
7042, 13.3799081620184, -12.0866960355728, -8.07043793123822, 134, 10, -0.3030915, 19.75455
7043, 13.7336152053787, -12.6224886064531, -8.3489841561176, 135, 10, -0.8082988, 20.43636
7044, 13.624506268269, -12.7401818737154, -8.3489841561176, 136, 10, -0.4637179, 20.43636
7045, 13.5143887672602, -12.8569320398297, -8.3489841561176, 137, 10, 0.5354974, 20.43636
7046, 12.0617528714629, -11.6743047730645, -7.51334392303942, 138, 10, 0.1420103, 18.39091
7047, 11.9608637424312, -11.7776488656114, -7.51334392303942, 139, 10, -1.660686, 18.39091
7048, 11.8590892018378, -11.8801211092099, -7.51334392303942, 140, 10, -0.4055717, 18.39091
7049, 11.7564367836165, -11.9817139182785, -7.51334392303942, 141, 10, -1.250011, 18.39091
7050, 184.777116055428, 80.233148179905, -92.2742166872913, 1, 9, 0.1183877, 221.5727
7051, 185.460582114109, 78.6404041604284, -92.2742166872913, 2, 9, -0.3279872, 221.5727
7052, 185.557571796207, 76.804770836969, -91.9902767614159, 3, 9, 0.008298874, 220.8909
7053, 186.211512098915, 75.2054388728612, -91.9902767614159, 4, 9, -0.4012711, 220.8909
7054, 266.443175729495, 104.951493162019, -131.174539377238, 5, 9, 0.06853676, 314.9818
7055, 267.336289320092, 102.655200658904, -131.174539377238, 6, 9, -0.4928503, 314.9818
7056, 268.209613149138, 100.351309030552, -131.174539377238, 7, 9, -0.05970764, 314.9818
7057, 283.041176082404, 103.133263304056, -137.989186561814, 8, 9, 0.1351976, 331.3454
7058, 277.491550340077, 98.4150203885689, -134.865802895401, 9, 9, -0.3614779, 323.8454
7059, 277.742051678083, 95.8217529030271, -134.581869324066, 10, 9, -0.1051736, 323.1636
7060, 279.143879993909, 93.6256963133964, -134.865802895401, 11, 9, 0.03155231, 323.8454
7061, 287.601010221237, 93.7172553450641, -138.557079122645, 12, 9, -0.7801495, 332.7091
7062, 288.396684232705, 91.2393421352274, -138.557079122645, 13, 9, -0.6539731, 332.7091
7063, 303.393321988201, 93.1199005708449, -145.371739016302, 14, 9, -0.4082184, 349.0727
7064, 316.06604041456, 94.0417137827263, -151.050613788295, 15, 9, -0.6653571, 362.7091
7065, 321.628567523434, 92.6921714986591, -153.322171322541, 16, 9, -0.2726316, 368.1636
7066, 322.414162522243, 89.9215319564428, -153.322171322541, 17, 9, -0.8689213, 368.1636
7067, 323.774372091353, 87.3056161826757, -153.606104893876, 18, 9, -0.4488235, 368.8454
7068, 328.71263907673, 85.6103318764256, -155.593716147706, 19, 9, -0.417491, 373.6182
7069, 330.639434884769, 83.0811352717407, -156.161608708537, 20, 9, -0.8510265, 374.9818
7070, 331.342005503747, 80.2333242968017, -156.161608708537, 21, 9, -0.4662032, 374.9818
7071, 332.020048291889, 77.3795739921882, -156.161608708537, 22, 9, -0.649611, 374.9818
7072, 332.673513056589, 74.5200956088237, -156.161608708537, 23, 9, -0.6806517, 374.9818
7073, 421.783254846054, 90.6771930101835, -197.617422504065, 24, 9, -1.2423, 474.5273
7074, 419.512147924775, 86.4195769049297, -196.197703811066, 25, 9, -1.796431, 471.1182
7075, 420.848342943279, 82.9268466823005, -196.481650091482, 26, 9, -1.402678, 471.8
7076, 430.684155311122, 81.0219659278827, -200.740806170477, 27, 9, -1.397065, 482.0273
7077, 434.416093167144, 77.8602639301652, -202.160524863475, 28, 9, -1.665476, 485.4363
7078, 448.513579028146, 76.4100825263612, -208.4072921963, 29, 9, -1.675017, 500.4363
7079, 473.63239459746, 76.5020984681414, -219.765067158448, 30, 9, -2.149389, 527.7091
7080, 484.690252314092, 74.0150212806247, -224.592103089194, 31, 9, -2.483448, 539.3
7081, 533.166757339338, 76.7294533374017, -246.739735034496, 32, 9, 0.2671967, 592.4818
7082, 543.635896010896, 73.4676496774167, -251.282824684826, 33, 9, -1.764124, 603.3909
7083, 544.247871086001, 68.7876282411991, -251.282824684826, 34, 9, -1.809135, 603.3909
7084, 530.044389058339, 62.3640942780334, -244.468190209331, 35, 9, -1.731184, 587.0273
7085, 541.03729363646, 58.9427134076865, -249.295226140077, 36, 9, -2.110752, 598.6182
7086, 545.841899972562, 54.7183992367964, -251.282824684826, 37, 9, -1.293695, 603.3909
7087, 547.527086317101, 50.1331359675764, -251.850717245658, 38, 9, -1.389517, 604.7545
7088, 550.409220289799, 45.6253347573725, -252.986502367321, 39, 9, -1.949463, 607.4818
7089, 552.017765567528, 40.9798515901036, -253.554394928152, 40, 9, -0.6906605, 608.8455
7090, 559.77253571229, 36.7157708072631, -256.961724874981, 41, 9, -1.077654, 617.0273
7091, 559.448827284489, 31.8630261655939, -256.677778594565, 42, 9, -1.690037, 616.3455
7092, 568.370432399962, 27.4673972944404, -260.652975684063, 43, 9, -0.8829021, 625.8909
7093, 572.921500193791, 22.7484255377452, -262.640599646974, 44, 9, -1.525764, 630.6636
7094, 573.09601628088, 17.8183156256404, -262.640599646974, 45, 9, -1.277811, 630.6636
7095, 573.847837495795, 12.9008189843337, -262.924545927389, 46, 9, -1.272625, 631.3455
7096, 581.995274330092, 8.07489998421532, -266.615822154633, 47, 9, -1.744339, 640.2091
7097, 582.043207364423, 3.06726478302999, -266.615822154633, 48, 9, -1.172731, 640.2091
7098, 582.667880856509, -1.94266402907187, -266.899743016888, 49, 9, -1.403713, 640.8909
7099, 589.447800286414, -7.03711436723291, -270.0231266833, 50, 9, -1.200325, 648.3909
7100, 589.98519241247, -12.1210424775327, -270.307072963716, 51, 9, -0.1210651, 649.0727
7101, 595.435669714427, -17.3592528293956, -272.862589487458, 52, 9, -4.497738, 655.2091
7102, 595.264276430045, -22.4815843142471, -272.862589487458, 53, 9, -10.44653, 655.2091
7103, 608.052321717695, -28.2054390236555, -278.825410539867, 54, 9, -14.04934, 669.5273
7104, 608.406093363624, -33.4699694592843, -279.109356820283, 55, 9, 1.381937, 670.2091
7105, 601.290691006692, -38.2701880913864, -275.985973153871, 56, 9, 21.04675, 662.7091
7106, 594.138230417172, -42.9504782722463, -272.862589487458, 57, 9, -1.820518, 655.2091
7107, 588.803787104644, -47.6605963011542, -270.591019244132, 58, 9, -1.683257, 649.7545
7108, 593.311226837641, -53.1673634429739, -272.862589487458, 59, 9, -1.307214, 655.2091
7109, 596.53324937585, -58.633908135103, -274.566241751792, 60, 9, -1.341763, 659.3
7110, 597.23943533384, -63.8960402925428, -275.134134312623, 61, 9, -1.1522, 660.6636
7111, 605.904144291812, -70.1008032199289, -279.393277682537, 62, 9, -1.786704, 670.8909
7112, 597.281850064094, -74.316263500537, -275.702026873455, 63, 9, -1.256851, 662.0273
7113, 606.451610207339, -80.7616077165581, -280.245116523785, 64, 9, -0.8642673, 672.9363
7114, 603.279430030522, -85.6279311886034, -279.109356820283, 65, 9, -0.9875345, 670.2091
7115, 603.133287529761, -90.9076022982382, -279.393277682537, 66, 9, -1.009634, 670.8909
7116, 606.613829150802, -96.7770555282629, -281.380901645448, 67, 9, -1.189301, 675.6636
7117, 610.037647721667, -102.713069794554, -283.368500190197, 68, 9, -1.240054, 680.4363
7118, 595.703247390327, -105.577977160165, -277.121732857372, 69, 9, -1.328064, 665.4363
7119, 594.163413162584, -110.585920099878, -276.837786576957, 70, 9, -1.352768, 664.7545
7120, 611.442507572816, -119.253770996838, -285.356124153108, 71, 9, -1.652275, 685.2091
7121, 597.031638209187, -121.784384363703, -279.109356820283, 72, 9, -0.3676243, 670.2091
7122, 597.780553846054, -127.303918599033, -279.961170243369, 73, 9, -1.575275, 672.2545
7123, 596.663138394615, -132.442355491936, -279.961170243369, 74, 9, -1.492035, 672.2545
7124, 600.937304505608, -138.826738948769, -282.51666134895, 75, 9, -1.423613, 678.3909
7125, 600.323388256601, -144.136629764175, -282.800607629366, 76, 9, -1.540369, 679.0727
7126, 600.264030311246, -149.596123809761, -283.368500190197, 77, 9, -1.364038, 680.4363
7127, 598.954726589918, -154.755102791485, -283.368500190197, 78, 9, -1.139737, 680.4363
7128, 602.990407394517, -161.344669536839, -285.923991295778, 79, 9, -1.272297, 686.5727
7129, 60.3228852957844, -16.6983120612966, -28.6707709464613, 80, 9, -0.219807, 68.84546
7130, 60.1769846290977, -17.2166964616951, -28.6707709464613, 81, 9, -0.2532367, 68.84546
7131, 60.621107486174, -17.9094344484397, -28.954714049607, 82, 9, -0.5990872, 69.52728
7132, 60.4647755986702, -18.4303398480787, -28.954714049607, 83, 9, -0.2771757, 69.52728
7133, 60.3039677625611, -18.9498809285233, -28.954714049607, 84, 9, -0.5780019, 69.52728
7134, 60.1386958817628, -19.4680192303703, -28.954714049607, 85, 9, -0.577416, 69.52728
7135, 59.9689721906453, -19.9847163980586, -28.954714049607, 86, 9, -0.5639968, 69.52728
7136, 59.2084341412113, -20.2989024986735, -28.6707709464613, 87, 9, -1.077594, 68.84546
7137, 60.7854740716753, -21.4257752760033, -29.5226034331684, 88, 9, -0.57996, 70.89091
7138, 60.5988824164226, -21.9479646932622, -29.5226034331684, 89, 9, -0.6449475, 70.89091
7139, 60.4078048852109, -22.4685293966115, -29.5226034331684, 90, 9, -1.193097, 70.89091
7140, 60.2122556226919, -22.9874308508737, -29.5226034331684, 91, 9, -0.7944601, 70.89091
7141, 60.0122491045411, -23.5046306439946, -29.5226034331684, 92, 9, -1.253104, 70.89091
7142, 61.5334622110201, -24.7131532524892, -30.3744327426053, 93, 9, -0.572091, 72.93636
7143, 61.8917772945312, -25.4776205504112, -30.658379023021, 94, 9, -0.2735577, 73.61819
7144, 61.6702836664508, -26.0091783431557, -30.658379023021, 95, 9, -1.030987, 73.61819
7145, 58.0298116619023, -25.0640673793654, -28.954714049607, 96, 9, -0.1080232, 69.52728
7146, 57.8120190803931, -25.5624131286833, -28.954714049607, 97, 9, -0.03304219, 69.52728
7147, 57.5899469224925, -26.0588666019403, -28.954714049607, 98, 9, -0.6395311, 69.52728
7148, 57.9261453088202, -26.8137856857774, -29.2386571527526, 99, 9, -0.4800253, 70.20909
7149, 57.6933024420023, -27.3111747546128, -29.2386571527526, 100, 9, -0.6698723, 70.20909
7150, 56.8982189576261, -27.5365065787811, -28.954714049607, 101, 9, -0.8673774, 69.52728
7151, 58.3260798366785, -28.8495064056293, -29.806546536314, 102, 9, -0.6774272, 71.57273
7152, 57.5224665907715, -29.0706646227717, -29.5226034331684, 103, 9, -0.6987215, 70.89091
7153, 56.1685854783766, -28.995801773214, -28.954714049607, 104, 9, -0.4910809, 69.52728
7154, 55.9170341636419, -29.4779884906573, -28.954714049607, 105, 9, -0.343428, 69.52728
7155, 55.6613435501403, -29.9579930787508, -28.954714049607, 106, 9, -0.7450237, 69.52728
7156, 54.8582399241989, -30.137312894879, -28.6707709464613, 107, 9, -0.4764776, 68.84546
7157, 52.974795996308, -29.6987888614469, -27.8189384597543, 108, 9, -0.6083415, 66.8
7158, 53.7934736564164, -30.7690170153769, -28.3868278433157, 109, 9, -0.6856116, 68.16364
7159, 53.5267539675288, -31.2307032552223, -28.3868278433157, 110, 9, -0.5184851, 68.16364
7160, 52.1906637679386, -31.0561054568863, -27.8189384597543, 111, 9, -0.8821512, 66.8
7161, 58.281000709064, -35.3626712741943, -31.2262652293123, 112, 9, -0.1742208, 74.98182
7162, 57.4474243832952, -35.5366935245435, -30.9423221261667, 113, 9, 0.04891253, 74.3
7163, 56.6152068900328, -35.6990139133473, -30.658379023021, 114, 9, -0.2906698, 73.61819
7164, 56.8274450196635, -36.5199212412743, -30.9423221261667, 115, 9, -0.4123878, 74.3
7165, 56.5111337470841, -37.0074981260681, -30.9423221261667, 116, 9, -0.950562, 74.3
7166, 54.6437284086296, -36.460183190072, -30.0904896394596, 117, 9, -1.318043, 72.25455
7167, 54.840667740891, -37.2774472984573, -30.3744327426053, 118, 9, -0.8064244, 72.93636
7168, 56.0468341333048, -38.8065193869596, -31.2262652293123, 119, 9, -0.4196737, 74.98182
7169, 55.710878456241, -39.2872954646995, -31.2262652293123, 120, 9, -0.5435779, 74.98182
7170, 54.8673073277477, -39.4035752379684, -30.9423221261667, 121, 9, -0.8143716, 74.3
7171, 54.0258966265168, -39.508274314218, -30.658379023021, 122, 9, -0.5568018, 73.61819
7172, 53.1867773860176, -39.6014346538894, -30.3744327426053, 123, 9, -0.4752632, 72.93636
7173, 54.3260686302469, -41.1809644189929, -31.2262652293123, 124, 9, -0.5511222, 74.98182
7174, 53.9697475346944, -41.6468475918406, -31.2262652293123, 125, 9, -0.7042646, 74.98182
7175, 54.0969118928793, -42.4925587443016, -31.5102115097281, 126, 9, -0.4701662, 75.66364
7176, 24.6794592749465, -19.731151760422, -14.4735697187627, 127, 9, -0.4994731, 34.75454
7177, 24.5087841075942, -19.9427571179083, -14.4735697187627, 128, 9, -0.9033183, 34.75454
7178, 23.8588642014797, -19.7575260242758, -14.189626615617, 129, 9, -0.7495115, 34.07273
7179, 23.6879924893756, -19.9620702184885, -14.189626615617, 130, 9, -0.7658188, 34.07273
7180, 13.6336439323084, -11.6912608974964, -8.226803974573, 131, 9, -0.4251111, 19.75455
7181, 13.5325507369972, -11.8081285052668, -8.226803974573, 132, 9, -0.4371134, 19.75455
7182, 13.4304557848616, -11.9241220078115, -8.226803974573, 133, 9, -0.4786206, 19.75455
7183, 13.3273666335539, -12.0392328186281, -8.226803974573, 134, 9, -0.5562214, 19.75455
7184, 12.76689456957, -11.7339810992426, -7.94285928279229, 135, 9, -0.7112487, 19.07273
7185, 12.2126980049475, -11.420009700767, -7.65891617964666, 136, 9, -0.66825, 18.39091
7186, 11.6648801795381, -11.0973995423606, -7.37497148786596, 137, 9, -0.6213541, 17.70909
7187, 12.4598034326647, -12.0595691385411, -7.94285928279229, 138, 9, 1.599765, 19.07273
7188, 10.588819113576, -10.4266210289445, -6.80708369293962, 139, 9, -0.9100828, 16.34546
7189, 11.3745854487517, -11.394758096371, -7.37497148786596, 140, 9, -1.074503, 17.70909
7190, 11.7102704609163, -11.934662955352, -7.65891617964666, 141, 9, -0.6249337, 18.39091
7191, 184.034703784645, 79.9107810220885, -94.0210967241434, 1, 8, -0.2115424, 221.5727
7192, 184.147030055577, 78.0834218432634, -93.7317814181674, 2, 8, -0.07489169, 220.8909
7193, 184.812023747947, 76.4961784877576, -93.7317814181674, 3, 8, -0.2339135, 220.8909
7194, 185.463336597021, 74.9032724474901, -93.7317814181674, 4, 8, -0.03016949, 220.8909
7195, 168.867936956753, 66.5167801062168, -85.0521992169136, 5, 8, -0.5920352, 200.4364
7196, 247.818702960891, 95.1605887258331, -124.399637665952, 6, 8, -0.2611833, 293.1636
7197, 168.252755563928, 62.9521964950941, -84.1842403493041, 7, 8, -0.1896702, 198.3909
7198, 168.788152412169, 61.5022634030509, -84.1842403493041, 8, 8, -0.5894917, 198.3909
7199, 169.892924543872, 60.2541432788411, -84.4735556552801, 9, 8, -0.2887779, 199.0727
7200, 276.626117455923, 95.4367526027636, -137.129692424437, 10, 8, -0.1726284, 323.1636
7201, 277.436991787802, 93.053200879037, -137.129692424437, 11, 8, -0.2763076, 323.1636
7202, 278.814317662493, 90.8540362293424, -137.419001255572, 12, 8, 0.001389503, 323.8454
7203, 287.237940975974, 90.8727534113345, -141.180158506826, 13, 8, -0.7359867, 332.7091
7204, 295.091739555177, 90.571912613569, -144.651993977264, 14, 8, -0.4819126, 340.8909
7205, 295.860074600608, 88.0296675303455, -144.651993977264, 15, 8, -0.07869148, 340.8909
7206, 318.556554046706, 91.8068285012267, -155.356809219713, 16, 8, -0.8571739, 366.1182
7207, 319.334645488097, 89.0626525349247, -155.356809219713, 17, 8, -0.8558288, 366.1182
7208, 315.32032279298, 85.0259855298056, -153.042260872542, 18, 8, -0.5199518, 360.6636
7209, 314.247800026706, 81.8430910575456, -152.174295530092, 19, 8, -0.7320228, 358.6182
7210, 314.940325535803, 79.1363552792335, -152.174295530092, 20, 8, -0.4098868, 358.6182
7211, 330.610766567003, 80.0562573092913, -159.407288251784, 21, 8, -0.7003741, 375.6636
7212, 330.686031595124, 77.0686721529012, -159.117966470967, 22, 8, -0.6610122, 374.9818
7213, 330.734406018927, 74.0857284705608, -158.828644690151, 23, 8, -0.3203773, 374.3
7214, 335.584777237853, 72.1457887842958, -160.853884206186, 24, 8, -0.8540235, 379.0727
7215, 338.611843834656, 69.7540999085355, -162.011158379772, 25, 8, -1.275476, 381.8
7216, 339.199457017766, 66.8381896673476, -162.011158379772, 26, 8, -0.8576317, 381.8
7217, 348.86315379633, 65.6294832577743, -166.350946242978, 27, 8, -1.166556, 392.0273
7218, 413.224064704121, 74.0620231299292, -196.729487184787, 28, 8, -1.685879, 463.6182
7219, 432.713246415031, 73.7182917415023, -205.698397641698, 29, 8, -1.737957, 484.7545
7220, 429.674538121666, 69.4019332283508, -203.962479906479, 30, 8, -1.788618, 480.6636
7221, 472.367496057946, 72.1332647109804, -223.925527386656, 31, 8, -1.743017, 527.7091
7222, 477.859366952881, 68.7700189363366, -226.240075733827, 32, 8, -2.329794, 533.1636
7223, 518.202189377511, 70.0305060622675, -245.045836090737, 33, 8, -1.912037, 577.4818
7224, 519.398055489381, 65.6468536641451, -245.335157871554, 34, 8, -1.817823, 578.1636
7225, 527.301568974895, 62.0413788719229, -248.806993341991, 35, 8, -2.032146, 586.3455
7226, 527.815839961009, 57.5023166661104, -248.806993341991, 36, 8, -2.073217, 586.3455
7227, 528.291038999046, 52.9589978098509, -248.806993341991, 37, 8, -1.801764, 586.3455
7228, 545.327188212045, 49.9317070454798, -256.618603725954, 38, 8, -1.660427, 604.7545
7229, 544.506034258109, 45.1359991341627, -256.039960164321, 39, 8, -1.45302, 603.3909
7230, 549.799824452327, 40.8151994658317, -258.354534410855, 40, 8, -1.586157, 608.8455
7231, 550.746709326823, 36.1237621755905, -258.643856191671, 41, 8, -1.59096, 609.5273
7232, 552.886256956386, 31.4892594511423, -259.511795634759, 42, 8, -1.043367, 611.5727
7233, 558.686795686449, 26.999420282086, -262.115691662109, 43, 8, -1.230143, 617.7091
7234, 565.684354981497, 22.4610673937201, -265.29820535173, 44, 8, -1.681791, 625.2091
7235, 570.793385284647, 17.7467237724523, -267.612753698901, 45, 8, -1.416706, 630.6636
7236, 571.542185772173, 12.8489850423306, -267.902075479718, 46, 8, -1.815985, 631.3455
7237, 572.248916213624, 7.93967402883035, -268.191397260535, 47, 8, -0.880537, 632.0273
7238, 576.000309450556, 3.03541977955924, -269.927302046072, 48, 8, -1.896626, 636.1182
7239, 580.326791257463, -1.93485863820973, -271.952528612426, 49, 8, -1.417952, 640.8909
7240, 580.288664681239, -6.92776815417165, -271.952528612426, 50, 8, -1.222275, 640.8909
7241, 583.911169904123, -11.9962537781213, -273.688459297327, 51, 8, -2.116314, 644.9818
7242, 588.106218864495, -17.1455709878868, -275.713685863681, 52, 8, -0.546381, 649.7545
7243, 591.63866585108, -22.344654427558, -277.449616548581, 53, 8, 0.3947697, 653.8455
7244, 585.257257430251, -27.1480550242267, -274.556424639777, 54, 8, -2.020975, 647.0273
7245, 585.618483378763, -32.2163649695154, -274.845746420594, 55, 8, 15.5523, 647.7091
7246, 585.935719780221, -37.2928943368613, -275.135042302048, 56, 8, 7.008554, 648.3909
7247, 580.666925285872, -41.976632509225, -272.820493954877, 57, 8, 1.692652, 642.9363
7248, 586.438044170876, -47.4691017466218, -275.713685863681, 58, 8, -1.404354, 649.7545
7249, 590.927373552121, -52.9537433591243, -278.028260110215, 59, 8, -2.045879, 655.2091
7250, 590.449901372103, -58.0359691796823, -278.028260110215, 60, 8, -1.532803, 655.2091
7251, 590.542557410877, -63.1795705548058, -278.317555991669, 61, 8, -0.912075, 655.8909
7252, 583.230831577432, -67.477587241117, -275.135042302048, 62, 8, -1.890223, 648.3909
7253, 594.269372628525, -73.9414386722467, -280.632130238202, 63, 8, -1.304935, 661.3455
7254, 596.059117739369, -79.3776318382377, -281.789391462106, 64, 8, -0.7317657, 664.0727
7255, 600.855525701204, -85.2838884402734, -284.393287489457, 65, 8, -1.068108, 670.2091
7256, 600.709970383467, -90.5423464651867, -284.682583370911, 66, 8, -0.552021, 670.8909
7257, 598.689418376331, -95.5128226593498, -284.10396570864, 67, 8, -1.294794, 669.5273
7258, 594.801364419256, -100.147711023509, -282.657356804557, 68, 8, -1.744423, 666.1182
7259, 592.70186230704, -105.046034171503, -282.078713242923, 69, 8, -1.173187, 664.7545
7260, 591.776135894711, -110.141599148179, -282.078713242923, 70, 8, -1.55595, 664.7545
7261, 595.048441977012, -116.056325415192, -284.10396570864, 71, 8, -2.178484, 669.5273
7262, 595.237720340158, -121.418455375527, -284.682583370911, 72, 8, -1.380401, 670.8909
7263, 594.774889672914, -126.663829481427, -284.971905151728, 73, 8, -1.780481, 671.5727
7264, 594.868542431293, -132.044005901951, -285.550548713361, 74, 8, -1.182912, 672.9363
7265, 593.10890076497, -137.018244527905, -285.261226932544, 75, 8, -1.282129, 672.2545
7266, 597.311027347922, -143.413367006961, -287.865097060532, 76, 8, -1.630779, 678.3909
7267, 597.852241496017, -148.995064542527, -288.733062402982, 77, 8, -1.185623, 680.4363
7268, 57.9667530509159, -14.9771767858925, -28.0562713471303, 78, 8, -0.4399805, 66.11819
7269, 599.971250732381, -160.536821139985, -291.047610750153, 79, 8, -1.043712, 685.8909
7270, 599.162845415864, -165.857586540007, -291.33693253097, 80, 8, -1.148061, 686.5727
7271, 59.3416280301574, -16.9777000897454, -28.9242302147397, 81, 8, -0.7268589, 68.16364
7272, 59.7854495270244, -17.6625540785269, -29.2135487581361, 82, 8, -0.40838, 68.84546
7273, 60.2218353887952, -18.3562889550352, -29.5028673015325, 83, 8, -0.3756082, 69.52728
7274, 60.650665764999, -19.0588270909088, -29.7921858449288, 84, 8, -0.2299703, 70.20909
7275, 59.8970658210462, -19.3897990661367, -29.5028673015325, 85, 8, -0.1107241, 69.52728
7276, 59.7280240593452, -19.904420206632, -29.5028673015325, 86, 8, -0.7668843, 69.52728
7277, 59.5545608876027, -20.4175679080715, -29.5028673015325, 87, 8, -0.841861, 69.52728
7278, 58.7944143106891, -20.7239628832977, -29.2135487581361, 88, 8, -0.7353468, 68.84546
7279, 59.7749094445968, -21.649534607216, -29.7921858449288, 89, 8, -0.5558513, 70.20909
7280, 59.5864300260063, -22.1630211066688, -29.7921858449288, 90, 8, -0.6753243, 70.20909
7281, 59.3935396789748, -22.6748669725058, -29.7921858449288, 91, 8, -0.9613793, 70.20909
7282, 59.771127091796, -23.4101918596752, -30.0815076257456, 92, 8, -1.015637, 70.89091
7283, 59.5674995750509, -23.9235806497847, -30.0815076257456, 93, 8, -0.6972284, 70.89091
7284, 58.7885474819489, -24.200182494796, -29.7921858449288, 94, 8, -0.9102771, 70.20909
7285, 56.8715628508266, -23.9853383655803, -28.9242302147397, 95, 8, -0.3197325, 68.16364
7286, 56.096307601347, -24.2289539322569, -28.634908433923, 96, 8, 0.2069242, 67.48182
7287, 57.579737327759, -25.4597064213664, -29.5028673015325, 97, 8, -0.2747507, 69.52728
7288, 57.3585574291302, -25.9541652041645, -29.5028673015325, 98, 8, -0.4665612, 69.52728
7289, 57.6934050107005, -26.7060511137469, -29.7921858449288, 99, 8, -0.5213652, 70.20909
7290, 57.46149767857, -27.2014417330127, -29.7921858449288, 100, 8, -0.7532718, 70.20909
7291, 56.6696087441884, -27.4258682009614, -29.5028673015325, 101, 8, -0.4360838, 69.52728
7292, 55.8781527625692, -27.6387017706739, -29.2135487581361, 102, 8, -0.715422, 68.84546
7293, 55.6382883338658, -28.118439910544, -29.2135487581361, 103, 8, -0.4066448, 68.84546
7294, 55.3943052407566, -28.5960965626281, -29.2135487581361, 104, 8, -0.6056688, 68.84546
7295, 55.6923662329203, -29.3595494715804, -29.5028673015325, 105, 8, -0.7871208, 69.52728
7296, 53.2631074917327, -28.6672168477698, -28.3455898905267, 106, 8, -0.03827882, 66.8
7297, 53.0144907764876, -29.1244177483884, -28.3455898905267, 107, 8, -0.2699921, 66.8
7298, 52.7619496253424, -29.5794626929861, -28.3455898905267, 108, 8, -0.6489809, 66.8
7299, 53.0414173364721, -30.338852682568, -28.634908433923, 109, 8, -0.414969, 67.48182
7300, 52.778426505642, -30.7940843465903, -28.634908433923, 110, 8, -0.5876448, 67.48182
7301, 52.5115287137397, -31.247036456318, -28.634908433923, 111, 8, -1.061101, 67.48182
7302, 50.6572633006159, -30.7368804233897, -27.7669495663136, 112, 8, -0.3498455, 65.43636
7303, 50.3909361867434, -31.1715847125749, -27.7669495663136, 113, 8, -0.5392627, 65.43636
7304, 50.1208788474908, -31.6039815027289, -27.7669495663136, 114, 8, -0.09670591, 65.43636
7305, 56.0797357330931, -36.0394089773942, -31.2387850367514, 115, 8, -0.4658618, 73.61819
7306, 56.2840787955547, -36.8588064411544, -31.5281035801477, 116, 8, -1.114359, 74.3
7307, 54.4241764675779, -36.3136905508688, -30.6601447125383, 117, 8, -0.9098511, 72.25455
7308, 54.1097285021903, -36.7805979698207, -30.6601447125383, 118, 8, -1.082126, 72.25455
7309, 53.7912750251403, -37.2447826784913, -30.6601447125383, 119, 8, -0.7574334, 72.25455
7310, 55.4870388344037, -39.129443827757, -31.8174221235441, 120, 8, -0.1355684, 74.98182
7311, 53.6439145712415, -38.5249819394378, -30.9494632559347, 121, 8, -0.968472, 72.93636
7312, 54.3071784340876, -39.7139712023221, -31.5281035801477, 122, 8, -0.715426, 74.3
7313, 52.9730792992753, -39.4423208433954, -30.9494632559347, 123, 8, -0.1982048, 72.93636
7314, 52.1397603256908, -39.5236701076437, -30.6601447125383, 124, 8, -0.5335455, 72.25455
7315, 53.7529035678863, -41.4795155577031, -31.8174221235441, 125, 8, -0.4606152, 74.98182
7316, 55.8216285550821, -43.8473056516861, -33.2640213153666, 126, 8, -0.6816292, 78.39091
7317, 18.7936755571372, -15.0254857864916, -11.2757424127052, 127, 8, -0.4415466, 26.57273
7318, 18.1848193799619, -14.7969574718822, -10.9864222505987, 128, 8, -0.212994, 25.89091
7319, 18.5323519856861, -15.3466411291081, -11.2757424127052, 129, 8, -0.7638888, 26.57273
7320, 14.1506541080973, -11.9248750636034, -8.67186742858703, 130, 8, -0.1918117, 20.43636
7321, 14.0475318210929, -12.0461822460456, -8.67186742858703, 131, 8, -0.3996269, 20.43636
7322, 13.478178572648, -11.7606848624367, -8.38254888519066, 132, 8, -0.4274578, 19.75455
7323, 13.3764938257741, -11.8762123170127, -8.38254888519066, 133, 8, -0.1813683, 19.75455
7324, 13.273818874301, -11.9908606264098, -8.38254888519066, 134, 8, -0.3936816, 19.75455
7325, 12.7155987197884, -11.686835371789, -8.09322872308412, 135, 8, -0.7356742, 19.07273
7326, 12.6145775800315, -11.7958045205636, -8.09322872308412, 136, 8, -0.0002188683, 19.07273
7327, 12.0653186154918, -11.4783571902319, -7.80391017968775, 137, 8, -0.2924906, 18.39091
7328, 11.9661152366405, -11.5817392140956, -7.80391017968775, 138, 8, 0.009782255, 18.39091
7329, 470.699341549104, -463.489233338011, -309.564075225609, 139, 8, 0.1108274, 729.5273
7330, 466.694178521135, -467.521853274796, -309.564075225609, 140, 8, -0.4255581, 729.5273
7331, 462.222066477536, -471.079177235679, -309.274753444792, 141, 8, -0.3744946, 728.8455
7332, 168.0509440241, 72.9703795659085, -87.8047072097984, 1, 7, 0.02228971, 203.1636
7333, 169.238612696279, 71.7618415205714, -88.0993826469044, 2, 7, 0.3694668, 203.8455
7334, 172.122202352647, 71.2436909994081, -89.2780712060244, 3, 7, -0.2630045, 206.5727
7335, 167.597793224399, 67.6878966906654, -86.6260186506785, 4, 7, 0.5904011, 200.4364
7336, 168.173959050347, 66.2434234428334, -86.6260186506785, 5, 7, 0.4989554, 200.4364
7337, 167.015705367116, 64.1328223386886, -85.7419989340124, 6, 7, 0.008972168, 198.3909
7338, 167.561305800536, 62.6934888072133, -85.7419989340124, 7, 7, 0.5620867, 198.3909
7339, 168.094502387493, 61.2495143450307, -85.7419989340124, 8, 7, 0.2733238, 198.3909
7340, 166.876793615956, 59.1844437279839, -84.8579792173464, 9, 7, -0.5361603, 196.3455
7341, 167.96106310683, 57.947017346176, -85.1526546544525, 10, 7, 0.4145466, 197.0273
7342, 169.036336709167, 56.6952953688501, -85.4473234969064, 11, 7, 0.4853749, 197.7091
7343, 170.102474699383, 55.4293500011225, -85.7419989340124, 12, 7, 0.07272387, 198.3909
7344, 273.746990544718, 86.6046549572846, -137.604447212289, 13, 7, 0.6077881, 318.3909
7345, 274.481982364903, 84.2462013956331, -137.604447212289, 14, 7, 0.4330354, 318.3909
7346, 278.732577070213, 82.9335831219885, -139.372486645621, 15, 7, 0.7310848, 322.4818
7347, 280.026610898877, 80.7026404448224, -139.667162082727, 16, 7, 0.4777346, 323.1636
7348, 310.32308118916, 86.5493210461799, -154.400815234291, 17, 7, 0.106863, 357.2545
7349, 308.087974024319, 83.0757858842396, -152.927438048761, 18, 7, 0.36655, 353.8454
7350, 308.791333312629, 80.4220020249582, -152.927438048761, 19, 7, 0.3565302, 353.8454
7351, 313.646050070035, 78.8111373417912, -154.990152919199, 20, 7, 0.1984768, 358.6182
7352, 323.873831339582, 78.4249316702544, -159.704920344983, 21, 7, 0.1961374, 369.5273
7353, 328.728237373369, 76.6123946370611, -161.767635215421, 22, 7, 0.07067585, 374.3
7354, 329.375223365302, 73.7812665361933, -161.767635215421, 23, 7, 0.3210864, 374.3
7355, 333.604538501416, 71.720066596307, -163.535674648753, 24, 7, 0.05036116, 378.3909
7356, 337.220288145025, 69.4674391895732, -165.009038644979, 25, 7, -0.247117, 381.8
7357, 337.805486479147, 66.5635121425956, -165.009038644979, 26, 7, 0.28227, 381.8
7358, 345.616722066508, 65.0187519881023, -168.545117511643, 27, 7, 0.1251183, 389.9818
7359, 354.636246274578, 63.5613462955154, -172.670534063215, 28, 7, -0.3394618, 399.5273
7360, 356.382234846372, 60.714317801806, -173.259884937427, 29, 7, -0.1586041, 400.8909
7361, 357.498405026169, 57.7438927224556, -173.554560374533, 30, 7, -0.3717794, 401.5727
7362, 421.80170166498, 64.411573733705, -204.495230673887, 31, 7, -0.953867, 473.1636
7363, 422.340270044543, 60.7801172837627, -204.495230673887, 32, 7, -1.226846, 473.1636
7364, 423.456865934457, 57.226501980925, -204.789892921689, 33, 7, -1.438045, 473.8454
7365, 513.603514233238, 64.9144801061917, -248.106826065063, 34, 7, -0.7172446, 574.0727
7366, 517.806884637054, 60.9242509456425, -249.8748786877, 35, 7, -1.04727, 578.1636
7367, 522.590528235696, 56.9330508223072, -251.937580368834, 36, 7, -1.229616, 582.9363
7368, 525.508188311638, 52.6800285058498, -253.116282117258, 37, 7, -0.7110233, 585.6636
7369, 541.861524542722, 49.614381031308, -260.777764346189, 38, 7, -1.021059, 603.3909
7370, 541.655636734999, 44.8997197689388, -260.483115287692, 39, 7, -1.110497, 602.7091
7371, 548.15354325758, 40.692985357438, -263.429843280144, 40, 7, -1.112003, 609.5273
7372, 548.483366414094, 35.9753083406122, -263.429843280144, 41, 7, -1.043043, 609.5273
7373, 550.000258501579, 31.3248893786806, -264.019167775747, 42, 7, -0.2995834, 610.8909
7374, 554.548399386205, 26.7994257558742, -266.08189583549, 43, 7, -1.498781, 615.6636
7375, 554.144075683, 22.0028489742371, -265.787220398384, 44, 7, -1.218678, 614.9818
7376, 564.145733661001, 17.5400394622592, -270.501974634863, 45, 7, -0.6698895, 625.8909
7377, 564.890465340113, 12.6994460258504, -270.79665007197, 46, 7, -0.9283695, 626.5727
7378, 564.978819866533, 7.83880499523563, -270.79665007197, 47, 7, -0.7288876, 626.5727
7379, 568.714446379203, 2.99702456949582, -272.564702694606, 48, 7, 0.1129236, 630.6636
7380, 568.719182252489, -1.89615788737317, -272.564702694606, 49, 7, 1.072399, 630.6636
7381, 581.592799759109, -6.94333755266433, -278.752834116616, 50, 7, -1.494854, 644.9818
7382, 581.511534671293, -11.9469540991432, -278.752834116616, 51, 7, -3.146648, 644.9818
7383, 586.303940266164, -17.093027595798, -281.110211234856, 52, 7, 8.669168, 650.4363
7384, 576.918990681445, -21.7887305606176, -276.690132435482, 53, 7, -12.35848, 640.2091
7385, 576.710172675268, -26.7515853960775, -276.690132435482, 54, 7, 15.43152, 640.2091
7386, 572.775086848426, -31.5098170004652, -274.922079812846, 55, 7, 43.07449, 636.1182
7387, 578.618890597781, -36.8272020631697, -277.868807805298, 56, 7, 24.3438, 642.9363
7388, 578.280622566772, -41.8041257795777, -277.868807805298, 57, 7, -4.82191, 642.9363
7389, 584.028024522005, -47.2740232228788, -280.81553579775, 58, 7, -4.870667, 649.7545
7390, 588.498904602208, -52.7361252096108, -283.172939294598, 59, 7, -2.527574, 655.2091
7391, 561.099620736939, -55.1510978664699, -270.207325576366, 60, 7, -1.810875, 625.2091
7392, 566.106611658955, -60.5652753794069, -272.859378131712, 61, 7, -0.653265, 631.3455
7393, 566.175353950386, -65.5043333985428, -273.154053568818, 62, 7, -0.7690926, 632.0273
7394, 566.20096873094, -70.4490524564784, -273.448729005924, 63, 7, -1.150371, 632.7091
7395, 569.230694553557, -75.8048709575376, -275.216755249952, 64, 7, -0.7808762, 636.8
7396, 574.644927771265, -81.5636235609564, -278.163483242404, 65, 7, -0.9552959, 643.6182
7397, 577.569847827524, -87.0545385428884, -279.93153586504, 66, 7, -0.7509041, 647.7091
7398, 576.799475654348, -92.0205775101064, -279.93153586504, 67, 7, -0.8071728, 647.7091
7399, 586.29379504745, -98.7152771894141, -284.940965538626, 68, 7, -1.492104, 659.3
7400, 585.42277400641, -103.755943137558, -284.940965538626, 69, 7, -1.150196, 659.3
7401, 59.2221518839461, -11.0224493990996, -28.8701011981939, 70, 7, -0.0004212856, 66.8
7402, 59.1251256081422, -11.5315734547503, -28.8701011981939, 71, 7, -0.09882501, 66.8
7403, 592.791537634196, -120.919475362039, -289.950395212212, 72, 7, 0.3706112, 670.8909
7404, 592.330609011018, -126.143293133409, -290.245070649318, 73, 7, -1.149212, 671.5727
7405, 58.8078164496129, -13.0536733891092, -28.8701011981939, 74, 7, 0.1843989, 66.8
7406, 59.2924020676155, -13.6975534082682, -29.1647733379739, 75, 7, 0.06710219, 67.48182
7407, 59.172357290884, -14.2071828650195, -29.1647733379739, 76, 7, 0.001252651, 67.48182
7408, 59.0479322377442, -14.7157606248166, -29.1647733379739, 77, 7, 0.527614, 67.48182
7409, 58.3238348040439, -15.0694378883717, -28.8701011981939, 78, 7, 0.218385, 66.8
7410, 59.3799410444491, -15.8885395977209, -29.45944877508, 79, 7, -0.02840185, 68.16364
7411, 59.2410423509858, -16.3988411224484, -29.45944877508, 80, 7, 0.2106054, 68.16364
7412, 59.0977582966531, -16.9079287111392, -29.45944877508, 81, 7, 0.02053595, 68.16364
7413, 58.9500994881565, -17.4157646782175, -29.45944877508, 82, 7, 0.1542552, 68.16364
7414, 59.3862126101938, -18.1015817864079, -29.7541209148599, 83, 7, 0.3280835, 68.84546
7415, 60.4014164237196, -18.980503134559, -30.3434651944199, 84, 7, -0.4611535, 70.20909
7416, 59.6509134662095, -19.3101149508213, -30.0487930546399, 85, 7, 0.4922414, 69.52728
7417, 59.4825663967633, -19.8226212096635, -30.0487930546399, 86, 7, 0.09446287, 69.52728
7418, 59.309816087456, -20.3336600846796, -30.0487930546399, 87, 7, -0.1968501, 69.52728
7419, 57.9729114756649, -20.4343980587959, -29.45944877508, 88, 7, 0.6669611, 68.16364
7420, 59.5292591023263, -21.5605639063706, -30.3434651944199, 89, 7, 0.03063273, 70.20909
7421, 59.3415542567819, -22.0719401870791, -30.3434651944199, 90, 7, -0.03668189, 70.20909
7422, 58.5750430801884, -22.3623868341736, -30.0487930546399, 91, 7, 0.182887, 69.52728
7423, 57.8079693711314, -22.6412938795354, -29.7541209148599, 92, 7, 0.1282225, 68.84546
7424, 57.611029915179, -23.1378206291239, -29.7541209148599, 93, 7, 0.4224601, 68.84546
7425, 56.8412633005656, -23.398587038246, -29.45944877508, 94, 7, 0.3305526, 68.16364
7426, 56.0713099998402, -23.6478351487393, -29.1647733379739, 95, 7, 0.1690073, 67.48182
7427, 55.8657748027127, -24.1293828767485, -29.1647733379739, 96, 7, 0.5208244, 67.48182
7428, 57.3431082418461, -25.3550774783095, -30.0487930546399, 97, 7, 0.3555927, 69.52728
7429, 56.0024922238987, -25.340559459151, -29.45944877508, 98, 7, 0.08059001, 68.16364
7430, 55.2244185748797, -25.5631669670762, -29.1647733379739, 99, 7, 0.3449841, 67.48182
7431, 57.2253545090819, -27.0896549727474, -30.3434651944199, 100, 7, -0.03889132, 70.20909
7432, 55.883275753582, -27.0453138713949, -29.7541209148599, 101, 7, 0.263288, 68.84546
7433, 55.0973972869249, -27.2525210062731, -29.45944877508, 102, 7, 0.2408412, 68.16364
7434, 54.312124763746, -27.4482242771262, -29.1647733379739, 103, 7, 0.06436002, 67.48182
7435, 53.5276100406453, -27.6324560590894, -28.8701011981939, 104, 7, 0.5868182, 66.8
7436, 53.2878863487336, -28.0919709704632, -28.8701011981939, 105, 7, 0.6757632, 66.8
7437, 53.5856311598208, -28.8408052162865, -29.1647733379739, 106, 7, 0.3382249, 67.48182
7438, 52.7966229800235, -29.0047283460155, -28.8701011981939, 107, 7, 0.3405346, 66.8
7439, 52.54511966935, -29.4579032426712, -28.8701011981939, 108, 7, 0.0279355, 66.8
7440, 52.8234388828989, -30.2141724510995, -29.1647733379739, 109, 7, 0.02667904, 67.48182
7441, 50.968325032275, -29.7379631027939, -28.2807536213079, 110, 7, 0.5870709, 65.43636
7442, 50.7105808305486, -30.1753806591925, -28.2807536213079, 111, 7, 0.0956986, 65.43636
7443, 50.4490827415167, -30.6105644612831, -28.2807536213079, 112, 7, 0.3733249, 65.43636
7444, 50.1838501227641, -31.0434822942709, -28.2807536213079, 113, 7, 0.2433876, 65.43636
7445, 49.9149026083266, -31.4741021111014, -28.2807536213079, 114, 7, 0.2346079, 65.43636
7446, 49.6422601072377, -31.9023920348322, -28.2807536213079, 115, 7, 0.6271298, 65.43636
7447, 49.8803184431056, -32.6651700100807, -28.5754290584139, 116, 7, 0.2020204, 66.11819
7448, 53.6890627290506, -35.8231972709847, -30.932812771306, 117, 7, -0.1603884, 71.57273
7449, 53.887359728231, -36.6294448093367, -31.2274849110859, 118, 7, -0.1094294, 72.25455
7450, 53.0647099606704, -36.7417130279705, -30.932812771306, 119, 7, -0.1648016, 71.57273
7451, 47.7218637728521, -33.653444607642, -27.9860814815279, 120, 7, 0.2671473, 64.75455
7452, 20.9618644753057, -15.0539992612885, -12.3684086132977, 121, 7, -0.0730598, 28.61818
7453, 20.3352645581652, -14.8708538049854, -12.0737364735177, 122, 7, 0.5181823, 27.93636
7454, 20.2065669243596, -15.0452627318766, -12.0737364735177, 123, 7, 0.422461, 27.93636
7455, 19.5863858951985, -14.8471310548276, -11.7790626850747, 124, 7, -0.04862654, 27.25454
7456, 19.4579200839212, -15.0150977020662, -11.7790626850747, 125, 7, 0.2253488, 27.25454
7457, 19.8115378495043, -15.5617558642165, -12.0737364735177, 126, 7, -0.1392944, 27.93636
7458, 14.3943069504686, -11.5082041207488, -8.83233304395972, 127, 7, -0.3622708, 20.43636
7459, 18.1100872365539, -14.7361480503155, -11.1897167568517, 128, 7, 0.1842701, 25.89091
7460, 14.1941560172771, -11.7541809423849, -8.83233304395972, 129, 7, 0.06272632, 20.43636
7461, 14.0925007280704, -11.8758687218436, -8.83233304395972, 130, 7, 0.1440105, 20.43636
7462, 13.5230620237288, -11.5964335754564, -8.53766090417974, 131, 7, 0.2815115, 19.75455
7463, 13.4227887910437, -11.7123532750092, -8.53766090417974, 132, 7, 0.1957028, 19.75455
7464, 13.3215219267413, -11.8274059591669, -8.53766090417974, 133, 7, -0.07321954, 19.75455
7465, 13.2192689271743, -11.9415831110717, -8.53766090417974, 134, 7, 0.1881282, 19.75455
7466, 13.1160373616946, -12.0548762786774, -8.53766090417974, 135, 7, -0.1815748, 19.75455
7467, 9.86815558541862, -9.22764424933011, -6.47494891890196, 136, 7, 0.2615981, 14.98182
7468, 10.2338651118186, -9.73600142140278, -6.76962188301346, 137, 7, 0.7153678, 15.66364
7469, 11.9169394146971, -11.5341430198318, -7.94831497595674, 138, 7, 0.07832468, 18.39091
7470, 10.0648241422876, -9.9106525410428, -6.76962188301346, 139, 7, -0.00748992, 15.66364
7471, 10.4135645819929, -10.4320328742854, -7.06429525929072, 140, 7, -0.08012533, 16.34546
7472, 9.03156093360821, -9.20462392931824, -6.18027595479046, 141, 7, -0.108099, 14.3
7473, 166.783183770224, 72.4198979993745, -89.0933115463533, 1, 6, 0.1342617, 202.4818
7474, 164.581646020548, 69.7871591521324, -87.5932840349344, 2, 6, 0.4987842, 199.0727
7475, 163.478827931787, 67.666082253906, -86.6932769276351, 3, 6, 0.6432106, 197.0273
7476, 166.32581788469, 67.1741826749206, -87.8932908800113, 4, 6, 0.7641484, 199.7545
7477, 166.89761092799, 65.7406721868885, -87.8932908800113, 5, 6, 1.102206, 199.7545
7478, 164.59916267435, 63.2048874307206, -86.3932700825582, 6, 6, 0.6224003, 196.3455
7479, 166.283755318704, 62.2154900446067, -86.9932770587463, 7, 6, 0.704172, 197.7091
7480, 166.812886614135, 60.7825249873766, -86.9932770587463, 8, 6, 0.5414451, 197.7091
7481, 167.906726083093, 59.5497190836766, -87.2932839038232, 9, 6, 0.2894553, 198.3909
7482, 166.097690303584, 57.3041487303504, -86.0932632374813, 10, 6, 0.2677364, 195.6636
7483, 168.326037731305, 56.4570589568804, -86.9932770587463, 11, 6, 0.6855762, 197.7091
7484, 169.387695757393, 55.1964331536809, -87.2932839038232, 12, 6, 0.6899922, 198.3909
7485, 170.440065887242, 53.921699989064, -87.5932840349344, 13, 6, 0.9264376, 199.0727
7486, 273.328595612024, 83.8921947252029, -140.09405222959, 14, 6, 0.6832294, 318.3909
7487, 277.561329109897, 82.5850921379265, -141.89407987212, 15, 6, 0.7748113, 322.4818
7488, 278.849925344942, 80.3635239913146, -142.194086717197, 16, 6, 0.7612786, 323.1636
7489, 279.53103121951, 77.9613971048449, -142.194086717197, 17, 6, 0.8754988, 323.1636
7490, 306.793373246158, 82.7266973571957, -155.694273894275, 18, 6, 1.080194, 353.8454
7491, 307.49377698424, 80.0840648278556, -155.694273894275, 19, 6, 0.7398052, 353.8454
7492, 308.765232886412, 77.5847142661209, -155.994280739352, 20, 6, 0.8698668, 354.5273
7493, 322.512897614707, 78.0953862607359, -162.594377619319, 21, 6, 0.9902821, 369.5273
7494, 323.17287292927, 75.3176784406529, -162.594377619319, 22, 6, 0.5818148, 369.5273
7495, 325.003860603007, 72.8020651324083, -163.194391309473, 23, 6, 0.7831967, 370.8909
7496, 328.01256296387, 70.5178741448515, -164.394405261849, 24, 6, 0.6883616, 373.6182
7497, 333.404570173703, 68.6814006104727, -166.794446594533, 25, 6, 0.2812598, 379.0727
7498, 336.386011256046, 66.2838089997195, -167.994460546909, 26, 6, 0.6304677, 381.8
7499, 344.164423648338, 64.7455400031638, -171.594515831969, 27, 6, 0.4156044, 389.9818
7500, 344.106068298131, 61.6740257073199, -171.294508986892, 28, 6, 0.4528093, 389.3
7501, 344.623959262442, 58.7111436511313, -171.294508986892, 29, 6, 0.7054303, 389.3
7502, 355.996179193421, 57.5012500529736, -176.694591914483, 30, 6, 0.2852601, 401.5727
7503, 357.082986271297, 54.528649383054, -176.99459875956, 31, 6, 0.1472773, 402.2545
7504, 420.565575514579, 60.5247162497513, -208.195055516862, 32, 6, -0.6631908, 473.1636
7505, 421.070748133464, 56.9040389721746, -208.195055516862, 33, 6, -0.9812918, 473.1636
7506, 420.329867745284, 53.1255999650316, -207.595041826708, 34, 6, -0.8412285, 471.8
7507, 434.149029958102, 51.0812143170217, -214.195138706675, 35, 6, -1.254915, 486.8
7508, 418.138426667382, 45.5536313996813, -206.095021029255, 36, 6, -1.112335, 468.3909
7509, 523.299977128865, 52.4586644421819, -257.695782116611, 37, 6, -0.01627541, 585.6636
7510, 527.999958833426, 48.3451766836254, -259.795803176287, 38, 6, -0.5304537, 590.4363
7511, 534.498123224834, 44.306408578113, -262.795844771193, 39, 6, -0.7781925, 597.2545
7512, 539.744291464691, 40.0687121692334, -265.195899531809, 40, 6, -0.8231239, 602.7091
7513, 540.069054787142, 35.423409278964, -265.195899531809, 41, 6, -0.931329, 602.7091
7514, 547.077901761523, 31.158448544895, -268.495947971792, 42, 6, -0.4749413, 610.2091
7515, 544.267930482613, 26.3026058869099, -266.995913746407, 43, 6, -2.106302, 606.8
7516, 548.756575306419, 21.7889328424289, -269.095934806083, 44, 6, -0.3974495, 611.5727
7517, 548.923730580318, 17.0667671873858, -269.095934806083, 45, 6, 0.08485413, 611.5727
7518, 556.395629007063, 12.5084714526736, -272.695990091143, 46, 6, -0.3599243, 619.7545
7519, 560.15594551717, 7.77188997079258, -274.496031161605, 47, 6, -0.4878578, 623.8455
7520, 566.32468038082, 2.98443092525468, -277.496072756511, 48, 6, 0.5153141, 630.6636
7521, 566.329396353734, -1.88819013892637, -277.496072756511, 49, 6, -0.7178917, 630.6636
7522, 554.047690886858, -6.61449065341773, -271.495989566698, 50, 6, -0.4383173, 617.0273
7523, 550.909550338726, -11.3182468760431, -269.995955341314, 51, 6, -0.381649, 613.6182
7524, 553.239836336697, -16.1290810791839, -271.195982721621, 52, 6, -0.1394272, 616.3455
7525, 571.43555961738, -21.5816356236637, -280.19610750634, 53, 6, 28.91313, 636.8
7526, 562.666151837639, -26.1001319615051, -275.996038531126, 54, 6, 46.80592, 627.2545
7527, 568.53420890687, -31.2765154988321, -278.996080126033, 55, 6, 3.999647, 634.0727
7528, 571.299259087184, -36.361331430446, -280.496114351417, 56, 6, 16.05009, 637.4818
7529, 570.354589770878, -41.2311498592331, -280.19610750634, 57, 6, 37.06358, 636.8
7530, 555.332174238571, -44.9512437743932, -272.99599693622, 58, 6, 3.828372, 620.4363
7531, 560.413290036984, -50.2193380504203, -275.696031686049, 59, 6, -2.639782, 626.5727
7532, 559.35113572363, -54.9792373544981, -275.396024840973, 60, 6, -1.121723, 625.8909
7533, 557.639860327906, -59.6594546110692, -274.796038006682, 61, 6, -1.08655, 624.5273
7534, 563.796257342928, -65.2290809767005, -278.096086446665, 62, 6, -0.5079231, 632.0273
7535, 562.606586597949, -70.0018246532423, -277.796079601588, 63, 6, -0.6281719, 631.3455
7536, 563.197317433704, -75.0014016815751, -278.396093291742, 64, 6, -0.5651846, 632.7091
7537, 562.531179291035, -79.8442292476964, -278.396093291742, 65, 6, -0.5104332, 632.7091
7538, 570.299387354353, -85.9586943192556, -282.596135411093, 66, 6, -0.566824, 642.2545
7539, 577.398821419937, -92.1161950441119, -286.49619754123, 67, 6, -0.3838234, 651.1182
7540, 575.981130779915, -96.9789164768661, -286.196190696153, 68, 6, -0.5173244, 650.4363
7541, 59.0655505227314, -10.4683353185675, -29.3924327815775, 69, 6, 0.1543748, 66.8
7542, 58.9732974969609, -10.9761325260879, -29.3924327815775, 70, 6, 0.1390858, 66.8
7543, 58.8766789303269, -11.4831172174849, -29.3924327815775, 71, 6, 0.191814, 66.8
7544, 58.7757019750885, -11.9892518628513, -29.3924327815775, 72, 6, 0.4431096, 66.8
7545, 58.6703741061375, -12.4944989952049, -29.3924327815775, 73, 6, -0.1014888, 66.8
7546, 58.5607031204453, -12.9988212132626, -29.3924327815775, 74, 6, 0.2469816, 66.8
7547, 59.0432524859128, -13.6399956169996, -29.6924362696716, 75, 6, 0.4369717, 67.48182
7548, 58.9237121432212, -14.147483585777, -29.6924362696716, 76, 6, 0.271127, 67.48182
7549, 58.7998099302576, -14.6539242768824, -29.6924362696716, 77, 6, 0.5123764, 67.48182
7550, 58.6715550189727, -15.1592802006786, -29.6924362696716, 78, 6, 0.4469237, 67.48182
7551, 58.5389569035287, -15.663513947829, -29.6924362696716, 79, 6, 0.1630173, 67.48182
7552, 58.4020253995968, -16.1665881920669, -29.6924362696716, 80, 6, 0.7153525, 67.48182
7553, 58.8494266176231, -16.8368807653833, -29.9924431147485, 81, 6, 0.4550604, 68.16364
7554, 58.1152030921141, -17.1691092986606, -29.6924362696716, 82, 6, 0.3489791, 67.48182
7555, 56.208333830731, -17.1329287926344, -28.7924224484065, 83, 6, 0.6502333, 65.43636
7556, 58.9793931346039, -18.5336474299322, -30.2924466028425, 84, 6, 0.2085087, 68.84546
7557, 58.2352454882153, -18.8518367820762, -29.9924431147485, 85, 6, 0.34229, 68.16364
7558, 56.909163211324, -18.965032177199, -29.3924327815775, 86, 6, 0.4781558, 66.8
7559, 56.7438866245406, -19.4539619007693, -29.3924327815775, 87, 6, 0.3915361, 66.8
7560, 57.1518547636428, -20.1449904845472, -29.6924362696716, 88, 6, 0.6119347, 67.48182
7561, 57.5520962444733, -20.8444665318548, -29.9924431147485, 89, 6, 0.1861555, 68.16364
7562, 55.6490468342358, -20.6985214421283, -29.0924292934834, 90, 6, 0.467209, 66.11819
7563, 55.4689023961289, -21.1765452899649, -29.0924292934834, 91, 6, 0.516588, 66.11819
7564, 56.4248514508256, -22.0995765411759, -29.6924362696716, 92, 6, -0.01448178, 67.48182
7565, 55.6644663830834, -22.3560391210492, -29.3924327815775, 93, 6, 0.4807938, 66.8
7566, 55.4700605222329, -22.8341342852125, -29.3924327815775, 94, 6, 1.178304, 66.8
7567, 55.8356956049967, -23.548465785549, -29.6924362696716, 95, 6, 0.7396458, 67.48182
7568, 55.6310240768487, -24.0279900263859, -29.6924362696716, 96, 6, 0.7727623, 67.48182
7569, 55.4222344220367, -24.5057355779382, -29.6924362696716, 97, 6, 0.3691202, 67.48182
7570, 55.2093420963654, -24.9816670747473, -29.6924362696716, 98, 6, 0.3530881, 67.48182
7571, 54.9923628593428, -25.4557492856408, -29.6924362696716, 99, 6, 0.5209807, 67.48182
7572, 54.7713127730131, -25.9279471163413, -29.6924362696716, 100, 6, 0.7222514, 67.48182
7573, 52.892846353582, -25.5980633184768, -28.7924224484065, 101, 6, 0.2934871, 65.43636
7574, 53.2194590582855, -26.3236468026885, -29.0924292934834, 102, 6, 0.5003064, 66.11819
7575, 53.5374549893549, -27.0567221990784, -29.3924327815775, 103, 6, 0.4557557, 66.8
7576, 53.3026843977954, -27.5163431233934, -29.3924327815775, 104, 6, 0.6362215, 66.8
7577, 53.0639680365953, -27.973927130571, -29.3924327815775, 105, 6, 0.6971937, 66.8
7578, 52.8213235769052, -28.4294403476251, -29.3924327815775, 106, 6, 0.7829918, 66.8
7579, 52.5747689806563, -28.8828490548616, -29.3924327815775, 107, 6, 0.898409, 66.8
7580, 52.3243224992302, -29.334119688374, -29.3924327815775, 108, 6, 0.6018482, 66.8
7581, 51.5385331424242, -29.479226668562, -29.0924292934834, 109, 6, 0.6527262, 66.11819
7582, 50.7541536305599, -29.6130027232279, -28.7924224484065, 110, 6, 0.7874751, 65.43636
7583, 50.4974924826111, -30.0485822295997, -28.7924224484065, 111, 6, 0.5023574, 65.43636
7584, 50.2370932213756, -30.4819373680087, -28.7924224484065, 112, 6, 0.6107588, 65.43636
7585, 49.9729751230963, -30.9130360590283, -28.7924224484065, 113, 6, 0.6853794, 65.43636
7586, 49.7051577393059, -31.3418463902672, -28.7924224484065, 114, 6, 0.6796563, 65.43636
7587, 49.4336608953793, -31.7683366187313, -28.7924224484065, 115, 6, 1.145637, 65.43636
7588, 49.6707188984435, -32.5279093635146, -29.0924292934834, 116, 6, 0.7062709, 66.11819
7589, 21.3772315955461, -14.2636273689391, -12.5921837365842, 117, 6, 0.4992768, 28.61818
7590, 21.7600835941056, -14.7912197791215, -12.8921889031697, 118, 6, 0.3033563, 29.3
7591, 21.6320183741671, -14.9778904267734, -12.8921889031697, 119, 6, 0.4672718, 29.3
7592, 21.0019855453903, -14.8105941663655, -12.5921837365842, 120, 6, 0.6390733, 28.61818
7593, 20.8737816926285, -14.9907416180137, -12.5921837365842, 121, 6, 0.4185073, 28.61818
7594, 20.7440326431282, -15.1697793692062, -12.5921837365842, 122, 6, 0.2225813, 28.61818
7595, 20.1216579390378, -14.9820417999269, -12.2921802484901, 123, 6, 1.074286, 27.93636
7596, 19.9920115787665, -15.1546087955074, -12.2921802484901, 124, 6, 0.5905164, 27.93636
7597, 19.3761569493431, -14.9520035250512, -11.9921750819046, 125, 6, 0.4507532, 27.25454
7598, 19.2467966237187, -15.1181575353591, -11.9921750819046, 126, 6, 0.5033369, 27.25454
7599, 14.3338213666408, -11.4598460825711, -8.99213180850687, 127, 6, 0.5601926, 20.43636
7600, 14.2346932887808, -11.5827464006309, -8.99213180850687, 128, 6, 0.5711529, 20.43636
7601, 14.606082241875, -12.0952970589715, -9.29213697509237, 129, 6, 0.5090647, 21.11818
7602, 13.5650924855237, -11.4314173663204, -8.69212832041281, 130, 6, 0.9315425, 19.75455
7603, 13.4662374538166, -11.5477047927825, -8.69212832041281, 131, 6, 1.156886, 19.75455
7604, 13.3663855741735, -11.6631373920721, -8.69212832041281, 132, 6, 0.7855122, 19.75455
7605, 13.265544238202, -11.7777066192078, -8.69212832041281, 133, 6, 0.6262193, 19.75455
7606, 13.1637209107545, -11.89140399312, -8.69212832041281, 134, 6, 0.9178132, 19.75455
7607, 13.0609231293763, -12.0042210972785, -8.69212832041281, 135, 6, 0.3949469, 19.75455
7608, 10.2738987567075, -9.60705189129925, -6.89210109750557, 136, 6, 0.6681421, 15.66364
7609, 10.190861908661, -9.69509026589195, -6.89210109750557, 137, 6, 1.09285, 15.66364
7610, 10.1070706747148, -9.78241095443811, -6.89210109750557, 138, 6, 0.7740169, 15.66364
7611, 10.4587998078063, -10.2985933411385, -7.1921058444682, 139, 6, 1.167122, 16.34546
7612, 8.6395826578689, -8.65490482124095, -5.99208811548623, 140, 6, 1.933742, 13.61818
7613, 8.99360987157897, -9.16594564809252, -6.29209244282601, 141, 6, 0.4698321, 14.3
7614, 55.9048603684953, 24.2747751543913, -30.5231729920884, 1, 5, 1.043181, 68.16364
7615, 56.672909391183, 24.0308773361222, -30.8284851779044, 2, 5, 0.05617428, 68.84546
7616, 55.7509784976338, 23.0760786854351, -30.2178573898863, 3, 5, 0.3626952, 67.48182
7617, 165.611401614528, 66.8856506259091, -89.4486025066529, 4, 5, 1.248553, 199.7545
7618, 57.8414564091001, 22.7836468326889, -31.1337973637204, 5, 5, 0.4086414, 69.52728
7619, 164.461290200205, 63.1519453982915, -88.227353763389, 6, 5, 0.8745506, 197.0273
7620, 165.56951971912, 61.9482569781518, -88.5326625328188, 7, 5, 0.9572535, 197.7091
7621, 166.09637824649, 60.521446909753, -88.5326625328188, 8, 5, 0.8136051, 197.7091
7622, 164.88722023773, 58.4788225862134, -87.6167225589847, 9, 5, 0.02669466, 195.6636
7623, 165.960563902239, 57.2568397540294, -87.9220381611869, 10, 5, 0.3480709, 196.3455
7624, 165.869044885013, 55.6329761717729, -87.6167225589847, 11, 5, 0.4738526, 195.6636
7625, 161.704429120818, 52.6927748365206, -85.1742182396845, 12, 5, 0.8049576, 190.2091
7626, 162.151798939484, 51.2995615765972, -85.1742182396845, 13, 5, 0.7823815, 190.2091
7627, 163.75277259713, 50.2603083104047, -85.7848426113165, 14, 5, 0.8434595, 191.5727
7628, 272.863185429497, 81.1872150274253, -142.573079992397, 15, 5, 1.061284, 318.3909
7629, 272.965797882755, 78.6677400749643, -142.267764390195, 16, 5, 1.102019, 317.7091
7630, 271.870859692807, 75.8249699909065, -141.351831249133, 17, 5, 0.6040127, 315.6636
7631, 272.513175341589, 73.4830571592679, -141.351831249133, 18, 5, 0.433653, 315.6636
7632, 306.762968413641, 79.8937321274068, -158.754670253664, 19, 5, 1.013379, 354.5273
7633, 277.284799236404, 69.6744957908177, -143.183711196801, 20, 5, 1.076037, 319.7545
7634, 283.799148167001, 68.7209853016405, -146.236839887733, 21, 5, 0.6801136, 326.5727
7635, 286.754806440923, 66.8301955763347, -147.458088630997, 22, 5, 1.233339, 329.3
7636, 287.319182487133, 64.3605580512452, -147.458088630997, 23, 5, 1.037623, 329.3
7637, 292.630470496025, 62.9112449319825, -149.90059978307, 24, 5, 0.6892928, 334.7545
7638, 324.807280801987, 66.9103574745151, -166.082190044337, 25, 5, 0.8197424, 370.8909
7639, 312.211909197872, 61.5203779712392, -159.365301458068, 26, 5, 0.6533096, 355.8909
7640, 312.72965871099, 58.8319106710957, -159.365301458068, 27, 5, 0.7528142, 355.8909
7641, 342.628035741429, 61.4091183828164, -174.325642976071, 28, 5, 0.5980978, 389.3
7642, 343.744687387527, 58.5613483279419, -174.630958578273, 29, 5, 0.6284342, 389.9818
7643, 353.26338761034, 57.0598438207004, -179.210651614671, 30, 5, 0.4851131, 400.2091
7644, 353.138582485156, 53.9263159777983, -178.905336012469, 31, 5, 0.7179382, 399.5273
7645, 353.589479846119, 50.886007278172, -178.905336012469, 32, 5, 0.6166992, 399.5273
7646, 354.618354730481, 47.9235776108475, -179.210651614671, 33, 5, 0.4378209, 400.2091
7647, 363.485149911284, 45.94098147486, -183.485042714412, 34, 5, 0.2966871, 409.7545
7648, 415.331278408996, 48.8671506349328, -209.43665025288, 35, 5, -0.6206818, 467.7091
7649, 416.342404263944, 45.3579657125933, -209.741965855082, 36, 5, -0.9600639, 468.3909
7650, 416.717242408277, 41.7741848694633, -209.741965855082, 37, 5, -0.8252811, 468.3909
7651, 404.919250485772, 37.0755572606241, -203.635708473218, 38, 5, 0.08126783, 454.7545
7652, 405.223251740474, 33.5903648241861, -203.635708473218, 39, 5, 0.01334906, 454.7545
7653, 529.522366873468, 39.3098725469563, -265.919585697303, 40, 5, -0.05377197, 593.8455
7654, 535.924295026193, 35.1515523375716, -268.972714388235, 41, 5, -0.1124897, 600.6636
7655, 527.077081809249, 30.0193154939492, -264.393007686292, 42, 5, -0.6661148, 590.4363
7656, 540.712279329052, 26.1307734387249, -271.10989627256, 43, 5, -1.097502, 605.4363
7657, 540.917088415238, 21.4776581150224, -271.10989627256, 44, 5, -0.554734, 605.4363
7658, 545.347303589395, 16.9555713264377, -273.247105487976, 45, 5, -1.427423, 610.2091
7659, 552.177337078874, 12.4136389604468, -276.60554978111, 46, 5, -0.5034027, 617.7091
7660, 552.263703144705, 7.66238896516637, -276.60554978111, 47, 5, -0.6112976, 617.7091
7661, 549.261009096312, 2.89450839486871, -275.078971770099, 48, 5, -0.07890892, 614.3
7662, 548.655942218664, -1.82926534704118, -274.773656167897, 49, 5, 0.1248283, 613.6182
7663, 548.619896368434, -6.54969100403499, -274.773656167897, 50, 5, -0.6728992, 613.6182
7664, 548.543238534853, -11.2696318154302, -274.773656167897, 51, 5, -1.22657, 613.6182
7665, 550.863515297623, -16.0598021296361, -275.994918576706, 52, 5, 3.49737, 616.3455
7666, 550.704951892816, -20.7986944597148, -275.994918576706, 53, 5, 11.73488, 616.3455
7667, 548.6786542213, -25.4513004431965, -275.078971770099, 54, 5, 27.52979, 614.3
7668, 547.83064594463, -30.1375597460823, -274.773656167897, 55, 5, 51.18005, 613.6182
7669, 547.551073421314, -34.8498369971288, -274.773656167897, 56, 5, 28.69445, 613.6182
7670, 550.271254991205, -39.7793179623311, -276.300234178908, 57, 5, 20.02938, 617.0273
7671, 549.300980254835, -44.4630500705343, -275.994918576706, 58, 5, 1.803663, 616.3455
7672, 551.934101217837, -49.4595073018062, -277.521469256627, 59, 5, -0.6478882, 619.7545
7673, 556.341898859581, -54.6834561586837, -279.963994074244, 60, 5, -0.4395599, 625.2091
7674, 555.850824786805, -59.4680535074984, -279.963994074244, 61, 5, -0.685791, 625.2091
7675, 560.768989074459, -64.8788375608382, -282.711807162974, 62, 5, -0.4707737, 631.3455
7676, 560.190032726293, -69.701147084905, -282.711807162974, 63, 5, -0.7475262, 631.3455
7677, 559.569607907089, -74.5182969313083, -282.711807162974, 64, 5, -0.6536207, 631.3455
7678, 57.9284933551334, -8.22222140513206, -29.3019174160522, 65, 5, 0.7790455, 65.43636
7679, 57.8556073963979, -8.72031880292334, -29.3019174160522, 66, 5, 1.160778, 65.43636
7680, 57.7784386346143, -9.2177706728284, -29.3019174160522, 67, 5, 1.957489, 65.43636
7681, 58.2981750136589, -9.81576225899603, -29.6072330182543, 68, 5, 1.629801, 66.11819
7682, 58.211564959928, -10.3169813203482, -29.6072330182543, 69, 5, 1.463193, 66.11819
7683, 59.3193353696194, -11.0405372263599, -30.2178573898863, 70, 5, 0.8167684, 67.48182
7684, 56.8286916778996, -11.0836844011848, -28.9966052302362, 71, 5, 0.3032585, 64.75455
7685, 59.1205804156491, -12.0596012478352, -30.2178573898863, 72, 5, 0.5656974, 67.48182
7686, 57.8221021098978, -12.3138501794073, -29.6072330182543, 73, 5, 0.481056, 66.11819
7687, 58.9043200112972, -13.0750944526883, -30.2178573898863, 74, 5, 0.1891422, 67.48182
7688, 58.7896450739328, -13.5814079911118, -30.2178573898863, 75, 5, 0.4260406, 67.48182
7689, 58.6706181907079, -14.0867161560173, -30.2178573898863, 76, 5, 0.3870749, 67.48182
7690, 58.5472481726733, -14.5909815416037, -30.2178573898863, 77, 5, 0.4616156, 67.48182
7691, 57.8292905652612, -14.9416598759274, -29.9125452040703, 78, 5, 0.4424354, 66.8
7692, 55.3429109434188, -14.8083345404373, -28.6912930444202, 79, 5, 0.5367792, 64.07273
7693, 55.213455476012, -15.2839424871705, -28.6912930444202, 80, 5, 0.4872084, 64.07273
7694, 55.0799127927579, -15.7584190290422, -28.6912930444202, 81, 5, 0.5291466, 64.07273
7695, 54.9422927792499, -16.2317290425843, -28.6912930444202, 82, 5, 0.5097684, 64.07273
7696, 55.966903193455, -17.0593380342022, -29.3019174160522, 83, 5, 0.5792141, 65.43636
7697, 55.8180575803331, -17.5402313322649, -29.3019174160522, 84, 5, 0.6680696, 65.43636
7698, 56.2450904150215, -18.2075864093623, -29.6072330182543, 85, 5, 0.6116245, 66.11819
7699, 56.0863552743187, -18.6908306581393, -29.6072330182543, 86, 5, 0.6445596, 66.11819
7700, 56.5001556370586, -19.3704016509069, -29.9125452040703, 87, 5, 0.4243327, 66.8
7701, 56.9063714380092, -20.0584620721369, -30.2178573898863, 88, 5, 0.3931385, 67.48182
7702, 55.5852873926578, -20.1321192159191, -29.6072330182543, 89, 5, 0.5874776, 66.11819
7703, 55.4100184922563, -20.6096154582311, -29.6072330182543, 90, 5, 0.5111904, 66.11819
7704, 55.2306478252885, -21.0855860589004, -29.6072330182543, 91, 5, 0.2650373, 66.11819
7705, 54.4795312481162, -21.3376648726208, -29.3019174160522, 92, 5, 0.370893, 65.43636
7706, 55.4253718097952, -22.2600136315157, -29.9125452040703, 93, 5, 0.6933289, 66.8
7707, 55.2318009769144, -22.736055242188, -29.9125452040703, 94, 5, 0.8041958, 66.8
7708, 54.4724175863588, -22.9735091125777, -29.6072330182543, 95, 5, 0.5791014, 66.11819
7709, 52.0340741959653, -22.474405901386, -28.3859791504112, 96, 5, 0.8114342, 63.39091
7710, 52.9539163072663, -23.4143333334494, -28.9966052302362, 97, 5, 0.6124222, 64.75455
7711, 53.305928160895, -24.1203915833936, -29.3019174160522, 98, 5, 0.4917397, 65.43636
7712, 51.4367070662162, -23.809850151476, -28.3859791504112, 99, 5, 0.4907596, 63.39091
7713, 52.8830004686535, -25.034047388769, -29.3019174160522, 100, 5, 0.4305978, 65.43636
7714, 52.6656566695586, -25.4881124211842, -29.3019174160522, 101, 5, 0.3862895, 65.43636
7715, 52.4444142572598, -25.940290677702, -29.3019174160522, 102, 5, 0.4587627, 65.43636
7716, 51.1310887776096, -25.8405944972034, -28.6912930444202, 103, 5, 0.3620588, 64.07273
7717, 51.4485849453446, -26.5592048986505, -28.9966052302362, 104, 5, 0.2290802, 64.75455
7718, 51.2181721785993, -27.0008721416587, -28.9966052302362, 105, 5, 0.4311216, 64.75455
7719, 52.5944411033678, -28.3073278879106, -29.9125452040703, 106, 5, 0.7689668, 66.8
7720, 51.8146288773329, -28.4652530807754, -29.6072330182543, 107, 5, 0.7360882, 66.11819
7721, 51.567803418271, -28.909999122499, -29.6072330182543, 108, 5, 0.6392695, 66.11819
7722, 50.7879679756347, -29.049915251798, -29.3019174160522, 109, 5, 0.6105987, 65.43636
7723, 50.5361502346163, -29.4858065294988, -29.3019174160522, 110, 5, 0.6835014, 65.43636
7724, 49.7566914242327, -29.6077678361697, -28.9966052302362, 111, 5, 0.8485032, 64.75455
7725, 50.0213107456335, -30.3510088550532, -29.3019174160522, 112, 5, 0.7470684, 65.43636
7726, 49.7583271090334, -30.7802558556808, -29.3019174160522, 113, 5, 0.8019201, 65.43636
7727, 48.9759802762304, -30.8820597387728, -28.9966052302362, 114, 5, 0.7754046, 64.75455
7728, 23.5780978311617, -15.1523665284466, -14.03626200404, 115, 5, 0.2820399, 31.34546
7729, 20.3867963061687, -13.3507200452513, -12.2043820563718, 116, 5, 0.656794, 27.25454
7730, 20.7782943994764, -13.8639957822226, -12.5096959503809, 117, 5, 0.5003805, 27.93636
7731, 20.6582431130406, -14.0422536896079, -12.5096959503809, 118, 5, 0.4547552, 27.93636
7732, 21.0378812694075, -14.5665131664713, -12.8150081361968, 119, 5, 0.793445, 28.61818
7733, 20.911776097632, -14.7469784897508, -12.8150081361968, 120, 5, 0.6234504, 28.61818
7734, 20.7841229165547, -14.926352157316, -12.8150081361968, 121, 5, 0.6648644, 28.61818
7735, 20.6549311757944, -15.1046208909017, -12.8150081361968, 122, 5, 0.4988866, 28.61818
7736, 20.5242104388628, -15.2817714940363, -12.8150081361968, 123, 5, 0.8312544, 28.61818
7737, 15.0478253772062, -11.4067514375028, -9.45656555125567, 124, 5, 0.5110841, 21.11818
7738, 14.9491276845647, -11.5357968259867, -9.45656555125567, 125, 5, 0.4514892, 21.11818
7739, 14.8493233719689, -11.6639882687938, -9.45656555125567, 126, 5, 0.4653186, 21.11818
7740, 13.7960899637642, -11.0299314803791, -8.84593947143063, 127, 5, 0.7297281, 19.75455
7741, 14.1735512687649, -11.5329952400053, -9.1512516572466, 128, 5, 0.5122029, 20.43636
7742, 13.6042571586043, -11.2656856832017, -8.84593947143063, 129, 5, 0.7425532, 19.75455
7743, 13.5068265896986, -11.3823162065524, -8.84593947143063, 130, 5, 0.4822245, 19.75455
7744, 13.4083961682169, -11.4981041457398, -8.84593947143063, 131, 5, 0.7734414, 19.75455
7745, 11.0122101592608, -9.60894920807879, -7.31937341777148, 132, 5, 0.4798006, 16.34546
7746, 10.9291296601762, -9.70333975217922, -7.31937341777148, 133, 5, 1.499434, 16.34546
7747, 13.1071790189778, -11.8403270611331, -8.84593947143063, 134, 5, 0.1810493, 19.75455
7748, 13.0048227830463, -11.9526595840295, -8.84593947143063, 135, 5, 0.6008613, 19.75455
7749, 8.89390320484403, -8.31662756549416, -6.09812083107313, 136, 5, 0.5389516, 13.61818
7750, 9.70539949298792, -9.23324493987013, -6.70874691089817, 137, 5, 0.472773, 14.98182
7751, 10.0636579572815, -9.74039274201541, -7.01405995081069, 138, 5, 1.401957, 15.66364
7752, 1043.4031904759, -1027.42048294465, -733.35397364737, 139, 5, -21.37731, 1637.709
7753, 9.03317101871623, -9.04919120482908, -6.40343387098565, 140, 5, 0.658635, 14.3
7754, 8.95497978214693, -9.12657532792397, -6.40343387098565, 141, 5, 0.338771, 14.3
7755, 54.5459873091585, 23.6847309657227, -30.4303991966144, 1, 4, 1.211282, 66.8
7756, 54.7477456857308, 23.2145548046928, -30.4303991966144, 2, 4, 0.8532355, 66.8
7757, 54.9454513209588, 22.7426601695072, -30.4303991966144, 3, 4, 0.7266712, 66.8
7758, 55.1390895795403, 22.2690819925064, -30.4303991966144, 4, 4, 0.7687248, 66.8
7759, 56.4581123284257, 22.2387500590106, -31.0515983364124, 5, 4, 0.541765, 68.16364
7760, 56.6473590872586, 21.7521759903566, -31.0515983364124, 6, 4, 0.6515183, 68.16364
7761, 58.5378342719358, 21.9020796012104, -31.983391832812, 7, 4, -0.06609535, 70.20909
7762, 164.797052932387, 60.0480046297577, -89.7547693372317, 8, 4, 0.7605692, 197.0273
7763, 57.7619343044373, 20.4858199656444, -31.3621961685456, 9, 4, 0.7791432, 68.84546
7764, 57.3622770776648, 19.7901394725123, -31.0515983364124, 10, 4, 1.249638, 68.16364
7765, 58.1058790364369, 19.4888864653135, -31.3621961685456, 11, 4, 0.9693592, 68.84546
7766, 160.994657929566, 52.4614898075984, -86.6487771137732, 12, 4, 1.394542, 190.2091
7767, 161.440064102519, 51.0743917953559, -86.6487771137732, 13, 4, 1.143308, 190.2091
7768, 162.453771565646, 49.8616085430515, -86.959378421438, 14, 4, 1.155034, 190.8909
7769, 158.222691537951, 47.0772913535038, -84.4745888133092, 15, 4, 1.185513, 185.4364
7770, 158.621876062884, 45.7142419054198, -84.4745888133092, 16, 4, 1.234224, 185.4364
7771, 156.670711027293, 43.6955691960568, -83.2321905337132, 17, 4, 1.264516, 182.7091
7772, 157.040857535501, 42.3459977527938, -83.2321905337132, 18, 4, 1.263174, 182.7091
7773, 157.399378981012, 40.9932916165182, -83.2321905337132, 19, 4, 1.095646, 182.7091
7774, 276.067709739599, 69.3686726903241, -145.662545946726, 20, 4, 1.305226, 319.7545
7775, 278.424054207421, 67.4194248305221, -146.594335967594, 21, 4, 0.9281488, 321.8
7776, 285.496150127851, 66.5368569969051, -150.010922547654, 22, 4, 1.362924, 329.3
7777, 285.465758719815, 63.9453842819986, -149.700321239989, 23, 4, 1.393704, 328.6182
7778, 286.005362309534, 61.4869441641413, -149.700321239989, 24, 4, 1.151423, 328.6182
7779, 293.063081048367, 60.3710466930182, -153.116907820049, 25, 4, 1.431036, 336.1182
7780, 294.1671678775, 57.964718261542, -153.427509127714, 26, 4, 1.499758, 336.8
7781, 311.356990667142, 58.573679059583, -162.124276231697, 27, 4, 1.177446, 355.8909
7782, 307.069861299377, 55.0360376188223, -159.639479672504, 28, 4, 1.210767, 350.4363
7783, 306.933691075777, 52.2901195456313, -159.328892266966, 29, 4, 1.074936, 349.7545
7784, 306.173816914418, 49.4538375270143, -158.707689651636, 30, 4, 1.103357, 348.3909
7785, 351.588547067264, 53.6896165519418, -182.002593096727, 31, 4, 0.9206107, 399.5273
7786, 352.037465299029, 50.6626527157756, -182.002593096727, 32, 4, 0.7250439, 399.5273
7787, 352.460323703627, 47.6319385402173, -182.002593096727, 33, 4, 1.011953, 399.5273
7788, 353.459268519166, 44.6738077501098, -182.313194404392, 34, 4, 1.03395, 400.2091
7789, 366.489451534011, 43.1205068465619, -188.835766256848, 35, 4, 0.5634503, 414.5273
7790, 367.450282354253, 40.0314672188443, -189.146367564512, 36, 4, 0.8722621, 415.2091
7791, 368.385043562545, 36.9290812734113, -189.456968872177, 37, 4, 0.609279, 415.8909
7792, 402.537493783443, 36.8574768485613, -206.850503080142, 38, 4, 0.230639, 454.0727
7793, 403.444600458785, 33.4429262327668, -207.161104387807, 39, 4, 0.164254, 454.7545
7794, 403.717402079722, 29.9705557565889, -207.161104387807, 40, 4, 0.008545637, 454.7545
7795, 524.487008311222, 34.4013747727694, -268.970250234427, 41, 4, -0.1782589, 590.4363
7796, 524.763576048949, 29.887551352209, -268.970250234427, 42, 4, -0.2329502, 590.4363
7797, 529.245122617785, 25.5766050104061, -271.144459388081, 43, 4, -0.3021755, 595.2091
7798, 538.542834547858, 21.3833859725185, -275.803423394547, 44, 4, -0.7275219, 605.4363
7799, 542.346929056257, 16.8622857008046, -277.667031240536, 45, 4, 0.8553226, 609.5273
7800, 542.471933975842, 12.1954493282464, -277.667031240536, 46, 4, -1.756935, 609.5273
7801, 543.16369183232, 7.53613075578948, -277.977632548201, 47, 4, -0.7438488, 610.2091
7802, 548.064050753532, 2.8882006360544, -280.462415205266, 48, 4, -0.7810526, 615.6636
7803, 546.247720107415, -1.82123613070158, -279.530611282272, 49, 4, 1.227748, 613.6182
7804, 546.818757449255, -6.52818813209387, -279.841212589937, 50, 4, 0.5223713, 614.3
7805, 546.135511115236, -11.2201658852631, -279.530611282272, 51, 4, -0.5699472, 613.6182
7806, 538.131580216169, -15.6886169767674, -275.492822086882, 52, 4, -0.5832167, 604.7545
7807, 537.370145831738, -20.2950734989977, -275.182220779217, 53, 4, -0.612998, 604.0727
7808, 545.664016152207, -25.3114618352359, -279.530611282272, 54, 4, 25.00672, 613.6182
7809, 546.032098163077, -30.0386170497874, -279.841212589937, 55, 4, 45.524, 614.3
7810, 543.330473236413, -34.5812095838818, -278.598807359278, 56, 4, 23.62103, 611.5727
7811, 544.223612142441, -39.3421315644927, -279.220009974607, 57, 4, 32.98665, 612.9363
7812, 546.284937371957, -44.2189171260526, -280.462415205266, 58, 4, -1.487151, 615.6636
7813, 549.511490243955, -49.2424140928746, -282.325995247002, 59, 4, 0.02293682, 619.7545
7814, 549.671539596796, -54.0278192220142, -282.636596554667, 60, 4, -0.5321627, 620.4363
7815, 549.789877450032, -58.8196192074006, -282.947197862332, 61, 4, -0.9372549, 621.1182
7816, 549.866405651535, -63.6174501576995, -283.257799169997, 62, 4, -1.410566, 621.8
7817, 557.128860155837, -69.3202634077228, -287.295588365387, 63, 4, -0.1599789, 630.6636
7818, 558.31679560877, -74.3514589945687, -288.227392288381, 64, 4, -0.8149195, 632.7091
7819, 57.674227124087, -8.1861315100489, -29.8092000568164, 65, 4, 0.2756555, 65.43636
7820, 57.6016610845648, -8.68204260295471, -29.8092000568164, 66, 4, 0.6280212, 65.43636
7821, 57.5248310405534, -9.1773110013976, -29.8092000568164, 67, 4, 0.7124171, 65.43636
7822, 58.0422861344724, -9.77267781591995, -30.1198013644812, 68, 4, 1.152764, 66.11819
7823, 57.9560562392898, -10.2716968704313, -30.1198013644812, 69, 4, 1.738595, 66.11819
7824, 57.865536105261, -10.7699555551765, -30.1198013644812, 70, 4, 1.058893, 66.11819
7825, 57.174989293289, -11.1512251691408, -29.8092000568164, 71, 4, 1.174111, 65.43636
7826, 55.8875013339849, -11.400107645887, -29.18800439255, 72, 4, 0.7645934, 64.07273
7827, 55.1936968845558, -11.7541024882196, -28.877404822651, 73, 4, 0.5984091, 63.39091
7828, 55.0905247600629, -12.2285396817727, -28.877404822651, 74, 4, 0.9746961, 63.39091
7829, 54.9832745197576, -12.7020716488597, -28.877404822651, 75, 4, 0.7191676, 63.39091
7830, 55.4621458271572, -13.3163673703125, -29.18800439255, 76, 4, 1.19409, 64.07273
7831, 55.9344698446357, -13.9398322297819, -29.4986022246832, 77, 4, 1.222345, 64.75455
7832, 55.2248020704971, -14.2687243987818, -29.18800439255, 78, 4, 0.7666665, 64.07273
7833, 55.09999364028, -14.7433361399337, -29.18800439255, 79, 4, 1.026561, 64.07273
7834, 54.9711063933098, -15.2168564949987, -29.18800439255, 80, 4, 0.8303063, 64.07273
7835, 54.8381498705579, -15.6892504112913, -29.18800439255, 81, 4, 0.8497176, 64.07273
7836, 54.7011339142267, -16.1604829195111, -29.18800439255, 82, 4, 0.9062748, 64.07273
7837, 55.1406578303331, -16.8074892066913, -29.4986022246832, 83, 4, 0.6770251, 64.75455
7838, 56.1521062592454, -17.6452025791759, -30.1198013644812, 84, 4, 0.8325146, 66.11819
7839, 55.420748591633, -17.9407315626646, -29.8092000568164, 85, 4, 1.386536, 65.43636
7840, 55.8401747620567, -18.6087907708348, -30.1198013644812, 86, 4, 0.7297286, 66.11819
7841, 53.3813688104448, -18.3011629414927, -28.877404822651, 87, 4, 1.004148, 63.39091
7842, 53.7943790012614, -18.9615412760309, -29.18800439255, 88, 4, 1.116183, 64.07273
7843, 54.1999317701776, -19.6303651393197, -29.4986022246832, 89, 4, 0.6723135, 64.75455
7844, 54.597915687534, -20.3075558853721, -29.8092000568164, 90, 4, 0.789217, 65.43636
7845, 54.4211739210015, -20.7765505443203, -29.8092000568164, 91, 4, 0.506938, 65.43636
7846, 53.6752441157155, -21.0226546495268, -29.4986022246832, 92, 4, 0.7697152, 64.75455
7847, 52.9291498816752, -21.2574775666621, -29.18800439255, 93, 4, 0.8504497, 64.07273
7848, 52.1830268389548, -21.4810337510261, -28.877404822651, 94, 4, 0.7774842, 63.39091
7849, 51.437013495338, -21.6933404210584, -28.5668035149861, 95, 4, 1.153281, 62.70909
7850, 51.2484657922711, -22.1350882058762, -28.5668035149861, 96, 4, 1.252863, 62.70909
7851, 52.1663679319891, -23.066107527676, -29.18800439255, 97, 4, 0.8931677, 64.07273
7852, 51.9659823014443, -23.5140796787787, -29.18800439255, 98, 4, 0.976264, 64.07273
7853, 51.2109353106315, -23.7053412904794, -28.877404822651, 99, 4, 0.9811485, 63.39091
7854, 50.4564817136573, -23.8853685134408, -28.5668035149861, 100, 4, 0.7253225, 62.70909
7855, 52.4344906707321, -25.3762371434674, -29.8092000568164, 101, 4, 0.6999249, 65.43636
7856, 50.0380198835997, -24.7500291327503, -28.5668035149861, 102, 4, 0.7888215, 62.70909
7857, 50.3649432558142, -25.4534004000725, -28.877404822651, 103, 4, 0.8985499, 63.39091
7858, 50.1440846527226, -25.8857852001515, -28.877404822651, 104, 4, 0.8299288, 63.39091
7859, 49.3825868199745, -26.033199859241, -28.5668035149861, 105, 4, 0.4597943, 62.70909
7860, 49.6912482144846, -26.7447742928272, -28.877404822651, 106, 4, 0.9724195, 63.39091
7861, 49.459303900882, -27.1713149981372, -28.877404822651, 107, 4, 0.8164089, 63.39091
7862, 50.282575802197, -28.1894733915204, -29.4986022246832, 108, 4, 0.8922978, 64.75455
7863, 50.0381797856896, -28.621048253513, -29.4986022246832, 109, 4, 1.048229, 64.75455
7864, 22.5289089471162, -13.1447102213247, -13.3474645585482, 110, 4, 0.7608042, 29.3
7865, 22.4149814117564, -13.3380565848501, -13.3474645585482, 111, 4, 0.7933068, 29.3
7866, 23.3372191103593, -14.1601276198598, -13.9686619605804, 112, 4, 1.167371, 30.66364
7867, 21.1497888146072, -13.0831550984567, -12.726267156516, 113, 4, 0.8207549, 27.93636
7868, 21.0364419287335, -13.2646381485429, -12.726267156516, 114, 4, 1.153393, 27.93636
7869, 21.4321497706494, -13.7732819306672, -13.0368649886492, 115, 4, 0.7320838, 28.61818
7870, 20.2973122964932, -13.2921195695432, -12.415667586617, 116, 4, 1.084578, 27.25454
7871, 20.1821990871261, -13.4662603984927, -12.415667586617, 117, 4, 1.189561, 27.25454
7872, 20.0655918759214, -13.6394043778078, -12.415667586617, 118, 4, 0.7618182, 27.25454
7873, 19.947499294812, -13.8115386903807, -12.415667586617, 119, 4, 0.4312201, 27.25454
7874, 20.8199877878578, -14.6822494000967, -13.0368649886492, 120, 4, 1.185855, 28.61818
7875, 20.6928949164201, -14.8608357406703, -13.0368649886492, 121, 4, 0.9004226, 28.61818
7876, 20.5642702385179, -15.0383219971643, -13.0368649886492, 122, 4, 0.8026316, 28.61818
7877, 18.4867802138814, -13.7647561025817, -11.7944701845848, 123, 4, 1.176494, 25.89091
7878, 18.3676675753937, -13.9233020896535, -11.7944701845848, 124, 4, 0.6897733, 25.89091
7879, 14.8835112990239, -11.4851626145447, -9.62028014635492, 125, 4, 1.028651, 21.11818
7880, 15.2614620739291, -11.9877189105452, -9.93087797848813, 126, 4, 0.6475072, 21.8
7881, 13.7355346205282, -10.9815176697691, -8.99908274432271, 127, 4, 0.9864111, 19.75455
7882, 13.6405441005207, -11.0992881882097, -8.99908274432271, 128, 4, 1.359765, 19.75455
7883, 14.0120254683835, -11.603358630426, -9.30968057645591, 129, 4, 0.7100942, 20.43636
7884, 13.4475409136616, -11.3323556694351, -8.99908274432271, 130, 4, 0.9949891, 19.75455
7885, 13.3495425340102, -11.4476353792315, -8.99908274432271, 131, 4, 0.7280698, 19.75455
7886, 13.2505559448484, -11.562067669566, -8.99908274432271, 132, 4, 0.4087417, 19.75455
7887, 10.8811583002053, -9.66074876656142, -7.44608837035927, 133, 4, 1.190008, 16.34546
7888, 13.5000481166603, -12.1952240684936, -9.30968057645591, 134, 4, 1.066016, 20.43636
7889, 9.81954655629591, -9.02509009272644, -6.82489053388561, 135, 4, 0.300997, 14.98182
7890, 9.2981993311052, -8.69468208563497, -6.5142918328695, 136, 4, 1.072213, 14.3
7891, 9.2230483895546, -8.77435956495751, -6.5142918328695, 137, 4, 0.6495329, 14.3
7892, 9.14721470519767, -8.85338751598744, -6.5142918328695, 138, 4, 0.9766572, 14.3
7893, 10.3681665623263, -10.2093484033313, -7.44608837035927, 139, 4, 0.4291501, 16.34546
7894, 10.2799442222513, -10.2981755409464, -7.44608837035927, 140, 4, -0.15905, 16.34546
7895, 8.91567358192618, -9.08651594131494, -6.5142918328695, 141, 4, 0.6827884, 14.3
7896, 52.0844081200595, 22.6158743234516, -29.6825120143564, 1, 3, 1.551479, 64.07273
7897, 54.5022478103094, 23.1104569315837, -30.9459556606657, 2, 3, 1.359217, 66.8
7898, 54.6990669010268, 22.6406783493772, -30.9459556606657, 3, 3, 1.338319, 66.8
7899, 54.891836853882, 22.1692237746334, -30.9459556606657, 4, 3, 1.717089, 66.8
7900, 55.0805433989403, 21.6961281071168, -30.9459556606657, 5, 3, 1.472044, 66.8
7901, 55.2651725670635, 21.2214263680756, -30.9459556606657, 6, 3, 1.647429, 66.8
7902, 54.8797858921793, 20.5334114945921, -30.630095632692, 7, 3, 1.57519, 66.11819
7903, 56.7576020133473, 20.6810782585399, -31.5776792510277, 8, 3, 1.134528, 68.16364
7904, 56.9334358832189, 20.1919851122365, -31.5776792510277, 9, 3, 1.491382, 68.16364
7905, 57.1050552144535, 19.701397239678, -31.5776792510277, 10, 3, 2.101398, 68.16364
7906, 57.8453227400221, 19.4014951003973, -31.8935392790013, 11, 3, 1.695754, 68.84546
7907, 58.0101071487677, 18.9030908482329, -31.8935392790013, 12, 3, 1.69003, 68.84546
7908, 58.1705973175098, 18.4032872811404, -31.8935392790013, 13, 3, 1.445512, 68.84546
7909, 87.2090453126851, 26.7668964339016, -47.6865866250754, 14, 3, 1.235417, 102.9364
7910, 87.4361128879867, 26.0155817173562, -47.6865866250754, 15, 3, 1.511478, 102.9364
7911, 87.076099175838, 25.0950118653653, -47.3707265971017, 16, 3, 1.599915, 102.2545
7912, 87.2887872108439, 24.3449028641152, -47.3707265971017, 17, 3, 1.692996, 102.2545
7913, 86.9116116132488, 23.4356776180641, -47.054866569128, 18, 3, 1.654247, 101.5727
7914, 156.693574337396, 40.809470970164, -84.6423229992636, 19, 3, 1.721184, 182.7091
7915, 273.071689582429, 68.6158503415882, -147.182792327612, 20, 3, 2.016706, 317.7091
7916, 155.023507245423, 37.5384078198591, -83.3788828873689, 21, 3, 1.909103, 179.9818
7917, 155.340740102514, 36.203236384679, -83.3788828873689, 22, 3, 1.79625, 179.9818
7918, 284.18568341455, 63.6586426858359, -152.23656691285, 23, 3, 1.773408, 328.6182
7919, 290.630303104413, 62.4812383763925, -155.395174261416, 24, 3, 1.636303, 335.4363
7920, 292.340757798102, 60.2222479753045, -156.026901386192, 25, 3, 1.756598, 336.8
7921, 294.033767455235, 57.9384321265245, -156.658628510969, 26, 3, 1.873665, 338.1636
7922, 305.210202619429, 57.4173215627349, -162.344116083324, 27, 3, 1.484478, 350.4363
7923, 305.09816725038, 54.682651495566, -162.028266658594, 28, 3, 1.750225, 349.7545
7924, 304.366021697572, 51.8526838953793, -161.396539533818, 29, 3, 1.669127, 348.3909
7925, 304.800883278144, 49.2320784044742, -161.396539533818, 30, 3, 1.562036, 348.3909
7926, 345.830764971568, 52.810369729239, -182.87509212432, 31, 3, 1.614245, 394.7545
7927, 350.458871537457, 50.43547306757, -185.086108785722, 32, 3, 1.152643, 399.5273
7928, 88.0073863921765, 11.8934306581475, -46.423142978766, 33, 3, 1.409579, 100.2091
7929, 88.1064569783764, 11.1357977316186, -46.423142978766, 34, 3, 1.518304, 100.2091
7930, 365.446159672874, 42.9977549538325, -192.350914170019, 35, 3, 1.15209, 415.2091
7931, 365.802574991857, 39.8519595509187, -192.350914170019, 36, 3, 1.310432, 415.2091
7932, 366.733144577503, 36.7634852131474, -192.666777732407, 37, 3, 1.308574, 415.8909
7933, 400.732449607404, 36.6922018742883, -210.354995849567, 38, 3, 0.7105364, 454.0727
7934, 393.807187880022, 32.6440475823157, -206.564661376224, 39, 3, 1.718233, 445.8909
7935, 391.663146580597, 29.0756903515317, -205.301221264329, 40, 3, 1.024138, 443.1636
7936, 391.898809702517, 25.7048460913995, -205.301221264329, 41, 3, 1.061411, 443.1636
7937, 398.13809655779, 22.6756835825658, -208.459828612895, 42, 3, 1.015821, 449.9818
7938, 398.318456025703, 19.249367415487, -208.459828612895, 43, 3, 0.8800812, 449.9818
7939, 516.807419031749, 20.5203593951726, -270.368577885297, 44, 3, 0.01193047, 583.6182
7940, 516.360887719969, 16.0543451930416, -270.052714322909, 45, 3, -0.001016617, 582.9363
7941, 516.479903146789, 11.6111158815541, -270.052714322909, 46, 3, -0.2189751, 582.9363
7942, 538.915491719226, 7.47718905550564, -281.739581305325, 47, 3, 0.5912523, 608.1636
7943, 538.355638619246, 2.83703902079653, -281.423717742936, 48, 3, 0.8308358, 607.4818
7944, 538.964364806945, -1.79695280770053, -281.739581305325, 49, 3, 0.8344927, 608.1636
7945, 535.303735131999, -6.39071619827988, -279.844399930995, 50, 3, 1.027691, 604.0727
7946, 535.833056945581, -11.0085055144281, -280.160263493383, 51, 3, -0.4852076, 604.7545
7947, 535.114520051228, -15.6006580034163, -279.844399930995, 52, 3, 0.344698, 604.0727
7948, 534.96048991871, -20.2040670591321, -279.844399930995, 53, 3, 0.3743553, 604.0727
7949, 543.217169163689, -25.1979610869124, -284.266461529114, 54, 3, -1.637371, 613.6182
7950, 541.170263790723, -29.7711551526536, -283.318870841949, 55, 3, 36.02777, 611.5727
7951, 542.703169177626, -34.5412837299157, -284.266461529114, 56, 3, 24.75195, 613.6182
7952, 533.345845240225, -38.5557736648233, -279.528536368607, 57, 3, 37.02025, 603.3909
7953, 543.835306070801, -44.0206322456085, -285.214052216279, 58, 3, 0.188365, 615.6636
7954, 544.038269964996, -48.7519519566263, -285.529915778667, 59, 3, -0.1385098, 616.3455
7955, 547.808070822039, -53.8446568298659, -287.740932440068, 60, 3, -0.2320004, 621.1182
7956, 547.324529422427, -58.5558623829388, -287.740932440068, 61, 3, 0.007930756, 621.1182
7957, 56.4063355181367, -6.52599831799439, -29.6825120143564, 62, 3, 1.95067, 64.07273
7958, 56.348099762128, -7.01106224678931, -29.6825120143564, 63, 3, 0.6209297, 64.07273
7959, 56.2856927974106, -7.49560717664685, -29.6825120143564, 64, 3, 2.701825, 64.07273
7960, 58.0138567108989, -8.23433766036913, -30.630095632692, 65, 3, 1.822808, 66.11819
7961, 57.3433657841852, -8.64311089925356, -30.3142320703037, 66, 3, 1.665835, 65.43636
7962, 55.4767951172364, -8.85057449004541, -29.3666502191754, 67, 3, 1.587381, 63.39091
7963, 55.3985937159661, -9.32755485521169, -29.3666502191754, 68, 3, -2.575095, 63.39091
7964, 54.7213171381155, -9.69839596525912, -29.0507866567871, 69, 3, 1.108814, 62.70909
7965, 56.4179742328985, -10.50053478976, -29.9983720423301, 70, 3, 0.9999865, 64.75455
7966, 56.3255421656047, -10.9855517460729, -29.9983720423301, 71, 3, 1.347784, 64.75455
7967, 55.6368926072099, -11.3489876925156, -29.6825120143564, 72, 3, 1.498406, 64.07273
7968, 54.9461992907811, -11.7013951638869, -29.3666502191754, 73, 3, 1.431734, 63.39091
7969, 54.8434898070243, -12.1737049032119, -29.3666502191754, 74, 3, 1.600216, 63.39091
7970, 54.7367204943956, -12.6451134752548, -29.3666502191754, 75, 3, 1.459146, 63.39091
7971, 55.8009863847336, -13.3977224148632, -29.9983720423301, 76, 3, 1.685606, 64.75455
7972, 55.6836505033517, -13.8773237346232, -29.9983720423301, 77, 3, 1.265313, 64.75455
7973, 54.3921341191577, -14.0535835731398, -29.3666502191754, 78, 3, 1.490278, 63.39091
7974, 54.8529162272287, -14.6772246013919, -29.6825120143564, 79, 3, 1.367222, 64.07273
7975, 54.1422636120365, -14.9874199330109, -29.3666502191754, 80, 3, 1.751477, 63.39091
7976, 54.0113117797727, -15.4526911931823, -29.3666502191754, 81, 3, 1.527, 63.39091
7977, 53.8763617212153, -15.9168185567477, -29.3666502191754, 82, 3, 1.575502, 63.39091
7978, 55.4713837786135, -16.9082981746075, -30.3142320703037, 83, 3, 1.086924, 65.43636
7979, 54.1709589411006, -17.0226480910778, -29.6825120143564, 84, 3, 1.332683, 64.07273
7980, 53.4476235609351, -17.3019941328229, -29.3666502191754, 85, 3, 1.608256, 63.39091
7981, 53.2967834434498, -17.7612032212258, -29.3666502191754, 86, 3, 1.245771, 63.39091
7982, 54.2851641223355, -18.6110183393077, -29.9983720423301, 87, 3, 1.23778, 64.75455
7983, 54.1230305004671, -19.0773849586482, -29.9983720423301, 88, 3, 1.650303, 64.75455
7984, 53.3887653892814, -19.3365733996317, -29.6825120143564, 89, 3, 1.629249, 64.07273
7985, 53.22042245822, -19.7952007819995, -29.6825120143564, 90, 3, 1.824611, 64.07273
7986, 53.6126401469894, -20.4678739463671, -29.9983720423301, 91, 3, 1.573376, 64.75455
7987, 52.8719303090177, -20.7080256429591, -29.6825120143564, 92, 3, 1.349336, 64.07273
7988, 52.1310952912422, -20.9369617905533, -29.3666502191754, 93, 3, 1.668205, 63.39091
7989, 51.9490295836968, -21.3847092707816, -29.3666502191754, 94, 3, 1.512475, 63.39091
7990, 51.206361486329, -21.5960639228673, -29.0507866567871, 95, 3, 1.512471, 62.70909
7991, 51.0186592621022, -22.0358308381299, -29.0507866567871, 96, 3, 1.732517, 62.70909
7992, 51.9324453780037, -22.9626753165162, -29.6825120143564, 97, 3, 1.569567, 64.07273
7993, 51.7329583095082, -23.408638686984, -29.6825120143564, 98, 3, 1.491474, 64.07273
7994, 51.5296416714774, -23.8528692160967, -29.6825120143564, 99, 3, 1.558133, 64.07273
7995, 50.7763700701081, -24.0367990337127, -29.3666502191754, 100, 3, 1.356788, 63.39091
7996, 49.4798925848919, -23.9463275413939, -28.7349266288134, 101, 3, 1.819075, 62.02727
7997, 49.8136411915119, -24.6390459407923, -29.0507866567871, 102, 3, 1.41733, 62.70909
7998, 49.5998094881483, -25.0667176225481, -29.0507866567871, 103, 3, 1.395286, 62.70909
7999, 49.9192303488056, -25.7697090916167, -29.3666502191754, 104, 3, 1.439861, 63.39091
8000, 49.1611471972966, -25.916462719185, -29.0507866567871, 105, 3, 1.134324, 62.70909
8001, 48.9363490821009, -26.3384732310727, -29.0507866567871, 106, 3, 1.186096, 62.70909
8002, 22.7581412090305, -12.5025743346871, -13.5735993386868, 107, 3, 1.840516, 29.3
8003, 23.1767960817081, -12.9934011140587, -13.8894611338678, 108, 3, 1.880044, 29.98182
8004, 22.0151377049833, -12.5923109365833, -13.2577375435058, 109, 3, 1.279396, 28.61818
8005, 22.4278856225426, -13.0857671837266, -13.5735993386868, 110, 3, 1.352743, 29.3
8006, 22.3144689569462, -13.278246550431, -13.5735993386868, 111, 3, 1.373696, 29.3
8007, 20.6496428860626, -12.5294096605271, -12.6260157203511, 112, 3, 1.261727, 27.25454
8008, 20.5410787940841, -12.7066100805231, -12.6260157203511, 113, 3, 1.280651, 27.25454
8009, 20.942111071175, -13.2051573344397, -12.9418775155321, 114, 3, 1.355804, 27.93636
8010, 20.827722196467, -13.3848490634573, -12.9418775155321, 115, 3, 1.664217, 27.93636
8011, 18.1843186054009, -11.9083814478934, -11.3625720740418, 116, 3, 1.44816, 24.52727
8012, 20.0916987946453, -13.4058754771358, -12.6260157203511, 117, 3, 1.762944, 27.25454
8013, 19.9756144693102, -13.5782430504358, -12.6260157203511, 118, 3, 1.546146, 27.25454
8014, 17.8709218865663, -12.3737279255488, -11.3625720740418, 119, 3, 1.384643, 24.52727
8015, 19.7390183935414, -13.9199500941153, -12.6260157203511, 120, 3, 1.514452, 27.25454
8016, 19.6185241573027, -14.0892642693845, -12.6260157203511, 121, 3, 1.386779, 27.25454
8017, 15.1069233722621, -11.0474514983294, -9.78326839975876, 122, 3, 1.22316, 21.11818
8018, 15.0113148156814, -11.1770186493467, -9.78326839975876, 123, 3, 1.486646, 21.11818
8019, 13.9515349638936, -10.5757268917956, -9.15154657660409, 124, 3, 1.916389, 19.75455
8020, 13.3816547172315, -10.3262245978993, -8.83568478142311, 125, 3, 1.799195, 19.07273
8021, 13.7674945728703, -10.8142230569089, -9.15154657660409, 126, 3, 1.578051, 19.75455
8022, 13.6739422293735, -10.9322747425387, -9.15154657660409, 127, 3, 1.431588, 19.75455
8023, 14.0480615698504, -11.4308844794198, -9.46740660457778, 128, 3, 1.406138, 20.43636
8024, 13.9491932468965, -11.5513272662878, -9.46740660457778, 129, 3, 1.210258, 20.43636
8025, 13.3872399335465, -11.2815395270438, -9.15154657660409, 130, 3, 1.002153, 19.75455
8026, 13.2896809947103, -11.3963023037049, -9.15154657660409, 131, 3, 1.644541, 19.75455
8027, 12.7358516676856, -11.1129509904514, -8.83568478142311, 132, 3, 0.4410772, 19.07273
8028, 9.47681332152283, -8.4139123869843, -6.62465795857995, 133, 3, 0.8919244, 14.3
8029, 9.40407143859148, -8.49513700682388, -6.62465795857995, 134, 3, 1.483119, 14.3
8030, 9.33063341249209, -8.57573276802202, -6.62465795857995, 135, 3, 1.152074, 14.3
8031, 9.25650467952751, -8.65569370441941, -6.62465795857995, 136, 3, 1.203032, 14.3
8032, 9.18169072713062, -8.73501389685008, -6.62465795857995, 137, 3, 1.219564, 14.3
8033, 9.10619709345819, -8.81368747357961, -6.62465795857995, 138, 3, 1.605065, 14.3
8034, 9.03002936698089, -8.89170861073974, -6.62465795857995, 139, 3, 0.1626024, 14.3
8035, 8.52630869196263, -8.54142996574543, -6.30879704700261, 140, 3, -0.05534863, 13.61818
8036, 8.87569423857792, -9.045770512793, -6.62465795857995, 141, 3, 2.141135, 14.3
8037, 51.845868640913, 22.5122967063435, -30.174778573972, 1, 2, 2.109832, 64.07273
8038, 52.0376396364527, 22.0653950608626, -30.174778573972, 2, 2, 2.502393, 64.07273
8039, 52.2255585082022, 21.6168600086045, -30.174778573972, 3, 2, 2.017708, 64.07273
8040, 54.0827341972705, 21.8424506353264, -31.1380772951103, 4, 2, 1.821015, 66.11819
8041, 54.8282820292189, 21.596762802125, -31.4591756711461, 5, 2, 1.919065, 66.8
8042, 52.2045629044304, 20.0461744041344, -29.8536784014208, 6, 2, 1.622192, 63.39091
8043, 54.6284439644335, 20.4393712729632, -31.1380772951103, 7, 2, 1.576674, 66.11819
8044, 55.3674025777184, 20.1745236772441, -31.4591756711461, 8, 2, 1.362742, 66.8
8045, 56.6726885188579, 20.0995085768307, -32.1013760162486, 9, 2, 1.458715, 68.16364
8046, 56.8435218569833, 19.6111675297583, -32.1013760162486, 10, 2, 2.362296, 68.16364
8047, 55.2993856936629, 18.5475801632665, -31.1380772951103, 11, 2, 2.119748, 66.11819
8048, 56.0287936986547, 18.2574628708485, -31.4591756711461, 12, 2, 1.644109, 66.8
8049, 57.3307255493681, 18.1375791374873, -32.1013760162486, 13, 2, 1.869475, 68.16364
8050, 57.4846545998398, 17.6436491271704, -32.1013760162486, 14, 2, 1.62115, 68.16364
8051, 57.6343283073117, 17.1484130330068, -32.1013760162486, 15, 2, 1.656503, 68.16364
8052, 86.6773025283722, 24.9800801367424, -48.1563415274408, 16, 2, 1.866372, 102.2545
8053, 86.8890164812119, 24.2334065323206, -48.1563415274408, 17, 2, 1.746171, 102.2545
8054, 86.5135682963655, 23.3283454137781, -47.8352431514049, 18, 2, 1.874211, 101.5727
8055, 86.711077212508, 22.58314167163, -47.8352431514049, 19, 2, 1.487631, 101.5727
8056, 86.3188286573948, 21.6896882934806, -47.5141447753691, 20, 2, 1.064515, 100.8909
8057, 87.0868243492003, 21.0877742752993, -47.8352431514049, 21, 2, 1.132259, 101.5727
8058, 87.8508091566497, 20.4742401020145, -48.1563415274408, 22, 2, 0.9368684, 102.2545
8059, 86.2629241499352, 19.3232136099047, -47.1930428063025, 23, 2, 2.101854, 100.2091
8060, 87.0140265445275, 18.7067352459291, -47.5141447753691, 24, 2, 1.364519, 100.8909
8061, 87.1717538025954, 17.9573967498834, -47.5141447753691, 25, 2, 1.02509, 100.8909
8062, 160.498746962561, 31.6257749501451, -87.3304655668598, 26, 2, 2.137188, 185.4364
8063, 86.8767280758106, 16.3435854681011, -47.1930428063025, 27, 2, 1.7226, 100.2091
8064, 87.6061735510281, 15.7016277754942, -47.5141447753691, 28, 2, 1.481875, 100.8909
8065, 87.7380237271216, 14.9473058278766, -47.5141447753691, 29, 2, 1.630885, 100.8909
8066, 303.404936841103, 49.0066022060535, -164.073203800365, 30, 2, 1.829409, 348.3909
8067, 87.3876437238971, 13.3446015862858, -47.1930428063025, 31, 2, 0.3035793, 100.2091
8068, 87.4992227466663, 12.5922470528789, -47.1930428063025, 32, 2, 1.638962, 100.2091
8069, 87.60432457639, 11.8389603693056, -47.1930428063025, 33, 2, 1.534353, 100.2091
8070, 87.7029414328292, 11.0847972981557, -47.1930428063025, 34, 2, 1.753327, 100.2091
8071, 87.7950660158002, 10.3298136668944, -47.1930428063025, 35, 2, 1.628356, 100.2091
8072, 87.8806915057142, 9.5740653637292, -47.1930428063025, 36, 2, 1.303834, 100.2091
8073, 87.9598115640827, 8.8176083334731, -47.1930428063025, 37, 2, 1.4697, 100.2091
8074, 88.0324203339863, 8.06049857340314, -47.1930428063025, 38, 2, 1.422035, 100.2091
8075, 54.5310836072328, 4.52027119558843, -29.2114780563183, 39, 2, 1.792892, 62.02727
8076, 54.5679564963051, 4.05093259361824, -29.2114780563183, 40, 2, 1.987933, 62.02727
8077, 390.103966652192, 25.5871214052698, -208.706018197547, 41, 2, 1.38913, 443.1636
8078, 395.714172481455, 22.5376306409902, -211.595907174901, 42, 2, 1.500116, 449.3
8079, 396.494211871564, 19.1612079404555, -211.917009143967, 43, 2, 1.425238, 449.9818
8080, 396.644394547853, 15.7491654114635, -211.917009143967, 44, 2, 1.114296, 449.9818
8081, 513.996025342644, 15.9808184836364, -274.531375715526, 45, 2, 0.3245926, 582.9363
8082, 514.114495695056, 11.5579385558502, -274.531375715526, 46, 2, 0.2130527, 582.9363
8083, 55.3142619579736, 0.767458350113667, -29.5325764323542, 47, 2, 1.335588, 62.70909
8084, 55.3188176314204, 0.291520387168573, -29.5325764323542, 48, 2, 1.108681, 62.70909
8085, 535.894505818931, -1.78671763801592, -286.090960369185, 49, 2, 0.9738941, 607.4818
8086, 533.453553354615, -6.36862782885804, -284.806552492919, 50, 2, 0.7334337, 604.7545
8087, 532.777662473933, -10.9457334878539, -284.485450523853, 51, 2, 0.8159823, 604.0727
8088, 533.264992261985, -15.5467371146596, -284.806552492919, 52, 2, 0.3203573, 604.7545
8089, 56.4822724799896, -2.13318860428607, -30.174778573972, 53, 2, 1.113326, 64.07273
8090, 55.8609988176133, -2.59119805923904, -29.8536784014208, 54, 2, 0.2129221, 63.39091
8091, 55.8366372465125, -3.07171569077787, -29.8536784014208, 55, 2, 0.4577399, 63.39091
8092, 55.2078777928224, -3.51380105971751, -29.5325764323542, 56, 2, 0.768994, 62.70909
8093, 530.903194076074, -38.3791934846876, -284.164348554786, 57, 2, 13.05831, 603.3909
8094, 55.7387611924928, -4.51176207372068, -29.8536784014208, 58, 2, 1.297279, 63.39091
8095, 55.6978801113174, -4.99115691888291, -29.8536784014208, 59, 2, 1.627518, 63.39091
8096, 532.728807056982, -52.3624994358389, -285.769858400119, 60, 2, 0.3825378, 606.8
8097, 55.6037520532414, -5.94880272704117, -29.8536784014208, 61, 2, 1.93253, 63.39091
8098, 55.5505120442381, -6.42698279961584, -29.8536784014208, 62, 2, 1.939306, 63.39091
8099, 56.0900331572974, -6.97895253877923, -30.174778573972, 63, 2, 1.607933, 64.07273
8100, 56.0279120079592, -7.46127831900326, -30.174778573972, 64, 2, 0.4816588, 64.07273
8101, 55.9616433520419, -7.94305177272058, -30.174778573972, 65, 2, 0.3874111, 64.07273
8102, 55.8912320951303, -8.42423723630395, -30.174778573972, 66, 2, 1.441443, 64.07273
8103, 55.2227189687376, -8.81004006707306, -29.8536784014208, 67, 2, 1.847394, 63.39091
8104, 53.9586212904818, -9.08510426418115, -29.2114780563183, 68, 2, 1.450102, 62.02727
8105, 53.878458247846, -9.54901397505518, -29.2114780563183, 69, 2, 1.651818, 62.02727
8106, 53.7943068134951, -10.0122168132854, -29.2114780563183, 70, 2, 1.755564, 62.02727
8107, 53.7061732167998, -10.4746784899479, -29.2114780563183, 71, 2, 1.320117, 62.02727
8108, 54.7927434833457, -11.1767955090841, -29.8536784014208, 72, 2, 1.802631, 63.39091
8109, 54.6945531987358, -11.6478043713939, -29.8536784014208, 73, 2, 1.630139, 63.39091
8110, 54.5923141103938, -12.1179509965878, -29.8536784014208, 74, 2, 1.531126, 63.39091
8111, 54.4860337866419, -12.5872005817228, -29.8536784014208, 75, 2, 1.706307, 63.39091
8112, 54.3757200949577, -13.0555183902601, -29.8536784014208, 76, 2, 1.823226, 63.39091
8113, 53.0941321520548, -13.2319712091897, -29.2114780563183, 77, 2, 1.942093, 62.02727
8114, 53.5606707965255, -13.8387539937926, -29.5325764323542, 78, 2, 1.755469, 62.70909
8115, 53.4396233143642, -14.2990638957014, -29.5325764323542, 79, 2, 1.491169, 62.70909
8116, 53.8942994356546, -14.9187795956506, -29.8536784014208, 80, 2, 1.79258, 63.39091
8117, 53.7639473449063, -15.3819199769646, -29.8536784014208, 81, 2, 1.679489, 63.39091
8118, 53.6296153391951, -15.8439217005629, -29.8536784014208, 82, 2, 1.61249, 63.39091
8119, 52.9159683140144, -16.1293789609119, -29.5325764323542, 83, 2, 1.805951, 62.70909
8120, 53.9228633440288, -16.9446866865826, -30.174778573972, 84, 2, 2.063758, 64.07273
8121, 53.2028407411619, -17.22275336159, -29.8536784014208, 85, 2, 2.140383, 63.39091
8122, 52.4820641579292, -17.4896972528827, -29.5325764323542, 86, 2, 1.701756, 62.70909
8123, 52.3296448296189, -17.940591971293, -29.5325764323542, 87, 2, 1.541334, 62.70909
8124, 51.6060873862522, -18.1902082380379, -29.2114780563183, 88, 2, 1.83864, 62.02727
8125, 21.474859631436, -7.77785731665218, -12.1932120274725, 89, 2, 1.437436, 25.89091
8126, 21.4071461192742, -7.96233355594462, -12.1932120274725, 90, 2, 1.651069, 25.89091
8127, 21.8997660372075, -8.36074570242305, -12.5143122000237, 91, 2, 1.718358, 26.57273
8128, 21.8270217776191, -8.54885615181089, -12.5143122000237, 92, 2, 1.344124, 26.57273
8129, 21.7526617570076, -8.73633376595886, -12.5143122000237, 93, 2, 1.435697, 26.57273
8130, 21.6766914799271, -8.92316466670142, -12.5143122000237, 94, 2, 1.681553, 26.57273
8131, 50.9718433409028, -21.4971568981796, -29.5325764323542, 95, 2, 1.493104, 62.70909
8132, 50.7850007672398, -21.9349097410029, -29.5325764323542, 96, 2, 1.75308, 62.70909
8133, 50.5943987972819, -22.3710388363188, -29.5325764323542, 97, 2, 1.713655, 62.70909
8134, 51.4960284225176, -23.3014303173112, -30.174778573972, 98, 2, 1.557538, 64.07273
8135, 48.5644827808144, -22.4803087842806, -28.5692813042466, 99, 2, 1.920888, 60.66364
8136, 48.9129066809176, -23.1546624231041, -28.8903796802825, 100, 2, 1.83641, 61.34546
8137, 48.7118795669377, -23.5746393601305, -28.8903796802825, 101, 2, 1.984148, 61.34546
8138, 49.5855015149157, -24.52620247386, -29.5325764323542, 102, 2, 1.873512, 62.70909
8139, 49.3726491315633, -24.9519154776949, -29.5325764323542, 103, 2, 1.710268, 62.70909
8140, 22.4331008895172, -11.5805968943505, -13.4776091246466, 104, 2, 2.160342, 28.61818
8141, 22.8647027294286, -12.0536694047097, -13.7987092971979, 105, 2, 1.79744, 29.3
8142, 22.7601497974667, -12.249945233349, -13.7987092971979, 106, 2, 1.509298, 29.3
8143, 21.0724246582463, -11.5764970997401, -12.8354105760596, 107, 2, 1.829876, 27.25454
8144, 20.9720435303194, -11.7573702944215, -12.8354105760596, 108, 2, 1.708184, 27.25454
8145, 20.8701099317506, -11.9373731412905, -12.8354105760596, 109, 2, 1.572409, 27.25454
8146, 21.8056554792265, -12.7227209774473, -13.4776091246466, 110, 2, 1.631788, 28.61818
8147, 19.6278458402631, -11.6795688404557, -12.1932120274725, 111, 2, 1.187497, 25.89091
8148, 20.0408522976737, -12.160018929584, -12.5143122000237, 112, 2, 1.543804, 26.57273
8149, 19.935488880777, -12.3319951455321, -12.5143122000237, 113, 2, 1.412098, 26.57273
8150, 19.8286497249437, -12.5030584766489, -12.5143122000237, 114, 2, 1.512031, 26.57273
8151, 18.7083514060386, -12.0228442377834, -11.8721136514366, 115, 2, 1.80774, 25.20909
8152, 18.1010369085297, -11.8538426864754, -11.5510134788854, 116, 2, 1.814675, 24.52727
8153, 17.9983795506995, -12.009140566611, -11.5510134788854, 117, 2, 1.703887, 24.52727
8154, 17.8943898498473, -12.1635494614584, -11.5510134788854, 118, 2, 1.812627, 24.52727
8155, 17.2945696957227, -11.974664841727, -11.2299151028496, 119, 2, 1.734433, 23.84546
8156, 17.6824443087849, -12.4696546410229, -11.5510134788854, 120, 2, 2.097927, 24.52727
8157, 16.1088781470737, -11.5687724253688, -10.5877165542625, 121, 2, 1.616129, 22.48182
8158, 14.0667242556318, -10.2867705174039, -9.30331945708834, 122, 2, 1.336696, 19.75455
8159, 14.9425650430204, -11.1258294297076, -9.94551800567541, 123, 2, 1.840923, 21.11818
8160, 14.8462882264273, -11.2539795833159, -9.94551800567541, 124, 2, 1.445956, 21.11818
8161, 14.2727302354889, -11.0138410496499, -9.62441783312419, 125, 2, 1.359447, 20.43636
8162, 13.7044413271274, -10.764695391558, -9.30331945708834, 126, 2, 1.542915, 19.75455
8163, 13.611317440593, -10.8822064165829, -9.30331945708834, 127, 2, 1.575834, 19.75455
8164, 13.517185966472, -10.9989118784323, -9.30331945708834, 128, 2, 1.756327, 19.75455
8165, 13.8853078460303, -11.49842376428, -9.62441783312419, 129, 2, 1.679498, 20.43636
8166, 13.3259282021431, -11.2298716160531, -9.30331945708834, 130, 2, 2.065986, 19.75455
8167, 10.0327137926509, -8.60335468948485, -7.05562318964706, 131, 2, 1.327795, 14.98182
8168, 9.95832142183811, -8.6893551209332, -7.05562318964706, 132, 2, 0.8960509, 14.98182
8169, 9.88319187910274, -8.77471231660421, -7.05562318964706, 133, 2, 1.309353, 14.98182
8170, 9.36100207515266, -8.4562304390039, -6.73452391535352, 134, 2, 1.169435, 14.3
8171, 9.73074357809638, -8.94347177418613, -7.05562318964706, 135, 2, 2.016731, 14.98182
8172, 9.21411115170086, -8.61605180884205, -6.73452391535352, 136, 2, 1.489274, 14.3
8173, 9.1396398369931, -8.69500872561939, -6.73452391535352, 137, 2, 1.800554, 14.3
8174, 9.06449195385726, -8.77332198810722, -6.73452391535352, 138, 2, 1.408312, 14.3
8175, 443.13642910165, -436.348525818027, -332.008168270511, 139, 2, -0.844943, 704.9818
8176, 438.940864873482, -439.719319563783, -331.687066301444, 140, 2, -2.454103, 704.3
8177, 428.82260375987, -437.039713180978, -326.870565509692, 141, 2, 0.7456367, 694.0727
8178, 49.9560258136621, 21.6916970410144, -29.6858239852126, 1, 1, 1.920373, 62.02727
8179, 50.1408065310968, 21.2610854855897, -29.6858239852126, 2, 1, 1.717356, 62.02727
8180, 51.4281778555208, 21.286813448358, -30.3384525982256, 3, 1, 2.063392, 63.39091
8181, 51.6094205710241, 20.8435508646544, -30.3384525982256, 4, 1, 2.854672, 63.39091
8182, 51.7868428619622, 20.398745322071, -30.3384525982256, 5, 1, 1.528757, 63.39091
8183, 51.9604315945222, 19.9524297476589, -30.3384525982256, 6, 1, 1.748904, 63.39091
8184, 52.6908756055918, 19.7144251427221, -30.664766904732, 7, 1, 1.685238, 64.07273
8185, 52.2960572691165, 19.0554007680124, -30.3384525982256, 8, 1, 2.100318, 63.39091
8186, 54.1507484462519, 19.2050785181132, -31.3173918663694, 9, 1, 4.041117, 65.43636
8187, 55.4458382178805, 19.1289629248253, -31.9700204793824, 10, 1, 2.196818, 66.8
8188, 55.6083666422892, 18.6512133020741, -31.9700204793824, 11, 1, 1.880724, 66.8
8189, 56.3359805009378, 18.3575623244841, -32.2963329602011, 12, 1, 1.889552, 67.48182
8190, 56.4918390480295, 17.8721827002436, -32.2963329602011, 13, 1, 1.992882, 67.48182
8191, 56.6435157460084, 17.3854800747939, -32.2963329602011, 14, 1, 2.14528, 67.48182
8192, 56.7909993668975, 16.8974904766477, -32.2963329602011, 15, 1, 1.503567, 67.48182
8193, 56.9342789931156, 16.4082500295869, -32.2963329602011, 16, 1, 1.86737, 67.48182
8194, 58.2266544387764, 16.2394540204851, -32.948961573214, 17, 1, 1.970623, 68.84546
8195, 86.1089931102522, 23.2192518938441, -48.6120081203938, 18, 1, 1.5086, 101.5727
8196, 85.7262444239228, 22.3266505853414, -48.2856956395751, 19, 1, 1.664412, 100.8909
8197, 85.3345469864796, 21.4423637761396, -47.9593795073808, 20, 1, 1.110882, 100.2091
8198, 86.6795683677061, 20.9891586434378, -48.6120081203938, 21, 1, 0.3531646, 101.5727
8199, 58.8711774409049, 13.7203360285971, -32.948961573214, 22, 1, 1.694201, 68.84546
8200, 52.5610135692955, 11.7738611664413, -29.3595115043939, 23, 1, 1.171071, 61.34546
8201, 52.6603673822658, 11.3212040597765, -29.3595115043939, 24, 1, 1.451856, 61.34546
8202, 85.5913985955008, 17.6318432968256, -47.6330670265622, 25, 1, 1.755224, 99.52728
8203, 86.3272956902986, 17.0105229930105, -47.9593795073808, 26, 1, 1.817018, 100.2091
8204, 86.4704545961434, 16.2671557327114, -47.9593795073808, 27, 1, 1.783007, 100.2091
8205, 87.1964888661048, 15.6282001143233, -48.2856956395751, 28, 1, 1.755586, 100.8909
8206, 87.3277224532565, 14.8774057051988, -48.2856956395751, 29, 1, 1.56127, 100.8909
8207, 53.174390417899, 8.58883914642463, -29.3595115043939, 30, 1, 1.951018, 61.34546
8208, 86.9789809797771, 13.2821964078069, -47.9593795073808, 31, 1, 0.6445949, 100.2091
8209, 87.0900382103606, 12.533360212406, -47.9593795073808, 32, 1, 1.69175, 100.2091
8210, 87.1946485380787, 11.7835962259796, -47.9593795073808, 33, 1, 1.784627, 100.2091
8211, 87.2928042190765, 11.0329599503473, -47.9593795073808, 34, 1, 1.640608, 100.2091
8212, 87.384497987309, 10.2815069519005, -47.9593795073808, 35, 1, 1.60934, 100.2091
8213, 87.4697230550789, 9.52929285748922, -47.9593795073808, 36, 1, 1.910002, 100.2091
8214, 87.548473113539, 8.77637335030411, -47.9593795073808, 37, 1, 1.446373, 100.2091
8215, 53.0430225929116, 4.85676988451595, -29.0331990235752, 38, 1, 1.929412, 60.66364
8216, 54.2760724715947, 4.49913243555055, -29.6858239852126, 39, 1, 1.791173, 62.02727
8217, 54.3127729269522, 4.03198866562788, -29.6858239852126, 40, 1, 1.969966, 62.02727
8218, 388.279670324809, 25.4674648634291, -212.095057597637, 41, 1, 1.812775, 443.1636
8219, 54.3741097919963, 3.09684031592801, -29.6858239852126, 42, 1, 1.437986, 62.02727
8220, 54.3987416611773, 2.62890496118158, -29.6858239852126, 43, 1, 2.013779, 62.02727
8221, 55.0175349046727, 2.18452666835841, -30.0121364660313, 44, 1, 1.904835, 62.70909
8222, 55.0342936489502, 1.71108921823417, -30.0121364660313, 45, 1, 1.678414, 62.70909
8223, 53.8499616186758, 1.2106146643115, -29.3595115043939, 46, 1, 3.280722, 61.34546
8224, 54.4569863153592, 0.755564069561331, -29.6858239852126, 47, 1, 1.914637, 62.02727
8225, 54.4614713837261, 0.28700232404346, -29.6858239852126, 48, 1, 1.177085, 62.02727
8226, 53.2646122838407, -0.177588725423085, -29.0331990235752, 49, 1, 1.140606, 60.66364
8227, 53.2611128808648, -0.635857055513023, -29.0331990235752, 50, 1, 1.163431, 60.66364
8228, 53.8522041202466, -1.10637497693997, -29.3595115043939, 51, 1, 1.104677, 61.34546
8229, 53.8406919329065, -1.56966441768794, -29.3595115043939, 52, 1, 1.239029, 61.34546
8230, 54.4234272853523, -2.0554313733116, -29.6858239852126, 53, 1, 2.936527, 62.02727
8231, 55.599768418288, -2.57908048672739, -30.3384525982256, 54, 1, 0.2330377, 63.39091
8232, 54.9777582820166, -3.02446657045435, -30.0121364660313, 55, 1, 0.8344905, 62.70909
8233, 54.3522509212539, -3.45934320463888, -29.6858239852126, 56, 1, 1.385721, 62.02727
8234, 54.9175773713559, -3.97001252048138, -30.0121364660313, 57, 1, -0.2725523, 62.70909
8235, 54.8813877571274, -4.44236216482536, -30.0121364660313, 58, 1, 1.111578, 62.70909
8236, 55.4374125262218, -4.96781609178328, -30.3384525982256, 59, 1, 1.378227, 63.39091
8237, 54.2010350493498, -5.32747925322892, -29.6858239852126, 60, 1, 1.935216, 62.02727
8238, 52.9626673385995, -5.6662446015074, -29.0331990235752, 61, 1, 2.045443, 60.66364
8239, 53.5066488458713, -6.19051560719446, -29.3595115043939, 62, 1, 1.986519, 61.34546
8240, 53.4514068217545, -6.65064380143752, -29.3595115043939, 63, 1, 1.982087, 61.34546
8241, 53.3922080187123, -7.11027967697847, -29.3595115043939, 64, 1, 1.726027, 61.34546
8242, 53.9217757008213, -7.65351820307155, -29.6858239852126, 65, 1, 2.070134, 62.02727
8243, 55.6298603118103, -8.3848418279899, -30.664766904732, 66, 1, 1.363476, 64.07273
8244, 54.3732832931054, -8.67452406068161, -30.0121364660313, 67, 1, 1.593469, 62.70909
8245, 53.1159370485592, -8.94322009411618, -29.3595115043939, 68, 1, 1.904713, 61.34546
8246, 53.6264990730903, -9.50435862003708, -29.6858239852126, 69, 1, 1.624701, 62.02727
8247, 54.1312936264315, -10.0749369268847, -30.0121364660313, 70, 1, 1.516459, 62.70909
8248, 52.8674315147069, -10.3110930184962, -29.3595115043939, 71, 1, 1.85358, 61.34546
8249, 52.7767607709995, -10.7655690383272, -29.3595115043939, 72, 1, 1.778477, 61.34546
8250, 53.8532417671841, -11.4686378841109, -30.0121364660313, 73, 1, 1.950555, 62.70909
8251, 53.7525753201517, -11.9315527155127, -30.0121364660313, 74, 1, 1.57796, 62.70909
8252, 51.8980388100156, -11.9893297217728, -29.0331990235752, 75, 1, 1.70208, 60.66364
8253, 52.3750808731576, -12.5751682982177, -29.3595115043939, 76, 1, 2.110877, 61.34546
8254, 52.8458408282781, -13.1700927394881, -29.6858239852126, 77, 1, 1.82524, 62.02727
8255, 52.7305727919487, -13.6242771788977, -29.6858239852126, 78, 1, 1.932749, 62.02727
8256, 53.1897163231952, -14.2321952350882, -30.0121364660313, 79, 1, 1.775507, 62.70909
8257, 53.0652975047688, -14.6892989785768, -30.0121364660313, 80, 1, 1.655867, 62.70909
8258, 52.9369504894377, -15.1453153361184, -30.0121364660313, 81, 1, 1.925975, 62.70909
8259, 52.8046847781822, -15.6002105507733, -30.0121364660313, 82, 1, 2.141895, 62.70909
8260, 52.0958620857974, -15.8794014103808, -29.6858239852126, 83, 1, 1.730932, 62.02727
8261, 51.3861865175341, -16.1475629549322, -29.3595115043939, 84, 1, 1.921463, 61.34546
8262, 51.8149149758017, -16.7734558652911, -29.6858239852126, 85, 1, 1.682561, 62.02727
8263, 51.6686826956418, -17.2186371153907, -29.6858239852126, 86, 1, 1.777938, 62.02727
8264, 51.5186256039953, -17.6625437434642, -29.6858239852126, 87, 1, 1.963826, 62.02727
8265, 51.3647548089465, -18.1051428890035, -29.6858239852126, 88, 1, 1.602822, 62.02727
8266, 21.3744338195866, -7.7414846628198, -12.391209556876, 89, 1, 2.016397, 25.89091
8267, 21.3070369653471, -7.92509821074123, -12.391209556876, 90, 1, 2.036625, 25.89091
8268, 21.2380628423351, -8.10812509755406, -12.391209556876, 91, 1, 1.916311, 25.89091
8269, 21.1675165564098, -8.29055177456107, -12.391209556876, 92, 1, 1.958156, 25.89091
8270, 21.0954033298109, -8.47236473749597, -12.391209556876, 93, 1, 1.91179, 25.89091
8271, 21.5753218143069, -8.88143605607026, -12.7175238633825, 94, 1, 1.622735, 26.57273
8272, 50.1818676961312, -21.1639880490992, -29.6858239852126, 95, 1, 1.714779, 62.02727
8273, 49.9979208600544, -21.5949564779874, -29.6858239852126, 96, 1, 1.521593, 62.02727
8274, 22.9814933408685, -10.1615967827804, -13.6964631315264, 97, 1, 1.976503, 28.61818
8275, 22.8932149880421, -10.358947478556, -13.6964631315264, 98, 1, 1.824215, 28.61818
8276, 48.3373740735162, -22.3751810535745, -29.0331990235752, 99, 1, 1.75219, 60.66364
8277, 22.1704870081006, -10.495187819796, -13.3701506507077, 100, 1, 2.058676, 27.93636
8278, 22.0793685422151, -10.6855484803633, -13.3701506507077, 101, 1, 1.927382, 27.93636
8279, 22.5232219367706, -11.1405367437648, -13.6964631315264, 102, 1, 1.631905, 28.61818
8280, 22.4265380004677, -11.3339083579221, -13.6964631315264, 103, 1, 1.935989, 28.61818
8281, 22.328193923521, -11.5264409713422, -13.6964631315264, 104, 1, 1.926187, 28.61818
8282, 22.7577774049466, -11.9973011882693, -14.0227774380328, 105, 1, 1.768766, 29.3
8283, 22.1265545900156, -11.9089322496711, -13.6964631315264, 106, 1, 2.024298, 28.61818
8284, 21.4985790017324, -11.8106122811403, -13.3701506507077, 107, 1, 1.80524, 27.93636
8285, 20.8739691059078, -11.7023877018786, -13.0438363442012, 108, 1, 1.974803, 27.25454
8286, 21.2921728002002, -12.1787864336135, -13.3701506507077, 109, 1, 1.998182, 27.93636
8287, 19.6353524393704, -11.4564366394736, -12.391209556876, 110, 1, 1.175887, 25.89091
8288, 19.5360574706443, -11.6249500814518, -12.391209556876, 111, 1, 1.538654, 25.89091
8289, 18.9235029962171, -11.4820543173581, -12.0648970760573, 112, 1, 1.658329, 25.20909
8290, 18.8240139672217, -11.6444422432523, -12.0648970760573, 113, 1, 1.634156, 25.20909
8291, 18.7231314770215, -11.8059681809145, -12.0648970760573, 114, 1, 1.852589, 25.20909
8292, 18.1172321746217, -11.6429639217129, -11.7385827695508, 115, 1, 1.709707, 24.52727
8293, 18.0163885635323, -11.798408946942, -11.7385827695508, 116, 1, 1.762987, 24.52727
8294, 17.9142112762906, -11.9529805864429, -11.7385827695508, 117, 1, 2.036284, 24.52727
8295, 17.3156007255969, -11.7701227953553, -11.4122702887321, 118, 1, 1.763742, 23.84546
8296, 16.2293034228904, -11.2370803392622, -10.759643501407, 119, 1, 1.924021, 22.48182
8297, 15.6427760886511, -11.0312811988002, -10.4333291949005, 120, 1, 2.158544, 21.8
8298, 13.6022555375445, -9.76861314294262, -9.12807562025013, 121, 1, 1.683951, 19.07273
8299, 14.0009421165315, -10.2386650909542, -9.45438992675662, 122, 1, 1.817554, 19.75455
8300, 14.8726870903207, -11.0738001977521, -10.1070167140818, 123, 1, 1.372378, 21.11818
8301, 11.9143588606846, -9.03147974237531, -8.14913452641848, 124, 1, 2.583261, 17.02727
8302, 13.7320320426672, -10.5966003498458, -9.45438992675662, 125, 1, 1.984911, 19.75455
8303, 13.6403533810436, -10.7143549799063, -9.45438992675662, 126, 1, 1.586017, 19.75455
8304, 13.547664982427, -10.8313164721151, -9.45438992675662, 127, 1, 1.880479, 19.75455
8305, 10.2034729997098, -8.30254911459673, -7.17019480185266, 128, 1, 2.418525, 14.98182
8306, 10.1316623617246, -8.39002984762933, -7.17019480185266, 129, 1, 2.340723, 14.98182
8307, 10.0591017201288, -8.47688950265374, -7.17019480185266, 130, 1, 1.292835, 14.98182
8308, 9.98579644627603, -8.56312164982137, -7.17019480185266, 131, 1, 1.440665, 14.98182
8309, 9.91175196664219, -8.64871990573535, -7.17019480185266, 132, 1, 1.156545, 14.98182
8310, 9.83697376242323, -8.7336779339231, -7.17019480185266, 133, 1, 1.213674, 14.98182
8311, 9.31722594579699, -8.41668541651728, -6.84388140819008, 134, 1, 1.351783, 14.3
8312, 9.68523837617657, -8.90164819866158, -7.17019480185266, 135, 1, 1.381938, 14.98182
8313, 9.17102194838309, -8.57575939190945, -6.84388140819008, 136, 1, 1.964699, 14.3
8314, 9.09689889403033, -8.65434707169969, -6.84388140819008, 137, 1, 1.369111, 14.3
8315, 8.59193237699036, -8.31594198848653, -6.51756801452749, 138, 1, 1.278929, 13.61818
8316, 438.504676660703, -431.787721928221, -335.44153318191, 139, 1, -0.2175443, 700.8909
8317, 430.544036533532, -431.307599581409, -332.178401070972, 140, 1, 0.2473927, 694.0727
8318, 426.817242194717, -434.995924827532, -332.178401070972, 141, 1, 0.9543195, 694.0727
