"Date","Simple Date","Outdoor Temperature (°C)","Feels Like (°C)","Wind Speed (m/sec)","Wind Gust (m/sec)","Max Daily Gust (m/sec)","Wind Direction (°)","Rain Rate (mm/hr)","Event Rain (mm)","Daily Rain (mm)","Weekly Rain (mm)","Monthly Rain (mm)","Yearly Rain (mm)","Relative Pressure (hPa)","Humidity (%)","Ultra-Violet Radiation Index","Solar Radiation (W/m^2)","Avg Wind Direction (10 mins) (°)","Absolute Pressure (hPa)"
2026-09-25T16:40:00+08:00,2026-09-25 16:40:00,25.6,26.3,6.6,7.6,7.6,73,0,0,0.1,27.3,28,28.9,930,80,0,98.9,72,930
2026-09-25T16:35:00+08:00,2026-09-25 16:35:00,26.1,26.8,1.1,3.3,4,350,0,0,0.1,27.3,28,28.9,930.1,77,0,82.1,350,930.1
2026-09-25T16:30:00+08:00,2026-09-25 16:30:00,26.2,26.9,1.7,5,9.1,20,0,0,0.1,27.3,28,28.9,930.1,77,1,145.9,80,930.1
2026-09-25T16:25:00+08:00,2026-09-25 16:25:00,26.1,26.8,3,5.1,9.1,77,0,0,0.1,27.3,28,28.9,929.8,77,1,179.9,80,929.8
2026-09-25T16:20:00+08:00,2026-09-25 16:20:00,26.1,26.8,4.1,6.1,9.1,69,0,0,0.1,27.3,28,28.9,929.7,78,1,203.6,79,929.7
2026-09-25T16:15:00+08:00,2026-09-25 16:15:00,25.9,26.5,7.6,8.7,9.1,79,0,0,0.1,27.3,28,28.9,929.8,77,2,226,79,929.8
2026-09-25T16:10:00+08:00,2026-09-25 16:10:00,26.3,26.9,6.7,7.7,9,82,0,0,0.1,27.3,28,28.9,929.6,76,1,194.9,79,929.6
2026-09-25T16:05:00+08:00,2026-09-25 16:05:00,26.9,29,4.8,6.3,9,78,0,0,0.1,27.3,28,28.9,929.7,74,2,266.9,78,929.7
2026-09-25T16:00:00+08:00,2026-09-25 16:00:00,26.8,28.8,7.9,9,9,76,0,0,0.1,27.3,28,28.9,929.7,74,2,300,72,929.7
2026-09-25T15:55:00+08:00,2026-09-25 15:55:00,26.8,28.9,4.6,7.8,8.6,87,0,0,0.1,27.3,28,28.9,929.6,75,2,304.6,82,929.6
2026-09-25T15:50:00+08:00,2026-09-25 15:50:00,27.1,29.3,4.2,7.9,8.6,93,0,0,0.1,27.3,28,28.9,929.8,73,2,297.6,79,929.8
2026-09-25T15:45:00+08:00,2026-09-25 15:45:00,27.2,29.5,5.3,8,8.6,79,0,0,0.1,27.3,28,28.9,929.8,73,3,347.9,88,929.8
2026-09-25T15:40:00+08:00,2026-09-25 15:40:00,27,29.1,5.9,7.3,8.6,82,0,0,0.1,27.3,28,28.9,929.7,73,3,382,82,929.7
2026-09-25T15:35:00+08:00,2026-09-25 15:35:00,27.1,29.3,5.2,7.9,8.6,79,0,0,0.1,27.3,28,28.9,929.8,73,3,372.4,82,929.8
2026-09-25T15:30:00+08:00,2026-09-25 15:30:00,27,29.1,6.3,8.6,8.6,88,0,0,0.1,27.3,28,28.9,929.6,73,3,413.5,80,929.6
2026-09-25T15:25:00+08:00,2026-09-25 15:25:00,27.4,29.7,6.4,7.5,8.6,83,0,0,0.1,27.3,28,28.9,929.9,72,3,393.4,80,929.9
2026-09-25T15:20:00+08:00,2026-09-25 15:20:00,27.6,30.2,4.6,6.9,8.6,80,0,0,0.1,27.3,28,28.9,929.8,72,3,398.6,81,929.8
2026-09-25T15:15:00+08:00,2026-09-25 15:15:00,27.4,29.7,5,7.6,8.6,76,0,0,0.1,27.3,28,28.9,929.9,72,4,515.4,80,929.9
2026-09-25T15:10:00+08:00,2026-09-25 15:10:00,27.2,29.4,5.2,8.1,8.6,84,0,0,0.1,27.3,28,28.9,929.7,72,4,446.6,76,929.7
2026-09-25T15:05:00+08:00,2026-09-25 15:05:00,27.7,30.3,5.2,7.8,8.6,87,0,0,0.1,27.3,28,28.9,930,71,5,549.7,74,930
2026-09-25T15:00:00+08:00,2026-09-25 15:00:00,27.3,29.4,6,7.2,8.6,68,0,0,0.1,27.3,28,28.9,929.8,71,5,550.4,73,929.8
2026-09-25T14:55:00+08:00,2026-09-25 14:55:00,27.2,29.4,5.9,7.7,8.6,77,0,0,0.1,27.3,28,28.9,929.9,72,5,551.7,81,929.9
2026-09-25T14:50:00+08:00,2026-09-25 14:50:00,27.3,29.5,5.9,7.9,8.6,96,0,0,0.1,27.3,28,28.9,929.9,72,5,592.3,85,929.9
2026-09-25T14:45:00+08:00,2026-09-25 14:45:00,27.6,29.9,5.2,7.6,8.6,79,0,0,0.1,27.3,28,28.9,929.9,70,6,661.5,81,929.9
2026-09-25T14:40:00+08:00,2026-09-25 14:40:00,27.2,29.4,5.7,6.6,8.6,72,0,0,0.1,27.3,28,28.9,930,72,5,619.3,81,930
2026-09-25T14:35:00+08:00,2026-09-25 14:35:00,27.2,29.4,3.4,7.6,8.6,81,0,0,0.1,27.3,28,28.9,930.1,72,2,279.6,77,930.1
2026-09-25T14:30:00+08:00,2026-09-25 14:30:00,27.1,29.2,6.1,7.2,8.1,79,0,0,0.1,27.3,28,28.9,930,72,4,514.2,81,930
2026-09-25T14:25:00+08:00,2026-09-25 14:25:00,27.6,29.9,5.5,7,8.1,76,0,0,0.1,27.3,28,28.9,930.3,70,2,275,75,930.3
2026-09-25T14:20:00+08:00,2026-09-25 14:20:00,27.5,29.8,5.3,7,8.1,71,0,0,0.1,27.3,28,28.9,930.4,71,3,343.5,75,930.4
2026-09-25T14:15:00+08:00,2026-09-25 14:15:00,27.7,30.3,4.8,7.5,8.1,69,0,0,0.1,27.3,28,28.9,930.4,71,2,298,69,930.4
2026-09-25T14:10:00+08:00,2026-09-25 14:10:00,28,30.7,3.1,5,8.1,75,0,0,0.1,27.3,28,28.9,930.4,70,6,698.9,70,930.4
2026-09-25T14:05:00+08:00,2026-09-25 14:05:00,27.9,30.3,4.9,5.7,8.1,80,0,0,0.1,27.3,28,28.9,930.4,69,4,447.9,77,930.4
2026-09-25T14:00:00+08:00,2026-09-25 14:00:00,27.3,29.2,1.1,5.1,8.1,51,0,0,0.1,27.3,28,28.9,930.4,69,2,302.7,86,930.4
2026-09-25T13:56:00+08:00,2026-09-25 13:56:00,27.5,29.6,4.1,8.1,8.1,80,0,0,0.1,27.3,28,28.9,930.5,69,4,534.3,71,930.5
2026-09-25T13:50:00+08:00,2026-09-25 13:50:00,27.8,30.2,4.4,6.5,6.7,60,0,0,0.1,27.3,28,28.9,930.7,70,7,779.8,75,930.7
2026-09-25T13:45:00+08:00,2026-09-25 13:45:00,27.6,29.9,2.9,6,6.7,73,0,0,0.1,27.3,28,28.9,930.8,70,7,792.1,76,930.8
2026-09-25T13:40:00+08:00,2026-09-25 13:40:00,28,30.8,4,4.3,6.5,83,0,0,0.1,27.3,28,28.9,930.8,71,7,792.4,84,930.8
2026-09-25T13:35:00+08:00,2026-09-25 13:35:00,27.6,29.7,3.4,6.2,6.5,73,0,0,0.1,27.3,28,28.9,931.1,68,4,485.6,91,931.1
2026-09-25T13:30:00+08:00,2026-09-25 13:30:00,27.6,29.8,3.5,5.5,6.5,75,0,0,0.1,27.3,28,28.9,931.1,69,6,748.8,68,931.1
2026-09-25T13:25:00+08:00,2026-09-25 13:25:00,27.7,29.9,3.5,5.8,6.5,73,0,0,0.1,27.3,28,28.9,931,68,6,665.9,63,931
2026-09-25T13:20:00+08:00,2026-09-25 13:20:00,27.6,29.9,3.5,4,6.5,80,0,0,0.1,27.3,28,28.9,931.1,70,6,705.5,77,931.1
2026-09-25T13:15:00+08:00,2026-09-25 13:15:00,27.4,29.3,3.6,4.3,6.5,53,0,0,0.1,27.3,28,28.9,931.1,68,7,780.2,78,931.1
2026-09-25T13:10:00+08:00,2026-09-25 13:10:00,27.5,29.7,2.5,2.9,6.5,71,0,0,0.1,27.3,28,28.9,931.3,70,3,384.1,76,931.3
2026-09-25T13:05:00+08:00,2026-09-25 13:05:00,27,29,2.9,5,6.5,75,0,0,0.1,27.3,28,28.9,931.4,72,5,609.5,70,931.4
2026-09-25T13:00:00+08:00,2026-09-25 13:00:00,26.5,27,2.6,2.7,6.5,35,0,0,0.1,27.3,28,28.9,931.6,69,3,418.2,48,931.6
2026-09-25T12:55:00+08:00,2026-09-25 12:55:00,26.5,27,4.1,4.7,6.5,80,0,0,0.1,27.3,28,28.9,931.7,70,4,536.8,51,931.7
2026-09-25T12:50:00+08:00,2026-09-25 12:50:00,26.7,28.5,2.3,3.9,6.5,82,0,0,0.1,27.3,28,28.9,931.8,71,4,484.1,67,931.8
2026-09-25T12:45:00+08:00,2026-09-25 12:45:00,26.5,27.1,3.4,4.7,6.5,45,0,0,0.1,27.3,28,28.9,931.9,73,4,495.9,66,931.9
2026-09-25T12:40:00+08:00,2026-09-25 12:40:00,26.1,26.7,4.8,5.1,6.5,72,0,0,0.1,27.3,28,28.9,932,74,8,871,67,932
2026-09-25T12:35:00+08:00,2026-09-25 12:35:00,26.4,27,3.4,4.5,6.5,60,0,0,0.1,27.3,28,28.9,932.2,74,4,471,67,932.2
2026-09-25T12:30:00+08:00,2026-09-25 12:30:00,26.3,26.9,5.5,5.7,6.5,77,0,0,0.1,27.3,28,28.9,932.2,75,2,301.5,74,932.2
2026-09-25T12:25:00+08:00,2026-09-25 12:25:00,26.4,27,4.2,5.4,6.5,77,0,0,0.1,27.3,28,28.9,932.3,74,6,685.9,73,932.3
2026-09-25T12:20:00+08:00,2026-09-25 12:20:00,26.4,27,4.2,4.9,6.5,85,0,0,0.1,27.3,28,28.9,932.2,73,2,317.3,75,932.2
2026-09-25T12:15:00+08:00,2026-09-25 12:15:00,26.3,26.9,1.3,4.7,6.5,75,0,0,0.1,27.3,28,28.9,932.2,75,2,242.7,82,932.2
2026-09-25T12:10:00+08:00,2026-09-25 12:10:00,26.4,27,4.7,5.4,6.5,73,0,0,0.1,27.3,28,28.9,932.4,73,2,228.4,80,932.4
2026-09-25T12:05:00+08:00,2026-09-25 12:05:00,26.7,28.5,4.4,6.1,6.1,86,0,0,0.1,27.3,28,28.9,932.5,72,8,903.8,66,932.5
2026-09-25T12:00:00+08:00,2026-09-25 12:00:00,26.7,28.6,1.4,3.5,5.2,70,0,0,0.1,27.3,28,28.9,932.5,73,4,509.6,46,932.5
2026-09-25T11:55:00+08:00,2026-09-25 11:55:00,26.7,28.5,3.8,4.8,5.2,55,0,0,0.1,27.3,28,28.9,932.6,72,8,865.8,61,932.6
2026-09-25T11:50:00+08:00,2026-09-25 11:50:00,26.3,26.8,1.1,3.2,5.2,92,0,0,0.1,27.3,28,28.9,932.6,70,8,923,63,932.6
2026-09-25T11:45:00+08:00,2026-09-25 11:45:00,26.3,26.8,2.7,3,5.2,61,0,0,0.1,27.3,28,28.9,933,72,3,337.9,61,933
2026-09-25T11:40:00+08:00,2026-09-25 11:40:00,25.9,26.4,1.1,4.8,5.2,28,0,0,0.1,27.3,28,28.9,933,72,4,518.9,70,933
2026-09-25T11:35:00+08:00,2026-09-25 11:35:00,26.1,26.7,3,4.4,5.2,69,0,0,0.1,27.3,28,28.9,933.1,73,6,735.8,64,933.1
2026-09-25T11:30:00+08:00,2026-09-25 11:30:00,26,26.6,3.6,3.7,5.2,66,0,0,0.1,27.3,28,28.9,933.2,74,4,479.4,62,933.2
2026-09-25T11:25:00+08:00,2026-09-25 11:25:00,25.6,26.2,3.3,3.9,5.2,75,0,0,0.1,27.3,28,28.9,933.3,75,3,349.8,48,933.3
2026-09-25T11:20:00+08:00,2026-09-25 11:20:00,25.5,26.1,2.8,4.1,5.2,57,0,0,0.1,27.3,28,28.9,933.3,76,2,295.1,70,933.3
2026-09-25T11:15:00+08:00,2026-09-25 11:15:00,25.7,26.3,2.1,3.4,5.2,49,0,0,0.1,27.3,28,28.9,933.6,75,2,289.6,66,933.6
2026-09-25T11:10:00+08:00,2026-09-25 11:10:00,26,26.6,2,3.5,5.2,104,0,0,0.1,27.3,28,28.9,933.4,74,2,287.9,66,933.4
2026-09-25T11:05:00+08:00,2026-09-25 11:05:00,25.8,26.3,1.4,3.4,5.2,52,0,0,0.1,27.3,28,28.9,933.6,74,2,318.3,75,933.6
2026-09-25T11:00:00+08:00,2026-09-25 11:00:00,25.9,26.4,0.9,2,5.2,348,0,0,0.1,27.3,28,28.9,933.5,73,3,371.4,62,933.5
2026-09-25T10:55:00+08:00,2026-09-25 10:55:00,25.8,26.4,0.7,5.2,5.2,140,0,0,0.1,27.3,28,28.9,933.6,75,8,966.8,40,933.6
2026-09-25T10:50:00+08:00,2026-09-25 10:50:00,25.9,26.5,2.5,3,5.1,56,0,0,0.1,27.3,28,28.9,933.6,75,5,624.6,48,933.6
2026-09-25T10:45:00+08:00,2026-09-25 10:45:00,25.4,25.9,1.7,3.1,5.1,5,0,0,0.1,27.3,28,28.9,933.5,75,4,477.7,50,933.5
2026-09-25T10:40:00+08:00,2026-09-25 10:40:00,25.4,25.9,2.4,2.9,5.1,63,0,0,0.1,27.3,28,28.9,933.8,75,7,777.6,63,933.8
2026-09-25T10:35:00+08:00,2026-09-25 10:35:00,25.5,26.1,4,4.1,5.1,58,0,0,0.1,27.3,28,28.9,933.7,77,4,458.5,77,933.7
2026-09-25T10:30:00+08:00,2026-09-25 10:30:00,25.5,26.1,1.6,4.1,5.1,110,0,0,0.1,27.3,28,28.9,933.9,76,4,435.8,77,933.9
2026-09-25T10:25:00+08:00,2026-09-25 10:25:00,25.4,26,2.5,3.3,5.1,73,0,0,0.1,27.3,28,28.9,934,79,3,329,64,934
2026-09-25T10:20:00+08:00,2026-09-25 10:20:00,25.5,26.1,3.6,4,5.1,67,0,0,0.1,27.3,28,28.9,934.2,78,3,334,53,934.2
2026-09-25T10:15:00+08:00,2026-09-25 10:15:00,25.4,26,1.2,2.2,5.1,46,0,0.1,0.1,27.3,28,28.9,934.2,77,2,272.7,53,934.2
2026-09-25T10:10:00+08:00,2026-09-25 10:10:00,25.7,26.3,2.3,3,5.1,41,0,0.1,0.1,27.3,28,28.9,934.2,75,2,249.1,49,934.2
2026-09-25T10:05:00+08:00,2026-09-25 10:05:00,26.1,26.7,0.8,1.7,5.1,358,0,0.1,0.1,27.3,28,28.9,934.4,73,3,426.8,63,934.4
2026-09-25T10:00:00+08:00,2026-09-25 10:00:00,25.5,26.1,1.4,2.5,5.1,50,0,0.1,0.1,27.3,28,28.9,934.4,76,3,344.1,63,934.4
2026-09-25T09:55:00+08:00,2026-09-25 09:55:00,25.9,26.5,2.1,2.4,5.1,48,0,0.1,0.1,27.3,28,28.9,934.6,76,6,724,357,934.6
2026-09-25T09:50:00+08:00,2026-09-25 09:50:00,25.9,26.5,1.1,1.5,5.1,40,0,0.1,0.1,27.3,28,28.9,934.5,75,3,408.1,354,934.5
2026-09-25T09:45:00+08:00,2026-09-25 09:45:00,25.8,26.4,1.3,1.5,5.1,3,0,0.1,0.1,27.3,28,28.9,934.7,77,2,322.2,10,934.7
2026-09-25T09:40:00+08:00,2026-09-25 09:40:00,25.6,26.3,0.8,1.4,5.1,344,0,0.1,0.1,27.3,28,28.9,934.5,79,2,313,9,934.5
2026-09-25T09:35:00+08:00,2026-09-25 09:35:00,25.2,25.9,1.3,2.3,5.1,6,0,0.1,0.1,27.3,28,28.9,934.8,81,6,711.6,9,934.8
2026-09-25T09:30:00+08:00,2026-09-25 09:30:00,24.7,25.4,1.9,1.9,5.1,39,0,0.1,0.1,27.3,28,28.9,934.8,83,3,382.3,8,934.8
2026-09-25T09:25:00+08:00,2026-09-25 09:25:00,23.5,24.1,0.9,2,5.1,358,0,0.1,0.1,27.3,28,28.9,934.8,85,4,446,338,934.8
2026-09-25T09:20:00+08:00,2026-09-25 09:20:00,23.4,24.1,2.3,2.3,5.1,328,0,0.1,0.1,27.3,28,28.9,934.8,89,3,412.6,326,934.8
2026-09-25T09:15:00+08:00,2026-09-25 09:15:00,22.9,23.6,2.5,3.3,5.1,324,0,0.1,0.1,27.3,28,28.9,934.8,91,3,349.3,320,934.8
2026-09-25T09:10:00+08:00,2026-09-25 09:10:00,22.9,23.6,2,2.4,5.1,330,0,0.1,0.1,27.3,28,28.9,935,91,2,272.4,327,935
2026-09-25T09:05:00+08:00,2026-09-25 09:05:00,22.7,23.4,1.8,3,5.1,327,0,0.1,0.1,27.3,28,28.9,935,90,1,207.1,329,935
2026-09-25T09:00:00+08:00,2026-09-25 09:00:00,22.6,23.3,2.5,2.9,5.1,323,0.6,0.1,0.1,27.3,28,28.9,935.1,90,1,184.8,351,935.1
2026-09-25T08:55:00+08:00,2026-09-25 08:55:00,22.5,23.2,1.8,1.8,5.1,332,0.6,0.1,0.1,27.3,28,28.9,935.2,91,1,124.9,347,935.2
2026-09-25T08:50:00+08:00,2026-09-25 08:50:00,22.4,23.1,1.3,1.9,5.1,355,0.6,0.1,0.1,27.3,28,28.9,935.2,92,0,88.3,349,935.2
2026-09-25T08:45:00+08:00,2026-09-25 08:45:00,22.2,22.9,1.8,1.8,5.1,334,0,0,0,27.2,27.9,28.8,935,92,0,56.1,350,935
2026-09-25T08:40:00+08:00,2026-09-25 08:40:00,22.1,22.8,1.3,1.7,5.1,345,0,0,0,27.2,27.9,28.8,935,91,0,44,351,935
2026-09-25T08:35:00+08:00,2026-09-25 08:35:00,22.1,22.8,1.3,1.8,5.1,354,0,0,0,27.2,27.9,28.8,935,92,0,35.2,344,935
2026-09-25T08:30:00+08:00,2026-09-25 08:30:00,22,22.7,0.9,1.9,5.1,1,0,0,0,27.2,27.9,28.8,935.1,92,0,34.7,345,935.1
2026-09-25T08:25:00+08:00,2026-09-25 08:25:00,22,22.7,1.6,1.9,5.1,358,0,0,0,27.2,27.9,28.8,935,93,0,33.5,342,935
2026-09-25T08:20:00+08:00,2026-09-25 08:20:00,22,22.7,1.5,2.2,5.1,350,0,0,0,27.2,27.9,28.8,935,93,0,23,354,935
2026-09-25T08:15:00+08:00,2026-09-25 08:15:00,22,22.7,1.6,1.8,5.1,349,0,0,0,27.2,27.9,28.8,935,93,0,23.2,354,935
2026-09-25T08:10:00+08:00,2026-09-25 08:10:00,21.9,22.6,1.1,1.6,5.1,0,0,0,0,27.2,27.9,28.8,934.8,93,0,31,352,934.8
2026-09-25T08:05:00+08:00,2026-09-25 08:05:00,21.8,22.4,0.8,1.7,5.1,7,0,0,0,27.2,27.9,28.8,934.8,93,0,42.1,37,934.8
2026-09-25T08:00:00+08:00,2026-09-25 08:00:00,22,22.7,2.1,3,5.1,57,0,0,0,27.2,27.9,28.8,934.8,93,0,24.8,37,934.8
2026-09-25T07:55:00+08:00,2026-09-25 07:55:00,22.1,22.8,2.2,2.5,5.1,32,0,0,0,27.2,27.9,28.8,934.6,93,0,21.3,13,934.6
2026-09-25T07:51:00+08:00,2026-09-25 07:51:00,21.9,22.5,2.3,2.4,5.1,20,0,0,0,27.2,27.9,28.8,934.7,92,0,27,19,934.7
2026-09-25T07:45:00+08:00,2026-09-25 07:45:00,21.9,22.5,1.2,1.9,5.1,8,0,0,0,27.2,27.9,28.8,934.6,92,0,35.4,12,934.6
2026-09-25T07:40:00+08:00,2026-09-25 07:40:00,21.9,22.5,1.5,2.1,5.1,7,0,0,0,27.2,27.9,28.8,934.6,92,0,58.6,10,934.6
2026-09-25T07:35:00+08:00,2026-09-25 07:35:00,21.8,22.4,0.7,1.2,5.1,32,0,0,0,27.2,27.9,28.8,934.6,92,0,55.4,5,934.6
2026-09-25T07:30:00+08:00,2026-09-25 07:30:00,21.8,22.4,0.7,1.5,5.1,19,0,0,0,27.2,27.9,28.8,934.6,93,0,55.5,5,934.6
2026-09-25T07:25:00+08:00,2026-09-25 07:25:00,21.7,22.4,0.9,1.3,5.1,335,0,0,0,27.2,27.9,28.8,934.6,93,0,31.5,66,934.6
2026-09-25T07:20:00+08:00,2026-09-25 07:20:00,21.6,22.3,1.1,2.7,5.1,82,0,0,0,27.2,27.9,28.8,934.5,94,0,25.1,58,934.5
2026-09-25T07:15:00+08:00,2026-09-25 07:15:00,21.7,22.4,1.9,3.6,5.1,51,0,0,0,27.2,27.9,28.8,934.3,94,0,11.2,68,934.3
2026-09-25T07:10:00+08:00,2026-09-25 07:10:00,21.8,22.4,2.5,3.4,5.1,61,0,0,0,27.2,27.9,28.8,934.5,93,0,11.1,64,934.5
2026-09-25T07:05:00+08:00,2026-09-25 07:05:00,21.8,22.4,1.3,1.7,5.1,16,0,0,0,27.2,27.9,28.8,934.4,93,0,12,357,934.4
2026-09-25T07:00:00+08:00,2026-09-25 07:00:00,21.9,22.6,0.8,1.5,5.1,4,0,0,0,27.2,27.9,28.8,934.5,93,0,8.6,357,934.5
2026-09-25T06:55:00+08:00,2026-09-25 06:55:00,21.9,22.6,0.9,1.4,5.1,12,0,0,0,27.2,27.9,28.8,934.2,93,0,8.4,355,934.2
2026-09-25T06:51:00+08:00,2026-09-25 06:51:00,21.9,22.6,1.1,1.6,5.1,9,0,0,0,27.2,27.9,28.8,934.4,93,0,8.9,352,934.4
2026-09-25T06:45:00+08:00,2026-09-25 06:45:00,21.9,22.6,1.2,1.5,5.1,0,0,0,0,27.2,27.9,28.8,934.3,93,0,9.2,353,934.3
2026-09-25T06:40:00+08:00,2026-09-25 06:40:00,21.9,22.6,1.1,1.5,5.1,0,0,0,0,27.2,27.9,28.8,934.2,93,0,11.6,355,934.2
2026-09-25T06:35:00+08:00,2026-09-25 06:35:00,21.9,22.6,1.1,2.1,5.1,346,0,0,0,27.2,27.9,28.8,934.2,93,0,11.4,353,934.2
2026-09-25T06:30:00+08:00,2026-09-25 06:30:00,21.8,22.4,1.6,1.7,5.1,351,0,0,0,27.2,27.9,28.8,934.2,93,0,18,351,934.2
2026-09-25T06:25:00+08:00,2026-09-25 06:25:00,21.8,22.5,1.3,1.9,5.1,0,0,0,0,27.2,27.9,28.8,934.1,94,0,22.6,347,934.1
2026-09-25T06:20:00+08:00,2026-09-25 06:20:00,21.6,22.3,1.3,1.5,5.1,357,0,0,0,27.2,27.9,28.8,934.2,94,0,18.5,356,934.2
2026-09-25T06:15:00+08:00,2026-09-25 06:15:00,21.5,22.2,1.1,1.2,5.1,0,0,0,0,27.2,27.9,28.8,934.2,94,0,8.5,355,934.2
2026-09-25T06:10:00+08:00,2026-09-25 06:10:00,21.5,22.2,1.6,1.8,5.1,355,0,0,0,27.2,27.9,28.8,933.8,94,0,7.8,354,933.8
2026-09-25T06:05:00+08:00,2026-09-25 06:05:00,21.5,22.2,1.3,1.5,5.1,5,0,0,0,27.2,27.9,28.8,933.9,94,0,12.4,6,933.9
2026-09-25T06:00:00+08:00,2026-09-25 06:00:00,21.4,22,1.5,1.8,5.1,28,0,0,0,27.2,27.9,28.8,934,94,0,9.6,6,934
2026-09-25T05:55:00+08:00,2026-09-25 05:55:00,21.4,22.1,1.2,1.9,5.1,0,0,0,0,27.2,27.9,28.8,933.9,95,0,8.4,6,933.9
2026-09-25T05:50:00+08:00,2026-09-25 05:50:00,21.4,22.1,1.8,2.2,5.1,6,0,0,0,27.2,27.9,28.8,933.9,95,0,4.8,2,933.9
2026-09-25T05:45:00+08:00,2026-09-25 05:45:00,21.4,22.1,1.3,1.7,5.1,7,0,0,0,27.2,27.9,28.8,933.8,95,0,3,40,933.8
2026-09-25T05:40:00+08:00,2026-09-25 05:40:00,21.5,22.2,1.8,2.9,5.1,46,0,0,0,27.2,27.9,28.8,933.7,95,0,1.3,37,933.7
2026-09-25T05:35:00+08:00,2026-09-25 05:35:00,21.4,22.1,2.1,2.6,5.1,37,0,0,0,27.2,27.9,28.8,933.7,95,0,0.4,32,933.7
2026-09-25T05:30:00+08:00,2026-09-25 05:30:00,21.4,22.1,2,2.2,5.1,22,0,0,0,27.2,27.9,28.8,933.7,95,0,0.2,30,933.7
2026-09-25T05:25:00+08:00,2026-09-25 05:25:00,21.4,22.1,1.9,2.5,5.1,30,0,0,0,27.2,27.9,28.8,933.5,95,0,0,35,933.5
2026-09-25T05:20:00+08:00,2026-09-25 05:20:00,21.4,22.1,2.4,3.6,5.1,30,0,0,0,27.2,27.9,28.8,933.4,95,0,0,44,933.4
2026-09-25T05:15:00+08:00,2026-09-25 05:15:00,21.5,22.2,2.5,3.2,5.1,50,0,0,0,27.2,27.9,28.8,933.3,95,0,0,48,933.3
2026-09-25T05:10:00+08:00,2026-09-25 05:10:00,21.5,22.2,2.4,2.9,5.1,45,0,0,0,27.2,27.9,28.8,933.5,95,0,0,46,933.5
2026-09-25T05:05:00+08:00,2026-09-25 05:05:00,21.4,22.1,2,2.6,5.1,30,0,0,0,27.2,27.9,28.8,933.3,95,0,0,15,933.3
2026-09-25T05:00:00+08:00,2026-09-25 05:00:00,21.4,22.1,2.1,2.3,5.1,12,0,0,0,27.2,27.9,28.8,933.2,95,0,0,23,933.2
2026-09-25T04:55:00+08:00,2026-09-25 04:55:00,21.4,22.1,2,2.4,5.1,32,0,0,0,27.2,27.9,28.8,933.2,95,0,0,5,933.2
2026-09-25T04:50:00+08:00,2026-09-25 04:50:00,21.4,22.1,1.8,1.9,5.1,5,0,0,0,27.2,27.9,28.8,933.2,95,0,0,9,933.2
2026-09-25T04:45:00+08:00,2026-09-25 04:45:00,21.5,22.2,1.8,2,5.1,1,0,0,0,27.2,27.9,28.8,933.1,94,0,0,33,933.1
2026-09-25T04:40:00+08:00,2026-09-25 04:40:00,21.4,22,2.2,2.6,5.1,24,0,0,0,27.2,27.9,28.8,933.2,94,0,0,39,933.2
2026-09-25T04:35:00+08:00,2026-09-25 04:35:00,21.5,22.2,2.5,2.9,5.1,40,0,0,0,27.2,27.9,28.8,933.1,94,0,0,37,933.1
2026-09-25T04:30:00+08:00,2026-09-25 04:30:00,21.4,22.1,2.6,2.8,5.1,44,0,0,0,27.2,27.9,28.8,933,95,0,0,45,933
2026-09-25T04:25:00+08:00,2026-09-25 04:25:00,21.5,22.2,1.8,2.7,5.1,39,0,0,0,27.2,27.9,28.8,933,95,0,0,54,933
2026-09-25T04:20:00+08:00,2026-09-25 04:20:00,21.5,22.2,2.2,2.4,5.1,50,0,0,0,27.2,27.9,28.8,932.9,95,0,0,52,932.9
2026-09-25T04:15:00+08:00,2026-09-25 04:15:00,21.5,22.2,2.8,3.3,5.1,62,0,0,0,27.2,27.9,28.8,932.8,95,0,0,59,932.8
2026-09-25T04:10:00+08:00,2026-09-25 04:10:00,21.5,22.2,3,3.2,5.1,46,0,0,0,27.2,27.9,28.8,932.8,95,0,0,65,932.8
2026-09-25T04:05:00+08:00,2026-09-25 04:05:00,21.5,22.2,3.3,3.4,5.1,50,0,0,0,27.2,27.9,28.8,932.8,95,0,0,38,932.8
2026-09-25T04:00:00+08:00,2026-09-25 04:00:00,21.4,22.1,2.5,2.6,5.1,36,0,0,0,27.2,27.9,28.8,932.9,95,0,0,29,932.9
2026-09-25T03:55:00+08:00,2026-09-25 03:55:00,21.4,22.1,1.9,2.2,5.1,16,0,0,0,27.2,27.9,28.8,932.9,95,0,0,35,932.9
2026-09-25T03:50:00+08:00,2026-09-25 03:50:00,21.4,22.1,2.3,2.7,5.1,27,0,0,0,27.2,27.9,28.8,932.8,95,0,0,42,932.8
2026-09-25T03:45:00+08:00,2026-09-25 03:45:00,21.3,21.9,2.4,2.4,5.1,36,0,0,0,27.2,27.9,28.8,932.8,95,0,0,32,932.8
2026-09-25T03:40:00+08:00,2026-09-25 03:40:00,21.3,22,2.2,2.6,5.1,27,0,0,0,27.2,27.9,28.8,932.7,96,0,0,33,932.7
2026-09-25T03:35:00+08:00,2026-09-25 03:35:00,21.4,22.1,2.4,2.5,5.1,31,0,0,0,27.2,27.9,28.8,932.8,96,0,0,48,932.8
2026-09-25T03:30:00+08:00,2026-09-25 03:30:00,21.4,22.1,2.4,3.1,5.1,46,0,0,0,27.2,27.9,28.8,932.8,96,0,0,49,932.8
2026-09-25T03:25:00+08:00,2026-09-25 03:25:00,21.3,22,2.6,2.9,5.1,39,0,0,0,27.2,27.9,28.8,932.8,96,0,0,32,932.8
2026-09-25T03:20:00+08:00,2026-09-25 03:20:00,21.4,22.1,2.8,3.3,5.1,52,0,0,0,27.2,27.9,28.8,932.7,96,0,0,27,932.7
2026-09-25T03:15:00+08:00,2026-09-25 03:15:00,21.3,22,2.3,2.6,5.1,46,0,0,0,27.2,27.9,28.8,932.8,96,0,0,27,932.8
2026-09-25T03:10:00+08:00,2026-09-25 03:10:00,21.4,22.1,1.9,2.5,5.1,44,0,0,0,27.2,27.9,28.8,932.6,96,0,0,61,932.6
2026-09-25T03:05:00+08:00,2026-09-25 03:05:00,21.4,22.1,1.8,2.1,5.1,34,0,0,0,27.2,27.9,28.8,932.8,96,0,0,58,932.8
2026-09-25T03:00:00+08:00,2026-09-25 03:00:00,21.5,22.2,2.9,3.4,5.1,63,0,0,0,27.2,27.9,28.8,932.7,96,0,0,61,932.7
2026-09-25T02:55:00+08:00,2026-09-25 02:55:00,21.5,22.2,2.5,3.2,5.1,61,0,0,0,27.2,27.9,28.8,932.8,96,0,0,60,932.8
2026-09-25T02:50:00+08:00,2026-09-25 02:50:00,21.4,22.1,2.9,3.4,5.1,69,0,0,0,27.2,27.9,28.8,932.7,96,0,0,56,932.7
2026-09-25T02:45:00+08:00,2026-09-25 02:45:00,21.5,22.2,1.7,3.1,5.1,48,0,0,0,27.2,27.9,28.8,932.7,96,0,0,54,932.7
2026-09-25T02:40:00+08:00,2026-09-25 02:40:00,21.4,22.1,2.3,3.1,5.1,50,0,0,0,27.2,27.9,28.8,932.6,96,0,0,53,932.6
2026-09-25T02:35:00+08:00,2026-09-25 02:35:00,21.4,22.1,1.9,2.8,5.1,33,0,0,0,27.2,27.9,28.8,932.9,95,0,0,53,932.9
2026-09-25T02:30:00+08:00,2026-09-25 02:30:00,21.4,22.1,3.3,4.1,5.1,68,0,0,0,27.2,27.9,28.8,932.7,95,0,0,65,932.7
2026-09-25T02:25:00+08:00,2026-09-25 02:25:00,21.5,22.2,3.3,3.7,5.1,59,0,0,0,27.2,27.9,28.8,932.7,95,0,0,59,932.7
2026-09-25T02:20:00+08:00,2026-09-25 02:20:00,21.4,22.1,2,3.3,5.1,46,0,0,0,27.2,27.9,28.8,932.7,95,0,0,64,932.7
2026-09-25T02:15:00+08:00,2026-09-25 02:15:00,21.5,22.2,2.8,3.7,5.1,56,0,0,0,27.2,27.9,28.8,932.7,95,0,0,62,932.7
2026-09-25T02:10:00+08:00,2026-09-25 02:10:00,21.5,22.2,2.2,4,5.1,67,0,0,0,27.2,27.9,28.8,932.9,95,0,0,62,932.9
2026-09-25T02:05:00+08:00,2026-09-25 02:05:00,21.5,22.2,3.5,3.5,5.1,55,0,0,0,27.2,27.9,28.8,932.9,95,0,0,58,932.9
2026-09-25T02:00:00+08:00,2026-09-25 02:00:00,21.6,22.3,2.2,4,5.1,60,0,0,0,27.2,27.9,28.8,932.8,95,0,0,57,932.8
2026-09-25T01:55:00+08:00,2026-09-25 01:55:00,21.5,22.2,1.5,3.7,5.1,75,0,0,0,27.2,27.9,28.8,932.8,95,0,0,59,932.8
2026-09-25T01:50:00+08:00,2026-09-25 01:50:00,21.5,22.2,2,3.4,5.1,50,0,0,0,27.2,27.9,28.8,932.9,94,0,0,62,932.9
2026-09-25T01:45:00+08:00,2026-09-25 01:45:00,21.5,22.2,2.9,4.2,5.1,63,0,0,0,27.2,27.9,28.8,932.9,94,0,0,66,932.9
2026-09-25T01:40:00+08:00,2026-09-25 01:40:00,21.5,22.2,2.9,3.9,5.1,65,0,0,0,27.2,27.9,28.8,933,94,0,0,65,933
2026-09-25T01:35:00+08:00,2026-09-25 01:35:00,21.5,22.2,2.3,4.1,5.1,68,0,0,0,27.2,27.9,28.8,933,94,0,0,73,933
2026-09-25T01:30:00+08:00,2026-09-25 01:30:00,21.5,22.2,3.9,4.5,5.1,70,0,0,0,27.2,27.9,28.8,933.1,94,0,0,70,933.1
2026-09-25T01:25:00+08:00,2026-09-25 01:25:00,21.6,22.3,3.5,5.1,5.1,56,0,0,0,27.2,27.9,28.8,932.9,94,0,0,67,932.9
2026-09-25T01:20:00+08:00,2026-09-25 01:20:00,21.5,22.1,3.8,4.8,5,78,0,0,0,27.2,27.9,28.8,933.3,93,0,0,67,933.3
2026-09-25T01:15:00+08:00,2026-09-25 01:15:00,21.5,22.2,4,4.5,5,74,0,0,0,27.2,27.9,28.8,933.1,94,0,0,71,933.1
2026-09-25T01:10:00+08:00,2026-09-25 01:10:00,21.6,22.3,4.1,4.8,5,77,0,0,0,27.2,27.9,28.8,933.4,93,0,0,70,933.4
2026-09-25T01:05:00+08:00,2026-09-25 01:05:00,21.5,22.2,3.6,4.8,5,65,0,0,0,27.2,27.9,28.8,933.4,94,0,0,63,933.4
2026-09-25T01:00:00+08:00,2026-09-25 01:00:00,21.5,22.2,3.9,4.8,5,62,0,0,0,27.2,27.9,28.8,933.5,94,0,0,65,933.5
2026-09-25T00:55:00+08:00,2026-09-25 00:55:00,21.6,22.3,4.3,4.4,4.4,74,0,0,0,27.2,27.9,28.8,933.3,94,0,0,58,933.3
2026-09-25T00:50:00+08:00,2026-09-25 00:50:00,21.6,22.3,3.9,4.4,4.4,59,0,0,0,27.2,27.9,28.8,933.5,94,0,0,58,933.5
2026-09-25T00:46:00+08:00,2026-09-25 00:46:00,21.5,22.1,3.7,4,4.4,49,0,0,0,27.2,27.9,28.8,933.4,93,0,0,57,933.4
2026-09-25T00:40:00+08:00,2026-09-25 00:40:00,21.6,22.3,3.2,3.7,4.4,63,0,0,0,27.2,27.9,28.8,933.3,93,0,0,61,933.3
2026-09-25T00:35:00+08:00,2026-09-25 00:35:00,21.6,22.3,3.3,3.7,4.4,56,0,0,0,27.2,27.9,28.8,933.4,93,0,0,66,933.4
2026-09-25T00:30:00+08:00,2026-09-25 00:30:00,21.7,22.4,2.9,3.7,4.4,41,0,0,0,27.2,27.9,28.8,933.6,93,0,0,64,933.6
2026-09-25T00:25:00+08:00,2026-09-25 00:25:00,21.7,22.4,3.3,4.2,4.4,60,0,0,0,27.2,27.9,28.8,933.7,93,0,0,64,933.7
2026-09-25T00:20:00+08:00,2026-09-25 00:20:00,21.5,22.1,3,4.4,4.4,66,0,0,0,27.2,27.9,28.8,933.7,93,0,0,60,933.7
2026-09-25T00:15:00+08:00,2026-09-25 00:15:00,21.7,22.4,2.9,3.7,4.4,63,0,0,0,27.2,27.9,28.8,933.7,93,0,0,62,933.7
2026-09-25T00:10:00+08:00,2026-09-25 00:10:00,21.8,22.4,3.2,3.7,4.4,58,0,0,0,27.2,27.9,28.8,933.9,93,0,0,63,933.9
2026-09-25T00:05:00+08:00,2026-09-25 00:05:00,21.7,22.4,2.9,3.1,3.6,60,0,0,0,27.2,27.9,28.8,933.6,93,0,0,62,933.6
2026-09-25T00:00:00+08:00,2026-09-25 00:00:00,21.7,22.4,3,4,10.8,75,0,0,0,27.2,27.9,28.8,933.8,93,0,0,70,933.8
2026-09-24T23:55:00+08:00,2026-09-24 23:55:00,21.7,22.4,2.8,3.3,10.8,69,0,0,0,27.2,27.9,28.8,933.8,93,0,0,55,933.8
2026-09-24T23:50:00+08:00,2026-09-24 23:50:00,21.7,22.4,2.9,3.7,10.8,49,0,0,0,27.2,27.9,28.8,933.9,93,0,0,64,933.9
2026-09-24T23:46:00+08:00,2026-09-24 23:46:00,21.7,22.4,2.3,3.5,10.8,63,0,0,0,27.2,27.9,28.8,933.7,93,0,0,46,933.7
2026-09-24T23:40:00+08:00,2026-09-24 23:40:00,21.7,22.4,2.8,3.6,10.8,46,0,0,0,27.2,27.9,28.8,933.9,93,0,0,59,933.9
2026-09-24T23:35:00+08:00,2026-09-24 23:35:00,21.7,22.4,2.4,3.8,10.8,47,0,0,0,27.2,27.9,28.8,934,93,0,0,56,934
2026-09-24T23:30:00+08:00,2026-09-24 23:30:00,21.7,22.4,3,4,10.8,62,0,0,0,27.2,27.9,28.8,933.8,93,0,0,48,933.8
2026-09-24T23:25:00+08:00,2026-09-24 23:25:00,21.6,22.3,2.7,3,10.8,55,0,0,0,27.2,27.9,28.8,934,93,0,0,56,934
2026-09-24T23:20:00+08:00,2026-09-24 23:20:00,21.6,22.3,3,3.8,10.8,45,0,0,0,27.2,27.9,28.8,934,93,0,0,59,934
2026-09-24T23:15:00+08:00,2026-09-24 23:15:00,21.6,22.3,3.3,4.2,10.8,59,0,0,0,27.2,27.9,28.8,934.2,93,0,0,59,934.2
2026-09-24T23:10:00+08:00,2026-09-24 23:10:00,21.7,22.4,3.4,3.7,10.8,63,0,0,0,27.2,27.9,28.8,934.1,93,0,0,59,934.1
2026-09-24T23:05:00+08:00,2026-09-24 23:05:00,21.7,22.4,2.5,3.3,10.8,64,0,0,0,27.2,27.9,28.8,934.2,92,0,0,56,934.2
2026-09-24T23:00:00+08:00,2026-09-24 23:00:00,21.8,22.4,2.7,3.6,10.8,64,0,0,0,27.2,27.9,28.8,934.1,92,0,0,62,934.1
2026-09-24T22:55:00+08:00,2026-09-24 22:55:00,21.8,22.4,3.8,4,10.8,61,0,0,0,27.2,27.9,28.8,934.2,92,0,0,63,934.2
2026-09-24T22:50:00+08:00,2026-09-24 22:50:00,21.7,22.4,2.7,3,10.8,59,0,0,0,27.2,27.9,28.8,934.1,92,0,0,67,934.1
2026-09-24T22:45:00+08:00,2026-09-24 22:45:00,21.7,22.4,2.5,3,10.8,61,0,0,0,27.2,27.9,28.8,934,92,0,0,59,934
2026-09-24T22:40:00+08:00,2026-09-24 22:40:00,21.8,22.4,2.3,3.2,10.8,55,0,0,0,27.2,27.9,28.8,934,92,0,0,49,934
2026-09-24T22:35:00+08:00,2026-09-24 22:35:00,21.7,22.4,3,3.4,10.8,56,0,0,0,27.2,27.9,28.8,934,92,0,0,40,934
2026-09-24T22:30:00+08:00,2026-09-24 22:30:00,21.7,22.4,2.5,3.6,10.8,33,0,0,0,27.2,27.9,28.8,934.2,92,0,0,37,934.2
2026-09-24T22:25:00+08:00,2026-09-24 22:25:00,21.8,22.4,2.7,3.5,10.8,37,0,0,0,27.2,27.9,28.8,934.1,92,0,0,52,934.1
2026-09-24T22:20:00+08:00,2026-09-24 22:20:00,21.8,22.4,3.5,3.8,10.8,65,0,0,0,27.2,27.9,28.8,934,91,0,0,49,934
2026-09-24T22:15:00+08:00,2026-09-24 22:15:00,21.7,22.4,2.7,2.9,10.8,56,0,0,0,27.2,27.9,28.8,934,92,0,0,51,934
2026-09-24T22:10:00+08:00,2026-09-24 22:10:00,21.6,22.2,3,3.5,10.8,46,0,0,0,27.2,27.9,28.8,934,92,0,0,55,934
2026-09-24T22:05:00+08:00,2026-09-24 22:05:00,21.7,22.3,3,3.7,10.8,49,0,0,0,27.2,27.9,28.8,934.1,91,0,0,62,934.1
2026-09-24T22:00:00+08:00,2026-09-24 22:00:00,21.7,22.4,3.2,4,10.8,62,0,0,0,27.2,27.9,28.8,934,92,0,0,57,934
2026-09-24T21:55:00+08:00,2026-09-24 21:55:00,21.5,22.1,2.9,4.3,10.8,54,0,0,0,27.2,27.9,28.8,934,92,0,0,52,934
2026-09-24T21:50:00+08:00,2026-09-24 21:50:00,21.5,22.1,3.8,4.9,10.8,65,0,0,0,27.2,27.9,28.8,934,92,0,0,59,934
2026-09-24T21:45:00+08:00,2026-09-24 21:45:00,21.6,22.2,3.3,5,10.8,57,0,0,0,27.2,27.9,28.8,933.8,92,0,0,58,933.8
2026-09-24T21:40:00+08:00,2026-09-24 21:40:00,21.7,22.4,2.8,4.2,10.8,48,0,0,0,27.2,27.9,28.8,933.8,92,0,0,65,933.8
2026-09-24T21:35:00+08:00,2026-09-24 21:35:00,21.8,22.4,3.2,4.5,10.8,63,0,0,0,27.2,27.9,28.8,933.9,91,0,0,67,933.9
2026-09-24T21:30:00+08:00,2026-09-24 21:30:00,21.8,22.4,5,5.6,10.8,73,0,0,0,27.2,27.9,28.8,933.7,91,0,0,67,933.7
2026-09-24T21:25:00+08:00,2026-09-24 21:25:00,21.8,22.4,3.7,5.1,10.8,71,0,0,0,27.2,27.9,28.8,933.7,91,0,0,68,933.7
2026-09-24T21:20:00+08:00,2026-09-24 21:20:00,21.9,22.5,3.8,5.2,10.8,61,0,0,0,27.2,27.9,28.8,933.5,91,0,0,65,933.5
2026-09-24T21:15:00+08:00,2026-09-24 21:15:00,21.9,22.5,3.2,4.6,10.8,65,0,0,0,27.2,27.9,28.8,933.8,90,0,0,68,933.8
2026-09-24T21:10:00+08:00,2026-09-24 21:10:00,22,22.6,3.2,4.5,10.8,69,0,0,0,27.2,27.9,28.8,933.6,90,0,0,68,933.6
2026-09-24T21:05:00+08:00,2026-09-24 21:05:00,22,22.6,2.5,3.7,10.8,63,0,0,0,27.2,27.9,28.8,933.7,90,0,0,61,933.7
2026-09-24T21:00:00+08:00,2026-09-24 21:00:00,22,22.6,3.6,4.5,10.8,70,0,0,0,27.2,27.9,28.8,933.6,91,0,0,66,933.6
2026-09-24T20:55:00+08:00,2026-09-24 20:55:00,21.9,22.5,2.2,4.5,10.8,68,0,0,0,27.2,27.9,28.8,933.5,91,0,0,62,933.5
2026-09-24T20:50:00+08:00,2026-09-24 20:50:00,21.8,22.4,3.6,4.6,10.8,66,0,0,0,27.2,27.9,28.8,933.5,91,0,0,61,933.5
2026-09-24T20:45:00+08:00,2026-09-24 20:45:00,22,22.6,3.8,4.9,10.8,66,0,0,0,27.2,27.9,28.8,933.3,91,0,0,66,933.3
2026-09-24T20:40:00+08:00,2026-09-24 20:40:00,22,22.6,2.7,5.5,10.8,51,0,0,0,27.2,27.9,28.8,933.3,90,0,0,67,933.3
2026-09-24T20:35:00+08:00,2026-09-24 20:35:00,21.9,22.5,4.2,5.6,10.8,68,0,0,0,27.2,27.9,28.8,933.2,90,0,0,71,933.2
2026-09-24T20:30:00+08:00,2026-09-24 20:30:00,22,22.6,3.5,4.2,10.8,77,0,0,0,27.2,27.9,28.8,933.2,90,0,0,71,933.2
2026-09-24T20:25:00+08:00,2026-09-24 20:25:00,22,22.6,4.3,5.5,10.8,65,0,0,0,27.2,27.9,28.8,933,90,0,0,65,933
2026-09-24T20:20:00+08:00,2026-09-24 20:20:00,22,22.6,3.6,4.1,10.8,70,0,0,0,27.2,27.9,28.8,933.1,90,0,0,74,933.1
2026-09-24T20:15:00+08:00,2026-09-24 20:15:00,22,22.6,3.9,5.3,10.8,65,0,0,0,27.2,27.9,28.8,932.9,90,0,0,70,932.9
2026-09-24T20:10:00+08:00,2026-09-24 20:10:00,22,22.6,2.4,5,10.8,83,0,0,0,27.2,27.9,28.8,932.9,90,0,0,67,932.9
2026-09-24T20:05:00+08:00,2026-09-24 20:05:00,22,22.6,3.7,4.9,10.8,64,0,0,0,27.2,27.9,28.8,932.8,89,0,0,69,932.8
2026-09-24T20:00:00+08:00,2026-09-24 20:00:00,22,22.6,4.2,5.3,10.8,76,0,0,0,27.2,27.9,28.8,932.8,89,0,0,70,932.8
2026-09-24T19:55:00+08:00,2026-09-24 19:55:00,22,22.6,2.3,5.1,10.8,65,0,0,0,27.2,27.9,28.8,932.7,89,0,0,70,932.7
2026-09-24T19:50:00+08:00,2026-09-24 19:50:00,22.1,22.7,3.2,4.7,10.8,79,0,0,0,27.2,27.9,28.8,932.6,88,0,0,71,932.6
2026-09-24T19:45:00+08:00,2026-09-24 19:45:00,22.2,22.8,4.4,5.5,10.8,61,0,0,0,27.2,27.9,28.8,932.4,88,0,0,69,932.4
2026-09-24T19:40:00+08:00,2026-09-24 19:40:00,22.3,22.8,4,5.7,10.8,70,0,0,0,27.2,27.9,28.8,932.3,87,0,0,69,932.3
2026-09-24T19:35:00+08:00,2026-09-24 19:35:00,22.4,23,3.6,5.4,10.8,68,0,0,0,27.2,27.9,28.8,932.1,87,0,0,64,932.1
2026-09-24T19:30:00+08:00,2026-09-24 19:30:00,22.5,23.1,4.2,4.7,10.8,73,0,0,0,27.2,27.9,28.8,932.3,87,0,0,70,932.3
2026-09-24T19:25:00+08:00,2026-09-24 19:25:00,22.7,23.3,4.1,5.4,10.8,69,0,0,0,27.2,27.9,28.8,932.1,86,0,0,73,932.1
2026-09-24T19:20:00+08:00,2026-09-24 19:20:00,22.7,23.3,4.9,5.7,10.8,72,0,0,0,27.2,27.9,28.8,932.1,86,0,0,66,932.1
2026-09-24T19:15:00+08:00,2026-09-24 19:15:00,22.6,23.2,4.1,5.5,10.8,66,0,0,0,27.2,27.9,28.8,931.9,87,0,0,77,931.9
2026-09-24T19:10:00+08:00,2026-09-24 19:10:00,22.7,23.3,2.6,4.2,10.8,79,0,0,0,27.2,27.9,28.8,931.7,86,0,0,77,931.7
2026-09-24T19:05:00+08:00,2026-09-24 19:05:00,22.7,23.3,3.1,6,10.8,70,0,0,0,27.2,27.9,28.8,931.8,87,0,0,66,931.8
2026-09-24T19:00:00+08:00,2026-09-24 19:00:00,22.7,23.3,2.8,4.8,10.8,84,0,0,0,27.2,27.9,28.8,931.6,86,0,0,68,931.6
2026-09-24T18:55:00+08:00,2026-09-24 18:55:00,22.7,23.3,3.3,5,10.8,59,0,0,0,27.2,27.9,28.8,931.5,87,0,0,75,931.5
2026-09-24T18:50:00+08:00,2026-09-24 18:50:00,22.8,23.4,5.3,6.3,10.8,74,0,0,0,27.2,27.9,28.8,931.5,87,0,0,69,931.5
2026-09-24T18:45:00+08:00,2026-09-24 18:45:00,22.7,23.3,4.5,5.8,10.8,69,0,0,0,27.2,27.9,28.8,931.5,87,0,0,67,931.5
2026-09-24T18:40:00+08:00,2026-09-24 18:40:00,22.9,23.5,5.5,6.2,10.8,75,0,0,0,27.2,27.9,28.8,931.3,87,0,0,67,931.3
2026-09-24T18:35:00+08:00,2026-09-24 18:35:00,22.9,23.5,2.5,5.5,10.8,62,0,0,0,27.2,27.9,28.8,931.1,87,0,0,67,931.1
2026-09-24T18:30:00+08:00,2026-09-24 18:30:00,23,23.6,4.7,5.2,10.8,69,0,0,0,27.2,27.9,28.8,931,87,0,0,69,931
2026-09-24T18:25:00+08:00,2026-09-24 18:25:00,23.2,23.8,4.4,5.8,10.8,67,0,0,0,27.2,27.9,28.8,930.8,86,0,0,66,930.8
2026-09-24T18:20:00+08:00,2026-09-24 18:20:00,23.1,23.7,4.6,5.9,10.8,71,0,0,0,27.2,27.9,28.8,930.9,86,0,0,71,930.9
2026-09-24T18:15:00+08:00,2026-09-24 18:15:00,23.1,23.7,4.3,6.2,10.8,77,0,0,0,27.2,27.9,28.8,930.8,86,0,0,75,930.8
2026-09-24T18:10:00+08:00,2026-09-24 18:10:00,23.2,23.8,3.7,5.8,10.8,70,0,0,0,27.2,27.9,28.8,930.5,86,0,0,63,930.5
2026-09-24T18:05:00+08:00,2026-09-24 18:05:00,23.3,23.9,4.7,5.4,10.8,62,0,0,0,27.2,27.9,28.8,930.5,85,0,0,71,930.5
2026-09-24T18:00:00+08:00,2026-09-24 18:00:00,23.3,23.9,5.7,7.1,10.8,72,0,0,0,27.2,27.9,28.8,930.3,85,0,0.2,71,930.3
2026-09-24T17:55:00+08:00,2026-09-24 17:55:00,23.4,24,4.6,6.2,10.8,73,0,0,0,27.2,27.9,28.8,930.3,85,0,0.8,66,930.3
2026-09-24T17:50:00+08:00,2026-09-24 17:50:00,23.5,24.1,4.9,6.2,10.8,77,0,0,0,27.2,27.9,28.8,930.1,84,0,2,67,930.1
2026-09-24T17:45:00+08:00,2026-09-24 17:45:00,23.6,24.2,5.2,5.6,10.8,72,0,0,0,27.2,27.9,28.8,930.4,84,0,4.7,77,930.4
2026-09-24T17:41:00+08:00,2026-09-24 17:41:00,23.7,24.3,5.2,7.3,10.8,69,0,0,0,27.2,27.9,28.8,930.2,83,0,7.9,81,930.2
2026-09-24T17:35:00+08:00,2026-09-24 17:35:00,23.8,24.4,5.5,7.8,10.8,71,0,0,0,27.2,27.9,28.8,930.1,83,0,15,71,930.1
2026-09-24T17:30:00+08:00,2026-09-24 17:30:00,23.9,24.5,5.6,6.2,10.8,84,0,0,0,27.2,27.9,28.8,930,82,0,22.4,66,930
2026-09-24T17:25:00+08:00,2026-09-24 17:25:00,24.1,24.7,5.9,6.7,10.8,81,0,0,0,27.2,27.9,28.8,930.1,82,0,30.9,75,930.1
2026-09-24T17:20:00+08:00,2026-09-24 17:20:00,24.3,24.9,5.7,7.1,10.8,71,0,0,0,27.2,27.9,28.8,929.9,81,0,40.3,74,929.9
2026-09-24T17:15:00+08:00,2026-09-24 17:15:00,24.4,25,5.6,6.7,10.8,65,0,0,0,27.2,27.9,28.8,929.7,81,0,49.1,73,929.7
2026-09-24T17:10:00+08:00,2026-09-24 17:10:00,24.5,25.1,5.6,7.3,10.8,54,0,0,0,27.2,27.9,28.8,929.8,80,0,60.5,72,929.8
2026-09-24T17:05:00+08:00,2026-09-24 17:05:00,24.6,25.2,4.6,5.5,10.8,65,0,0,0,27.2,27.9,28.8,929.7,80,0,69.9,66,929.7
2026-09-24T17:00:00+08:00,2026-09-24 17:00:00,24.8,25.4,5.7,6.3,10.8,65,0,0,0,27.2,27.9,28.8,929.6,79,0,80.1,73,929.6
2026-09-24T16:55:00+08:00,2026-09-24 16:55:00,24.8,25.4,6.2,7.3,10.8,62,0,0,0,27.2,27.9,28.8,929.5,79,0,96.5,70,929.5
2026-09-24T16:50:00+08:00,2026-09-24 16:50:00,25.2,25.9,5.5,7.6,10.8,71,0,0,0,27.2,27.9,28.8,929.7,79,1,113.5,79,929.7
2026-09-24T16:45:00+08:00,2026-09-24 16:45:00,25.1,25.7,6.4,8.7,10.8,86,0,0,0,27.2,27.9,28.8,929.4,78,1,121.1,80,929.4
2026-09-24T16:40:00+08:00,2026-09-24 16:40:00,25.5,26.1,8.3,9.2,10.8,83,0,0,0,27.2,27.9,28.8,929.4,77,1,165.7,86,929.4
2026-09-24T16:35:00+08:00,2026-09-24 16:35:00,25.3,25.9,6.2,10.8,10.8,75,0,0,0,27.2,27.9,28.8,929.4,78,1,172.8,77,929.4
2026-09-24T16:30:00+08:00,2026-09-24 16:30:00,25.6,26.2,8.8,10,10.1,79,0,0,0,27.2,27.9,28.8,929.3,77,1,169.6,74,929.3
2026-09-24T16:25:00+08:00,2026-09-24 16:25:00,26,26.6,6,8.7,9.6,76,0,0,0,27.2,27.9,28.8,929.2,75,1,152.3,79,929.2
2026-09-24T16:20:00+08:00,2026-09-24 16:20:00,26.1,26.7,6.3,9.3,9.6,81,0,0,0,27.2,27.9,28.8,929.1,75,1,211,88,929.1
2026-09-24T16:15:00+08:00,2026-09-24 16:15:00,26.4,27,7.4,9.6,9.6,79,0,0,0,27.2,27.9,28.8,929,74,2,236,80,929
2026-09-24T16:10:00+08:00,2026-09-24 16:10:00,26.6,27.2,7.6,9,9.4,76,0,0,0,27.2,27.9,28.8,928.8,72,2,284,77,928.8
2026-09-24T16:05:00+08:00,2026-09-24 16:05:00,26.8,28.7,5.5,8.8,9.4,79,0,0,0,27.2,27.9,28.8,928.9,73,2,292.9,77,928.9
2026-09-24T16:00:00+08:00,2026-09-24 16:00:00,26.9,28.9,7.2,8.4,9.1,85,0,0,0,27.2,27.9,28.8,928.9,73,2,305.1,79,928.9
2026-09-24T15:55:00+08:00,2026-09-24 15:55:00,27,29,6.9,8.7,9.1,75,0,0,0,27.2,27.9,28.8,928.8,72,2,318.3,74,928.8
2026-09-24T15:50:00+08:00,2026-09-24 15:50:00,27.2,29.3,5.3,7.2,9.1,78,0,0,0,27.2,27.9,28.8,928.9,71,3,367.1,78,928.9
2026-09-24T15:45:00+08:00,2026-09-24 15:45:00,27.3,29.4,5.8,8.3,9.1,87,0,0,0,27.2,27.9,28.8,928.7,71,3,383.7,75,928.7
2026-09-24T15:40:00+08:00,2026-09-24 15:40:00,27.4,29.6,4.9,6.5,9.1,68,0,0,0,27.2,27.9,28.8,928.9,71,3,425.1,74,928.9
2026-09-24T15:35:00+08:00,2026-09-24 15:35:00,27,28.9,6.2,7.2,9.1,61,0,0,0,27.2,27.9,28.8,928.6,70,4,439.4,74,928.6
2026-09-24T15:30:00+08:00,2026-09-24 15:30:00,27.2,29.1,4.7,7.5,9.1,74,0,0,0,27.2,27.9,28.8,928.6,69,4,473.7,73,928.6
2026-09-24T15:25:00+08:00,2026-09-24 15:25:00,27.2,29.3,5.7,8.3,9.1,89,0,0,0,27.2,27.9,28.8,928.6,71,4,496.2,71,928.6
2026-09-24T15:20:00+08:00,2026-09-24 15:20:00,27,29,6.5,7.9,9.1,68,0,0,0,27.2,27.9,28.8,928.8,72,5,541.1,67,928.8
2026-09-24T15:15:00+08:00,2026-09-24 15:15:00,27.7,30,7.3,7.7,9.1,77,0,0,0,27.2,27.9,28.8,928.7,69,4,532,81,928.7
2026-09-24T15:10:00+08:00,2026-09-24 15:10:00,27.4,29.6,7.2,8.3,9.1,77,0,0,0,27.2,27.9,28.8,928.7,71,5,552.3,76,928.7
2026-09-24T15:05:00+08:00,2026-09-24 15:05:00,27.6,29.8,5.3,7,8.8,74,0,0,0,27.2,27.9,28.8,928.8,69,5,587.3,76,928.8
2026-09-24T15:00:00+08:00,2026-09-24 15:00:00,27.9,30.2,6.1,7.3,8.8,70,0,0,0,27.2,27.9,28.8,928.9,68,5,593.4,83,928.9
2026-09-24T14:55:00+08:00,2026-09-24 14:55:00,27.8,29.9,5.6,7.6,8.8,79,0,0,0,27.2,27.9,28.8,928.7,67,5,617.4,77,928.7
2026-09-24T14:50:00+08:00,2026-09-24 14:50:00,27.8,30,4.3,6.6,8.8,66,0,0,0,27.2,27.9,28.8,928.9,68,5,624.7,77,928.9
2026-09-24T14:45:00+08:00,2026-09-24 14:45:00,27.8,29.9,4.9,8.6,8.8,80,0,0,0,27.2,27.9,28.8,928.9,67,6,665.7,77,928.9
2026-09-24T14:40:00+08:00,2026-09-24 14:40:00,28.1,30.3,4.4,6.9,8.8,92,0,0,0,27.2,27.9,28.8,929.1,66,6,658.4,78,929.1
2026-09-24T14:35:00+08:00,2026-09-24 14:35:00,28.1,30.5,5.7,7.7,8.8,71,0,0,0,27.2,27.9,28.8,929.1,67,6,672.3,72,929.1
2026-09-24T14:30:00+08:00,2026-09-24 14:30:00,27.7,29.8,6,6.9,8.8,81,0,0,0,27.2,27.9,28.8,928.9,67,6,706.1,78,928.9
2026-09-24T14:25:00+08:00,2026-09-24 14:25:00,28.1,30.3,5.6,7.6,8.1,84,0,0,0,27.2,27.9,28.8,929.3,66,6,720.6,80,929.3
2026-09-24T14:20:00+08:00,2026-09-24 14:20:00,27.9,29.8,4.7,6.5,8.1,65,0,0,0,27.2,27.9,28.8,929.4,65,7,764.3,87,929.4
2026-09-24T14:15:00+08:00,2026-09-24 14:15:00,28,30.2,2.5,6.1,8.1,87,0,0,0,27.2,27.9,28.8,929.4,66,6,746.3,68,929.4
2026-09-24T14:10:00+08:00,2026-09-24 14:10:00,28.1,30.1,5.1,6.6,8.1,72,0,0,0,27.2,27.9,28.8,929.3,64,7,760.9,74,929.3
2026-09-24T14:05:00+08:00,2026-09-24 14:05:00,27.8,29.7,4.9,6.8,8.1,81,0,0,0,27.2,27.9,28.8,929.3,65,7,797.4,88,929.3
2026-09-24T14:00:00+08:00,2026-09-24 14:00:00,28.4,30.4,3.8,5.9,8.1,94,0,0,0,27.2,27.9,28.8,929.5,63,7,793.5,88,929.5
2026-09-24T13:55:00+08:00,2026-09-24 13:55:00,28.2,30.3,4.8,5.1,8.1,92,0,0,0,27.2,27.9,28.8,929.6,64,7,816.2,92,929.6
2026-09-24T13:50:00+08:00,2026-09-24 13:50:00,27.9,30.1,4,5.8,8.1,61,0,0,0,27.2,27.9,28.8,929.7,67,7,819.4,83,929.7
2026-09-24T13:45:00+08:00,2026-09-24 13:45:00,28.2,30.3,3.9,5.6,8.1,74,0,0,0,27.2,27.9,28.8,929.8,64,7,859.6,74,929.8
2026-09-24T13:40:00+08:00,2026-09-24 13:40:00,27.7,29.6,5.6,6.8,8.1,67,0,0,0,27.2,27.9,28.8,929.8,65,7,829.8,65,929.8
2026-09-24T13:35:00+08:00,2026-09-24 13:35:00,27.2,28.9,5,8.1,8.1,56,0,0,0,27.2,27.9,28.8,929.8,66,7,845,77,929.8
2026-09-24T13:30:00+08:00,2026-09-24 13:30:00,28.2,30.3,5,7.5,7.8,106,0,0,0,27.2,27.9,28.8,930,64,7,860.5,77,930
2026-09-24T13:25:00+08:00,2026-09-24 13:25:00,28.2,30.7,3.2,7,7.8,83,0,0,0,27.2,27.9,28.8,929.9,67,8,879.8,83,929.9
2026-09-24T13:20:00+08:00,2026-09-24 13:20:00,28.4,30.7,1.7,5.7,7.8,86,0,0,0,27.2,27.9,28.8,930.3,65,8,918.1,59,930.3
2026-09-24T13:15:00+08:00,2026-09-24 13:15:00,27.7,29.5,3.8,5.5,7.8,78,0,0,0,27.2,27.9,28.8,930.2,64,8,864.5,87,930.2
2026-09-24T13:10:00+08:00,2026-09-24 13:10:00,28,29.6,2.3,4.4,7.8,62,0,0,0,27.2,27.9,28.8,930.4,61,8,908.1,74,930.4
2026-09-24T13:05:00+08:00,2026-09-24 13:05:00,28.3,30.2,3.3,4.2,7.8,82,0,0,0,27.2,27.9,28.8,930.4,63,8,918.7,64,930.4
2026-09-24T13:00:00+08:00,2026-09-24 13:00:00,28,29.9,3.5,4.8,7.8,71,0,0,0,27.2,27.9,28.8,930.5,64,8,923,69,930.5
2026-09-24T12:55:00+08:00,2026-09-24 12:55:00,28,30.2,3.5,4.1,7.8,64,0,0,0,27.2,27.9,28.8,930.6,66,3,410.3,84,930.6
2026-09-24T12:50:00+08:00,2026-09-24 12:50:00,27.3,28.8,2.3,4.8,7.8,64,0,0,0,27.2,27.9,28.8,930.7,64,8,955.2,84,930.7
2026-09-24T12:45:00+08:00,2026-09-24 12:45:00,26.8,28.1,2.1,4,7.8,17,0,0,0,27.2,27.9,28.8,931,65,7,842.3,76,931
2026-09-24T12:40:00+08:00,2026-09-24 12:40:00,26.9,28.4,4.9,5.9,7.8,51,0,0,0,27.2,27.9,28.8,930.9,67,8,966.3,75,930.9
2026-09-24T12:35:00+08:00,2026-09-24 12:35:00,27.2,28.7,1.1,3.2,7.8,29,0,0,0,27.2,27.9,28.8,931.2,64,8,952,76,931.2
2026-09-24T12:30:00+08:00,2026-09-24 12:30:00,27.1,28.9,3,4.6,7.8,75,0,0,0,27.2,27.9,28.8,931.2,68,8,956.3,85,931.2
2026-09-24T12:25:00+08:00,2026-09-24 12:25:00,26.9,28.4,3,5.8,7.8,83,0,0,0,27.2,27.9,28.8,931.3,67,9,973.3,91,931.3
2026-09-24T12:20:00+08:00,2026-09-24 12:20:00,27.6,29.6,2.1,3.7,7.8,58,0,0,0,27.2,27.9,28.8,931.4,67,9,971.1,76,931.4
2026-09-24T12:15:00+08:00,2026-09-24 12:15:00,27.7,29.6,2.7,5.8,7.8,77,0,0,0,27.2,27.9,28.8,931.2,65,9,986.7,84,931.2
2026-09-24T12:10:00+08:00,2026-09-24 12:10:00,27.2,28.9,0.9,2.8,7.8,25,0,0,0,27.2,27.9,28.8,931.7,66,8,955.9,84,931.7
2026-09-24T12:05:00+08:00,2026-09-24 12:05:00,27.1,28.9,2.7,4,7.8,139,0,0,0,27.2,27.9,28.8,931.6,68,8,961.3,76,931.6
2026-09-24T12:00:00+08:00,2026-09-24 12:00:00,26.8,28.3,4,5.3,7.8,76,0,0,0,27.2,27.9,28.8,931.6,67,8,956.4,20,931.6
2026-09-24T11:55:00+08:00,2026-09-24 11:55:00,26.5,27,2.1,4.1,7.8,13,0,0,0,27.2,27.9,28.8,931.7,68,8,938.3,64,931.7
2026-09-24T11:50:00+08:00,2026-09-24 11:50:00,26.4,26.8,4.4,6,7.8,73,0,0,0,27.2,27.9,28.8,931.9,67,8,964.6,69,931.9
2026-09-24T11:45:00+08:00,2026-09-24 11:45:00,26.3,26.8,6.1,6.6,7.8,75,0,0,0,27.2,27.9,28.8,931.9,71,8,945.1,68,931.9
2026-09-24T11:40:00+08:00,2026-09-24 11:40:00,26.4,26.9,3,6.3,7.8,49,0,0,0,27.2,27.9,28.8,931.9,68,8,956.1,84,931.9
2026-09-24T11:36:00+08:00,2026-09-24 11:36:00,26.8,28.6,2.9,7.1,7.8,48,0,0,0,27.2,27.9,28.8,932.1,72,8,933.7,85,932.1
2026-09-24T11:30:00+08:00,2026-09-24 11:30:00,26.7,28.3,1.8,4.3,7.8,85,0,0,0,27.2,27.9,28.8,932.3,68,8,948.2,100,932.3
2026-09-24T11:25:00+08:00,2026-09-24 11:25:00,26.4,26.9,2.6,3.9,7.8,74,0,0,0,27.2,27.9,28.8,932.5,68,8,955.6,72,932.5
2026-09-24T11:20:00+08:00,2026-09-24 11:20:00,25.9,26.4,3.4,5.3,7.8,89,0,0,0,27.2,27.9,28.8,932.5,70,8,948.7,67,932.5
2026-09-24T11:15:00+08:00,2026-09-24 11:15:00,26.4,26.9,1.5,4.1,7.8,104,0,0,0,27.2,27.9,28.8,932.5,71,8,928.8,76,932.5
2026-09-24T11:10:00+08:00,2026-09-24 11:10:00,26.1,26.6,3.7,4.6,7.8,41,0,0,0,27.2,27.9,28.8,932.6,70,8,937.1,75,932.6
2026-09-24T11:05:00+08:00,2026-09-24 11:05:00,25.9,26.4,1.4,4.9,7.8,88,0,0,0,27.2,27.9,28.8,932.8,71,8,894,74,932.8
2026-09-24T11:00:00+08:00,2026-09-24 11:00:00,25.6,26.2,2.5,5.7,7.8,103,0,0,0,27.2,27.9,28.8,932.9,75,7,838.2,74,932.9
2026-09-24T10:55:00+08:00,2026-09-24 10:55:00,25.7,26.3,4.6,5.4,7.5,75,0,0,0,27.2,27.9,28.8,933.1,73,8,884.5,69,933.1
2026-09-24T10:50:00+08:00,2026-09-24 10:50:00,25.3,25.8,4,5.8,7.5,76,0,0,0,27.2,27.9,28.8,933,74,8,860.6,67,933
2026-09-24T10:45:00+08:00,2026-09-24 10:45:00,25.5,26,1.4,4.4,6.4,106,0,0,0,27.2,27.9,28.8,933,73,3,410.7,78,933
2026-09-24T10:40:00+08:00,2026-09-24 10:40:00,25.5,26,4,5.4,6.4,83,0,0,0,27.2,27.9,28.8,933,72,7,818.9,89,933
2026-09-24T10:35:00+08:00,2026-09-24 10:35:00,25.3,25.8,4.4,6.4,6.4,67,0,0,0,27.2,27.9,28.8,933.3,73,7,764.8,79,933.3
2026-09-24T10:30:00+08:00,2026-09-24 10:30:00,25.4,25.9,2.8,4.5,5,143,0,0,0,27.2,27.9,28.8,933.4,75,7,811.8,89,933.4
2026-09-24T10:25:00+08:00,2026-09-24 10:25:00,25.1,25.5,0.8,3.6,5,178,0,0,0,27.2,27.9,28.8,933.5,71,7,788.5,84,933.5
2026-09-24T10:20:00+08:00,2026-09-24 10:20:00,25.4,25.9,2.7,4.1,5,71,0,0,0,27.2,27.9,28.8,933.6,72,7,797,79,933.6
2026-09-24T10:15:00+08:00,2026-09-24 10:15:00,25.7,26.2,1.9,4.7,5,84,0,0,0,27.2,27.9,28.8,933.6,70,7,786.6,80,933.6
2026-09-24T10:10:00+08:00,2026-09-24 10:10:00,25.1,25.5,2.7,4,5,82,0,0,0,27.2,27.9,28.8,933.8,71,6,751.5,80,933.8
2026-09-24T10:05:00+08:00,2026-09-24 10:05:00,25.5,26,2.8,4.1,5,86,0,0,0,27.2,27.9,28.8,933.7,71,7,778.3,81,933.7
2026-09-24T10:00:00+08:00,2026-09-24 10:00:00,25,25.5,2,3.1,5,99,0,0,0,27.2,27.9,28.8,933.8,74,6,715.3,82,933.8
2026-09-24T09:55:00+08:00,2026-09-24 09:55:00,24.8,25.2,3.7,4.2,5,92,0,0,0,27.2,27.9,28.8,934,73,6,701.4,91,934
2026-09-24T09:50:00+08:00,2026-09-24 09:50:00,25.1,25.6,3.1,4.3,5,78,0,0,0,27.2,27.9,28.8,933.9,73,6,693.5,75,933.9
2026-09-24T09:45:00+08:00,2026-09-24 09:45:00,24.4,24.7,2.8,4.2,5,54,0,0,0,27.2,27.9,28.8,934,71,6,666.6,68,934
2026-09-24T09:40:00+08:00,2026-09-24 09:40:00,24.2,24.6,1.8,2.8,5,75,0,0,0,27.2,27.9,28.8,934,73,6,661.7,83,934
2026-09-24T09:35:00+08:00,2026-09-24 09:35:00,24.1,24.5,2.2,3.2,5,48,0,0,0,27.2,27.9,28.8,934,72,5,641.5,77,934
2026-09-24T09:30:00+08:00,2026-09-24 09:30:00,23.9,24.2,2.7,4.4,5,92,0,0,0,27.2,27.9,28.8,934,73,5,636.5,88,934
2026-09-24T09:25:00+08:00,2026-09-24 09:25:00,24.2,24.6,2.2,3.2,5,51,0,0,0,27.2,27.9,28.8,934.1,74,5,607.2,77,934.1
2026-09-24T09:20:00+08:00,2026-09-24 09:20:00,23.7,24.1,1.6,3.1,5,16,0,0,0,27.2,27.9,28.8,934.1,76,5,585.9,77,934.1
2026-09-24T09:15:00+08:00,2026-09-24 09:15:00,23.7,24.2,1.9,3.1,5,69,0,0,0,27.2,27.9,28.8,934.1,78,5,599.9,78,934.1
2026-09-24T09:10:00+08:00,2026-09-24 09:10:00,23.3,23.8,2.4,4,5,49,0,0,0,27.2,27.9,28.8,934,83,5,571.4,74,934
2026-09-24T09:05:00+08:00,2026-09-24 09:05:00,23.3,23.7,1.1,2.9,5,69,0,0,0,27.2,27.9,28.8,934.3,79,5,550.9,74,934.3
2026-09-24T09:00:00+08:00,2026-09-24 09:00:00,23.3,23.8,1.9,3.3,5,60,0,0,0,27.2,27.9,28.8,934.3,80,2,315.5,69,934.3
2026-09-24T08:55:00+08:00,2026-09-24 08:55:00,23.2,23.8,2.1,4.4,5,71,0,0,0,27.2,27.9,28.8,934.4,84,3,405.1,63,934.4
2026-09-24T08:50:00+08:00,2026-09-24 08:50:00,23,23.6,3.8,4.1,4.5,65,0,0,0,27.2,27.9,28.8,934.3,85,4,446,60,934.3
2026-09-24T08:45:00+08:00,2026-09-24 08:45:00,22.9,23.4,3.4,4,4.5,71,0,0,0,27.2,27.9,28.8,934.2,84,3,410.7,69,934.2
2026-09-24T08:40:00+08:00,2026-09-24 08:40:00,22.9,23.4,3,3.5,4.5,66,0,0,0,27.2,27.9,28.8,934.3,84,3,332.7,69,934.3
2026-09-24T08:35:00+08:00,2026-09-24 08:35:00,22.8,23.4,2.9,3.4,4.5,62,0,0,0,27.2,27.9,28.8,934.2,86,3,393.8,78,934.2
2026-09-24T08:30:00+08:00,2026-09-24 08:30:00,23.2,23.8,1.8,2.4,4.5,53,0,0,0,27.2,27.9,28.8,934.3,85,3,368.2,111,934.3
2026-09-24T08:25:00+08:00,2026-09-24 08:25:00,22.8,23.4,1.8,2.5,4.5,161,0,0,0,27.2,27.9,28.8,934.6,86,2,256.8,95,934.6
2026-09-24T08:20:00+08:00,2026-09-24 08:20:00,22.7,23.3,1.1,2.1,4.5,60,0,0,0,27.2,27.9,28.8,934.4,88,3,406.1,100,934.4
2026-09-24T08:15:00+08:00,2026-09-24 08:15:00,22.6,23.2,1.8,1.8,4.5,88,0,0,0,27.2,27.9,28.8,934.3,87,2,319.6,100,934.3
2026-09-24T08:10:00+08:00,2026-09-24 08:10:00,22.2,22.8,2.7,2.7,4.5,104,0,0,0,27.2,27.9,28.8,934.1,88,1,182.7,355,934.1
2026-09-24T08:05:00+08:00,2026-09-24 08:05:00,21.9,22.5,0,0.8,4.5,0,0,0,0,27.2,27.9,28.8,934,89,1,197.7,0,934
2026-09-24T08:00:00+08:00,2026-09-24 08:00:00,21.8,22.4,0,0.8,4.5,349,0,0,0,27.2,27.9,28.8,934,90,1,179.6,13,934
2026-09-24T07:55:00+08:00,2026-09-24 07:55:00,21.9,22.5,0,0.6,4.5,132,0,0,0,27.2,27.9,28.8,934,91,1,148.9,6,934
2026-09-24T07:50:00+08:00,2026-09-24 07:50:00,21.6,22.2,0,0.6,4.5,4,0,0,0,27.2,27.9,28.8,934,92,1,133.5,89,934
2026-09-24T07:45:00+08:00,2026-09-24 07:45:00,21.6,22.2,1.5,2.1,4.5,89,0,0,0,27.2,27.9,28.8,934,92,1,144.4,85,934
2026-09-24T07:40:00+08:00,2026-09-24 07:40:00,21.5,22.1,1.4,1.7,4.5,93,0,0,0,27.2,27.9,28.8,934.1,92,1,175.8,92,934.1
2026-09-24T07:35:00+08:00,2026-09-24 07:35:00,21.6,22.3,1.8,2.6,4.5,89,0,0,0,27.2,27.9,28.8,934,93,2,266.6,95,934
2026-09-24T07:30:00+08:00,2026-09-24 07:30:00,21.4,22,2.2,2.6,4.5,97,0,0,0,27.2,27.9,28.8,933.8,92,1,167.3,98,933.8
2026-09-24T07:25:00+08:00,2026-09-24 07:25:00,21.6,22.2,2.2,3.5,4.5,99,0,0,0,27.2,27.9,28.8,933.9,92,1,189.9,94,933.9
2026-09-24T07:20:00+08:00,2026-09-24 07:20:00,21.4,22,0.9,2.4,4.5,119,0,0,0,27.2,27.9,28.8,934.1,92,1,176.5,98,934.1
2026-09-24T07:15:00+08:00,2026-09-24 07:15:00,21.7,22.4,1.9,2.3,4.5,105,0,0,0,27.2,27.9,28.8,933.9,92,1,144.5,101,933.9
2026-09-24T07:10:00+08:00,2026-09-24 07:10:00,21.5,22.1,1.3,1.6,4.5,115,0,0,0,27.2,27.9,28.8,933.9,91,1,131.4,108,933.9
2026-09-24T07:05:00+08:00,2026-09-24 07:05:00,21.5,22.1,1.6,1.6,4.5,106,0,0,0,27.2,27.9,28.8,933.8,91,1,122.3,111,933.8
2026-09-24T07:00:00+08:00,2026-09-24 07:00:00,21.8,22.4,0.7,1.4,4.5,103,0,0,0,27.2,27.9,28.8,933.6,90,1,117.8,120,933.6
2026-09-24T06:55:00+08:00,2026-09-24 06:55:00,21.7,22.3,1.1,1.7,4.5,106,0,0,0,27.2,27.9,28.8,933.7,89,1,113,115,933.7
2026-09-24T06:50:00+08:00,2026-09-24 06:50:00,21.4,21.9,0.7,1.5,4.5,132,0,0,0,27.2,27.9,28.8,933.6,88,1,109.2,119,933.6
2026-09-24T06:45:00+08:00,2026-09-24 06:45:00,21.2,21.8,1.1,1.2,4.5,109,0,0,0,27.2,27.9,28.8,933.3,90,0,95.5,117,933.3
2026-09-24T06:40:00+08:00,2026-09-24 06:40:00,21.3,21.8,0.7,0.7,4.5,170,0,0,0,27.2,27.9,28.8,933.6,91,0,81.7,266,933.6
2026-09-24T06:35:00+08:00,2026-09-24 06:35:00,21.1,21.7,0,0.8,4.5,257,0,0,0,27.2,27.9,28.8,933.6,92,0,74.4,266,933.6
2026-09-24T06:30:00+08:00,2026-09-24 06:30:00,21.1,21.7,0,0.8,4.5,269,0,0,0,27.2,27.9,28.8,933.7,92,0,66.2,241,933.7
2026-09-24T06:25:00+08:00,2026-09-24 06:25:00,20.9,21.5,0,0.5,4.5,196,0,0,0,27.2,27.9,28.8,933.5,93,0,57.1,39,933.5
2026-09-24T06:20:00+08:00,2026-09-24 06:20:00,20.8,21.3,0,0,4.5,321,0,0,0,27.2,27.9,28.8,933.3,93,0,46.2,173,933.3
2026-09-24T06:15:00+08:00,2026-09-24 06:15:00,20.7,21.3,0,1.1,4.5,63,0,0,0,27.2,27.9,28.8,933.5,93,0,38.5,180,933.5
2026-09-24T06:10:00+08:00,2026-09-24 06:10:00,20.6,21.2,0,0,4.5,135,0,0,0,27.2,27.9,28.8,933.3,94,0,31.3,224,933.3
2026-09-24T06:05:00+08:00,2026-09-24 06:05:00,20.5,21,0,0.7,4.5,353,0,0,0,27.2,27.9,28.8,933.2,93,0,24,224,933.2
2026-09-24T06:00:00+08:00,2026-09-24 06:00:00,20.6,21.2,0,0.8,4.5,231,0,0,0,27.2,27.9,28.8,932.9,94,0,17.4,273,932.9
2026-09-24T05:55:00+08:00,2026-09-24 05:55:00,20.6,21.2,0.5,0.9,4.5,294,0,0,0,27.2,27.9,28.8,933.2,94,0,11.8,275,933.2
2026-09-24T05:50:00+08:00,2026-09-24 05:50:00,20.6,21.2,0,0.8,4.5,308,0,0,0,27.2,27.9,28.8,932.9,94,0,7.7,289,932.9
2026-09-24T05:45:00+08:00,2026-09-24 05:45:00,20.7,21.3,0,0.7,4.5,216,0,0,0,27.2,27.9,28.8,932.9,94,0,4.1,297,932.9
2026-09-24T05:40:00+08:00,2026-09-24 05:40:00,20.7,21.3,0.8,1.2,4.5,301,0,0,0,27.2,27.9,28.8,932.9,94,0,1.9,273,932.9
2026-09-24T05:35:00+08:00,2026-09-24 05:35:00,20.8,21.4,0.5,1.3,4.5,277,0,0,0,27.2,27.9,28.8,932.7,94,0,0.7,266,932.7
2026-09-24T05:30:00+08:00,2026-09-24 05:30:00,20.4,20.9,0,0.6,4.5,236,0,0,0,27.2,27.9,28.8,932.8,93,0,0.2,251,932.8
2026-09-24T05:25:00+08:00,2026-09-24 05:25:00,20.4,20.9,0,0.9,4.5,234,0,0,0,27.2,27.9,28.8,932.7,93,0,0,190,932.7
2026-09-24T05:20:00+08:00,2026-09-24 05:20:00,20.6,21.2,0,0.7,4.5,191,0,0,0,27.2,27.9,28.8,932.5,94,0,0,249,932.5
2026-09-24T05:15:00+08:00,2026-09-24 05:15:00,20.6,21.2,0,0.7,4.5,263,0,0,0,27.2,27.9,28.8,932.6,94,0,0,253,932.6
2026-09-24T05:10:00+08:00,2026-09-24 05:10:00,20.6,21.2,0.5,0.6,4.5,212,0,0,0,27.2,27.9,28.8,932.5,94,0,0,233,932.5
2026-09-24T05:05:00+08:00,2026-09-24 05:05:00,20.6,21.2,0,0.6,4.5,229,0,0,0,27.2,27.9,28.8,932.6,94,0,0,233,932.6
2026-09-24T05:00:00+08:00,2026-09-24 05:00:00,20.6,21.2,0,0,4.5,230,0,0,0,27.2,27.9,28.8,932.3,94,0,0,269,932.3
2026-09-24T04:55:00+08:00,2026-09-24 04:55:00,20.6,21.2,0,0,4.5,230,0,0,0,27.2,27.9,28.8,932.6,94,0,0,269,932.6
2026-09-24T04:50:00+08:00,2026-09-24 04:50:00,20.7,21.3,0,0.6,4.5,249,0,0,0,27.2,27.9,28.8,932.4,94,0,0,251,932.4
2026-09-24T04:45:00+08:00,2026-09-24 04:45:00,20.7,21.3,0,0.8,4.5,245,0,0,0,27.2,27.9,28.8,932.2,95,0,0,230,932.2
2026-09-24T04:40:00+08:00,2026-09-24 04:40:00,20.7,21.3,0.7,1,4.5,257,0,0,0,27.2,27.9,28.8,932.2,95,0,0,182,932.2
2026-09-24T04:35:00+08:00,2026-09-24 04:35:00,20.9,21.5,0,0.5,4.5,186,0,0,0,27.2,27.9,28.8,932.3,95,0,0,269,932.3
2026-09-24T04:31:00+08:00,2026-09-24 04:31:00,21.1,21.8,0,0.5,4.5,269,0,0,0,27.2,27.9,28.8,932.3,95,0,0,224,932.3
2026-09-24T04:25:00+08:00,2026-09-24 04:25:00,21.1,21.8,0,0,4.5,208,0,0,0,27.2,27.9,28.8,932.2,95,0,0,230,932.2
2026-09-24T04:20:00+08:00,2026-09-24 04:20:00,21,21.6,0,0.5,4.5,310,0,0,0,27.2,27.9,28.8,932.2,95,0,0,217,932.2
2026-09-24T04:15:00+08:00,2026-09-24 04:15:00,21,21.6,0,0.7,4.5,233,0,0,0,27.2,27.9,28.8,932.2,95,0,0,166,932.2
2026-09-24T04:10:00+08:00,2026-09-24 04:10:00,21.1,21.8,0,0.5,4.5,164,0,0,0,27.2,27.9,28.8,932.5,95,0,0,185,932.5
2026-09-24T04:05:00+08:00,2026-09-24 04:05:00,21.1,21.8,0,0,4.5,184,0,0,0,27.2,27.9,28.8,932.2,95,0,0,214,932.2
2026-09-24T04:00:00+08:00,2026-09-24 04:00:00,21.1,21.8,0,1.2,4.5,197,0,0,0,27.2,27.9,28.8,932.2,95,0,0,219,932.2
2026-09-24T03:55:00+08:00,2026-09-24 03:55:00,21.1,21.8,0.5,0.7,4.5,222,0,0,0,27.2,27.9,28.8,932.2,95,0,0,203,932.2
2026-09-24T03:50:00+08:00,2026-09-24 03:50:00,21.1,21.8,0,0.6,4.5,164,0,0,0,27.2,27.9,28.8,932.1,95,0,0,89,932.1
2026-09-24T03:45:00+08:00,2026-09-24 03:45:00,21.1,21.8,0.6,1,4.5,92,0,0,0,27.2,27.9,28.8,932.2,95,0,0,109,932.2
2026-09-24T03:40:00+08:00,2026-09-24 03:40:00,21.1,21.8,0.5,0.7,4.5,94,0,0,0,27.2,27.9,28.8,932.1,95,0,0,224,932.1
2026-09-24T03:35:00+08:00,2026-09-24 03:35:00,21.2,21.9,0,0.5,4.5,224,0,0,0,27.2,27.9,28.8,932.2,95,0,0,180,932.2
2026-09-24T03:31:00+08:00,2026-09-24 03:31:00,21.2,21.9,0,0.5,4.5,217,0,0,0,27.2,27.9,28.8,932.2,95,0,0,180,932.2
2026-09-24T03:25:00+08:00,2026-09-24 03:25:00,21.2,21.9,0.6,0.9,4.5,191,0,0,0,27.2,27.9,28.8,932.3,95,0,0,102,932.3
2026-09-24T03:20:00+08:00,2026-09-24 03:20:00,21.2,21.9,0,0,4.5,217,0,0,0,27.2,27.9,28.8,932.2,95,0,0,217,932.2
2026-09-24T03:15:00+08:00,2026-09-24 03:15:00,21.1,21.8,0,0,4.5,246,0,26.9,0,27.2,27.9,28.8,932.2,95,0,0,255,932.2
2026-09-24T03:10:00+08:00,2026-09-24 03:10:00,21.1,21.8,0,0,4.5,246,0,26.9,0,27.2,27.9,28.8,932,95,0,0,262,932
2026-09-24T03:05:00+08:00,2026-09-24 03:05:00,21.1,21.7,0,0.9,4.5,293,0,26.9,0,27.2,27.9,28.8,932.1,94,0,0,195,932.1
2026-09-24T03:00:00+08:00,2026-09-24 03:00:00,21.2,21.9,0,0.6,4.5,243,0,26.9,0,27.2,27.9,28.8,932.2,94,0,0,208,932.2
2026-09-24T02:55:00+08:00,2026-09-24 02:55:00,21.1,21.7,0,0.6,4.5,193,0,26.9,0,27.2,27.9,28.8,932.2,94,0,0,193,932.2
2026-09-24T02:50:00+08:00,2026-09-24 02:50:00,21.1,21.7,0,0.5,4.5,195,0,26.9,0,27.2,27.9,28.8,932.3,94,0,0,202,932.3
2026-09-24T02:45:00+08:00,2026-09-24 02:45:00,21.1,21.7,0,0.8,4.5,206,0,26.9,0,27.2,27.9,28.8,932.2,94,0,0,210,932.2
2026-09-24T02:40:00+08:00,2026-09-24 02:40:00,21,21.6,0,0.6,4.5,211,0,26.9,0,27.2,27.9,28.8,932.2,94,0,0,211,932.2
2026-09-24T02:35:00+08:00,2026-09-24 02:35:00,21,21.6,0,0,4.5,174,0,26.9,0,27.2,27.9,28.8,932.2,94,0,0,232,932.2
2026-09-24T02:30:00+08:00,2026-09-24 02:30:00,21,21.6,0.7,0.7,4.5,263,0,26.9,0,27.2,27.9,28.8,932.2,94,0,0,199,932.2
2026-09-24T02:25:00+08:00,2026-09-24 02:25:00,21,21.6,0,0.5,4.5,199,0,26.9,0,27.2,27.9,28.8,932.3,94,0,0,195,932.3
2026-09-24T02:20:00+08:00,2026-09-24 02:20:00,20.9,21.5,0,0.5,4.5,274,0,26.9,0,27.2,27.9,28.8,932.3,94,0,0,230,932.3
2026-09-24T02:15:00+08:00,2026-09-24 02:15:00,20.9,21.5,0.9,1.1,4.5,266,0,26.9,0,27.2,27.9,28.8,932.4,94,0,0,208,932.4
2026-09-24T02:10:00+08:00,2026-09-24 02:10:00,20.9,21.5,0.5,0.8,4.5,273,0,26.9,0,27.2,27.9,28.8,932.3,94,0,0,269,932.3
2026-09-24T02:05:00+08:00,2026-09-24 02:05:00,21,21.6,0.8,1.2,4.5,265,0,26.9,0,27.2,27.9,28.8,932.2,94,0,0,275,932.2
2026-09-24T02:00:00+08:00,2026-09-24 02:00:00,21,21.6,0,1.4,4.5,204,0,26.9,0,27.2,27.9,28.8,932.4,94,0,0,280,932.4
2026-09-24T01:55:00+08:00,2026-09-24 01:55:00,21,21.6,0.7,1.2,4.5,255,0,26.9,0,27.2,27.9,28.8,932.5,94,0,0,339,932.5
2026-09-24T01:50:00+08:00,2026-09-24 01:50:00,21,21.6,0.7,0.9,4.5,68,0,26.9,0,27.2,27.9,28.8,932.5,94,0,0,333,932.5
2026-09-24T01:45:00+08:00,2026-09-24 01:45:00,20.9,21.5,0,1.1,4.5,9,0,26.9,0,27.2,27.9,28.8,932.6,94,0,0,81,932.6
2026-09-24T01:40:00+08:00,2026-09-24 01:40:00,21,21.6,0.6,1.2,4.5,36,0,26.9,0,27.2,27.9,28.8,932.5,94,0,0,96,932.5
2026-09-24T01:35:00+08:00,2026-09-24 01:35:00,21.1,21.7,0.8,1.8,4.5,85,0,26.9,0,27.2,27.9,28.8,932.5,94,0,0,98,932.5
2026-09-24T01:30:00+08:00,2026-09-24 01:30:00,21.2,21.9,1.5,2.2,4.5,95,0,26.9,0,27.2,27.9,28.8,932.4,94,0,0,97,932.4
2026-09-24T01:25:00+08:00,2026-09-24 01:25:00,21.1,21.7,1.6,2,4.5,92,0,26.9,0,27.2,27.9,28.8,932.8,94,0,0,96,932.8
2026-09-24T01:20:00+08:00,2026-09-24 01:20:00,21.1,21.7,1.4,2.6,4.5,98,0,26.9,0,27.2,27.9,28.8,932.5,94,0,0,98,932.5
2026-09-24T01:15:00+08:00,2026-09-24 01:15:00,21.1,21.7,1.1,1.3,4.5,101,0,26.9,0,27.2,27.9,28.8,932.7,94,0,0,98,932.7
2026-09-24T01:10:00+08:00,2026-09-24 01:10:00,21.2,21.9,1.5,1.6,4.5,108,0,26.9,0,27.2,27.9,28.8,932.6,94,0,0,100,932.6
2026-09-24T01:05:00+08:00,2026-09-24 01:05:00,21.1,21.7,1.2,1.5,4.5,107,0,26.9,0,27.2,27.9,28.8,932.6,94,0,0,93,932.6
2026-09-24T01:00:00+08:00,2026-09-24 01:00:00,21.1,21.7,0,1.3,4.5,65,0,26.9,0,27.2,27.9,28.8,932.6,94,0,0,63,932.6
2026-09-24T00:55:00+08:00,2026-09-24 00:55:00,21.3,21.9,0.8,2.7,4.5,32,0,26.9,0,27.2,27.9,28.8,932.6,94,0,0,91,932.6
2026-09-24T00:50:00+08:00,2026-09-24 00:50:00,21.3,21.9,1.3,2,4.5,94,0,26.9,0,27.2,27.9,28.8,932.8,94,0,0,86,932.8
2026-09-24T00:45:00+08:00,2026-09-24 00:45:00,21.3,21.9,2.1,2.7,4.5,83,0,26.9,0,27.2,27.9,28.8,932.9,94,0,0,85,932.9
2026-09-24T00:40:00+08:00,2026-09-24 00:40:00,21.3,21.9,1.1,2.1,4.5,92,0,26.9,0,27.2,27.9,28.8,933,93,0,0,81,933
2026-09-24T00:35:00+08:00,2026-09-24 00:35:00,21.4,22,1.6,2.6,4.5,94,0,26.9,0,27.2,27.9,28.8,933,93,0,0,93,933
2026-09-24T00:30:00+08:00,2026-09-24 00:30:00,21.4,22,2.2,2.6,4.5,96,0,26.9,0,27.2,27.9,28.8,933.1,93,0,0,93,933.1
2026-09-24T00:25:00+08:00,2026-09-24 00:25:00,21.4,22,1.9,2.7,4.5,103,0,26.9,0,27.2,27.9,28.8,933.1,93,0,0,97,933.1
2026-09-24T00:20:00+08:00,2026-09-24 00:20:00,21.3,21.9,2,3.2,4.5,79,0,26.9,0,27.2,27.9,28.8,933.2,93,0,0,101,933.2
2026-09-24T00:15:00+08:00,2026-09-24 00:15:00,21.3,21.9,1.8,3.7,4.5,109,0,26.9,0,27.2,27.9,28.8,933.2,93,0,0,103,933.2
2026-09-24T00:10:00+08:00,2026-09-24 00:10:00,21.3,21.9,4.3,4.5,4.5,102,0,26.9,0,27.2,27.9,28.8,933.2,93,0,0,102,933.2
2026-09-24T00:05:00+08:00,2026-09-24 00:05:00,21.5,22.1,2.3,3.3,3.5,101,0,26.9,0,27.2,27.9,28.8,933.4,93,0,0,97,933.4
2026-09-24T00:00:00+08:00,2026-09-24 00:00:00,21.3,21.9,2.5,3.4,3.4,103,0,26.9,0,27.2,27.9,28.8,933.4,93,0,0,111,933.4
2026-09-23T23:55:00+08:00,2026-09-23 23:55:00,21.3,21.9,1.6,1.9,8.7,112,0,26.9,2.2,27.2,27.9,28.8,933.5,93,0,0,108,933.5
2026-09-23T23:50:00+08:00,2026-09-23 23:50:00,21.3,21.9,1.8,2.7,8.7,96,0,26.9,2.2,27.2,27.9,28.8,933.5,93,0,0,95,933.5
2026-09-23T23:45:00+08:00,2026-09-23 23:45:00,21.2,21.9,2,3.4,8.7,87,0,26.9,2.2,27.2,27.9,28.8,933.6,94,0,0,98,933.6
2026-09-23T23:40:00+08:00,2026-09-23 23:40:00,21.3,21.9,2,2.2,8.7,85,0,26.9,2.2,27.2,27.9,28.8,933.4,94,0,0,91,933.4
2026-09-23T23:35:00+08:00,2026-09-23 23:35:00,21.2,21.9,2,2.9,8.7,103,0,26.9,2.2,27.2,27.9,28.8,933.5,94,0,0,89,933.5
2026-09-23T23:30:00+08:00,2026-09-23 23:30:00,21.3,21.9,3.8,4.1,8.7,87,0,26.9,2.2,27.2,27.9,28.8,933.6,94,0,0,86,933.6
2026-09-23T23:25:00+08:00,2026-09-23 23:25:00,21.3,21.9,2.3,2.9,8.7,82,0,26.9,2.2,27.2,27.9,28.8,933.5,94,0,0,81,933.5
2026-09-23T23:20:00+08:00,2026-09-23 23:20:00,21.2,21.9,1.6,2.2,8.7,47,0,26.9,2.2,27.2,27.9,28.8,933.6,94,0,0,83,933.6
2026-09-23T23:15:00+08:00,2026-09-23 23:15:00,21.2,21.9,2.3,3.1,8.7,74,0,26.9,2.2,27.2,27.9,28.8,933.5,94,0,0,83,933.5
2026-09-23T23:10:00+08:00,2026-09-23 23:10:00,21.2,21.9,2,2.1,8.7,95,0,26.9,2.2,27.2,27.9,28.8,933.6,94,0,0,80,933.6
2026-09-23T23:06:00+08:00,2026-09-23 23:06:00,21.2,21.9,1.9,2.5,8.7,88,0,26.9,2.2,27.2,27.9,28.8,933.5,94,0,0,87,933.5
2026-09-23T22:55:00+08:00,2026-09-23 22:55:00,21.3,21.9,2.3,2.5,8.7,87,0,26.9,2.2,27.2,27.9,28.8,933.7,94,0,0,81,933.7
2026-09-23T22:50:00+08:00,2026-09-23 22:50:00,21.4,22,2,2.6,8.7,96,0,26.9,2.2,27.2,27.9,28.8,933.8,94,0,0,99,933.8
2026-09-23T22:45:00+08:00,2026-09-23 22:45:00,21.4,22,2,2.7,8.7,117,0,26.9,2.2,27.2,27.9,28.8,933.8,94,0,0,96,933.8
2026-09-23T22:40:00+08:00,2026-09-23 22:40:00,21.4,22,2.4,2.5,8.7,104,0,26.9,2.2,27.2,27.9,28.8,933.8,93,0,0,111,933.8
2026-09-23T22:35:00+08:00,2026-09-23 22:35:00,21.4,22,0.9,1.8,8.7,111,0,26.9,2.2,27.2,27.9,28.8,933.9,93,0,0,102,933.9
2026-09-23T22:30:00+08:00,2026-09-23 22:30:00,21.4,22,1.2,2.5,8.7,98,0,26.9,2.2,27.2,27.9,28.8,933.9,93,0,0,105,933.9
2026-09-23T22:25:00+08:00,2026-09-23 22:25:00,21.5,22.1,1.8,3.2,8.7,100,0,26.9,2.2,27.2,27.9,28.8,933.8,93,0,0,96,933.8
2026-09-23T22:20:00+08:00,2026-09-23 22:20:00,21.5,22.1,3.1,4.3,8.7,96,0,26.9,2.2,27.2,27.9,28.8,934,93,0,0,94,934
2026-09-23T22:15:00+08:00,2026-09-23 22:15:00,21.4,22,3.3,4.8,8.7,105,0,26.9,2.2,27.2,27.9,28.8,933.8,93,0,0,97,933.8
2026-09-23T22:10:00+08:00,2026-09-23 22:10:00,21.5,22.1,3,3.8,8.7,85,0,26.9,2.2,27.2,27.9,28.8,933.9,93,0,0,92,933.9
2026-09-23T22:05:00+08:00,2026-09-23 22:05:00,21.5,22.1,3.1,3.9,8.7,98,0,26.9,2.2,27.2,27.9,28.8,933.9,93,0,0,104,933.9
2026-09-23T22:00:00+08:00,2026-09-23 22:00:00,21.5,22.1,2.5,3.5,8.7,98,0,26.9,2.2,27.2,27.9,28.8,933.8,93,0,0,95,933.8
2026-09-23T21:55:00+08:00,2026-09-23 21:55:00,21.4,22,2.7,3.9,8.7,91,0,26.9,2.2,27.2,27.9,28.8,933.7,93,0,0,91,933.7
2026-09-23T21:50:00+08:00,2026-09-23 21:50:00,21.5,22.1,3.9,4.3,8.7,107,0,26.9,2.2,27.2,27.9,28.8,933.7,92,0,0,95,933.7
2026-09-23T21:45:00+08:00,2026-09-23 21:45:00,21.5,22.1,3.3,4.7,8.7,88,0,26.9,2.2,27.2,27.9,28.8,933.7,93,0,0,97,933.7
2026-09-23T21:40:00+08:00,2026-09-23 21:40:00,21.5,22.1,2.2,2.8,8.7,96,0,26.9,2.2,27.2,27.9,28.8,933.6,93,0,0,76,933.6
2026-09-23T21:35:00+08:00,2026-09-23 21:35:00,21.3,21.9,2.2,3.1,8.7,81,0,26.9,2.2,27.2,27.9,28.8,933.8,93,0,0,77,933.8
2026-09-23T21:30:00+08:00,2026-09-23 21:30:00,21.4,22,1.9,3.6,8.7,83,0,26.9,2.2,27.2,27.9,28.8,933.9,93,0,0,80,933.9
2026-09-23T21:26:00+08:00,2026-09-23 21:26:00,21.3,21.9,2.6,3.9,8.7,87,0,26.9,2.2,27.2,27.9,28.8,933.8,93,0,0,83,933.8
2026-09-23T21:20:00+08:00,2026-09-23 21:20:00,21.4,22,2.2,3.6,8.7,80,0,26.9,2.2,27.2,27.9,28.8,933.8,93,0,0,83,933.8
2026-09-23T21:15:00+08:00,2026-09-23 21:15:00,21.5,22.1,1.4,2.8,8.7,84,0,26.9,2.2,27.2,27.9,28.8,933.9,93,0,0,92,933.9
2026-09-23T21:10:00+08:00,2026-09-23 21:10:00,21.5,22.1,2.5,3.3,8.7,87,0,26.9,2.2,27.2,27.9,28.8,933.5,93,0,0,93,933.5
2026-09-23T21:05:00+08:00,2026-09-23 21:05:00,21.5,22.1,2.9,4.2,8.7,94,0,26.9,2.2,27.2,27.9,28.8,933.5,93,0,0,89,933.5
2026-09-23T21:00:00+08:00,2026-09-23 21:00:00,21.6,22.3,3.3,4.6,8.7,88,0,26.9,2.2,27.2,27.9,28.8,933.4,93,0,0,93,933.4
2026-09-23T20:55:00+08:00,2026-09-23 20:55:00,21.6,22.3,4.1,4.4,8.7,95,0,26.9,2.2,27.2,27.9,28.8,933.3,93,0,0,92,933.3
2026-09-23T20:50:00+08:00,2026-09-23 20:50:00,21.6,22.3,3.5,4.1,8.7,95,0,26.9,2.2,27.2,27.9,28.8,933.5,93,0,0,95,933.5
2026-09-23T20:45:00+08:00,2026-09-23 20:45:00,21.6,22.3,3.1,4.8,8.7,89,0,26.9,2.2,27.2,27.9,28.8,933.5,93,0,0,85,933.5
2026-09-23T20:40:00+08:00,2026-09-23 20:40:00,21.5,22.1,3.5,4.1,8.7,83,0,26.9,2.2,27.2,27.9,28.8,933.3,93,0,0,92,933.3
2026-09-23T20:35:00+08:00,2026-09-23 20:35:00,21.6,22.2,4.2,5.3,8.7,93,0,26.9,2.2,27.2,27.9,28.8,933.1,92,0,0,92,933.1
2026-09-23T20:30:00+08:00,2026-09-23 20:30:00,21.6,22.3,4,5.1,8.7,94,0,26.9,2.2,27.2,27.9,28.8,933.1,93,0,0,89,933.1
2026-09-23T20:25:00+08:00,2026-09-23 20:25:00,21.6,22.2,4.5,4.7,8.7,96,0,26.9,2.2,27.2,27.9,28.8,932.9,92,0,0,91,932.9
2026-09-23T20:20:00+08:00,2026-09-23 20:20:00,21.6,22.2,4.2,6.3,8.7,87,0,26.9,2.2,27.2,27.9,28.8,933.2,92,0,0,100,933.2
2026-09-23T20:15:00+08:00,2026-09-23 20:15:00,21.6,22.2,3.5,4.2,8.7,101,0,26.9,2.2,27.2,27.9,28.8,933.1,92,0,0,101,933.1
2026-09-23T20:10:00+08:00,2026-09-23 20:10:00,21.7,22.4,3.8,4.8,8.7,100,0,26.9,2.2,27.2,27.9,28.8,932.9,92,0,0,95,932.9
2026-09-23T20:05:00+08:00,2026-09-23 20:05:00,21.8,22.4,3.2,5,8.7,97,0,26.9,2.2,27.2,27.9,28.8,932.8,91,0,0,93,932.8
2026-09-23T20:00:00+08:00,2026-09-23 20:00:00,21.7,22.3,4.2,6.2,8.7,89,0,26.9,2.2,27.2,27.9,28.8,932.7,91,0,0,83,932.7
2026-09-23T19:55:00+08:00,2026-09-23 19:55:00,21.8,22.4,4.6,5.9,8.7,89,0,26.9,2.2,27.2,27.9,28.8,932.8,91,0,0,95,932.8
2026-09-23T19:50:00+08:00,2026-09-23 19:50:00,21.8,22.4,5.2,6,8.7,97,0,26.9,2.2,27.2,27.9,28.8,932.6,90,0,0,94,932.6
2026-09-23T19:45:00+08:00,2026-09-23 19:45:00,21.8,22.4,3.1,5,8.7,91,0,26.9,2.2,27.2,27.9,28.8,932.6,90,0,0,97,932.6
2026-09-23T19:40:00+08:00,2026-09-23 19:40:00,21.9,22.5,0.9,4.9,8.7,108,0,26.9,2.2,27.2,27.9,28.8,932.4,90,0,0,97,932.4
2026-09-23T19:35:00+08:00,2026-09-23 19:35:00,22,22.6,2.8,3.9,8.7,78,0,26.9,2.2,27.2,27.9,28.8,932.2,89,0,0,93,932.2
2026-09-23T19:30:00+08:00,2026-09-23 19:30:00,22.2,22.8,2.9,5.4,8.7,101,0,26.9,2.2,27.2,27.9,28.8,932.2,88,0,0,93,932.2
2026-09-23T19:25:00+08:00,2026-09-23 19:25:00,22.2,22.8,3.8,5.1,8.7,96,0,26.9,2.2,27.2,27.9,28.8,932.1,88,0,0,93,932.1
2026-09-23T19:20:00+08:00,2026-09-23 19:20:00,22.2,22.8,2.7,3.8,8.7,82,0,26.9,2.2,27.2,27.9,28.8,932.2,88,0,0,94,932.2
2026-09-23T19:15:00+08:00,2026-09-23 19:15:00,22.2,22.8,3.9,4.8,8.7,86,0,26.9,2.2,27.2,27.9,28.8,931.8,88,0,0,94,931.8
2026-09-23T19:10:00+08:00,2026-09-23 19:10:00,22.4,23,4.2,5.2,8.7,96,0,26.9,2.2,27.2,27.9,28.8,932,87,0,0,98,932
2026-09-23T19:05:00+08:00,2026-09-23 19:05:00,22.4,23,4.5,4.6,8.7,91,0,26.9,2.2,27.2,27.9,28.8,931.9,87,0,0,95,931.9
2026-09-23T19:00:00+08:00,2026-09-23 19:00:00,22.3,22.8,3.4,4.2,8.7,92,0,26.9,2.2,27.2,27.9,28.8,931.7,87,0,0,97,931.7
2026-09-23T18:55:00+08:00,2026-09-23 18:55:00,22.4,23,3.4,5,8.7,97,0,26.9,2.2,27.2,27.9,28.8,931.7,87,0,0,96,931.7
2026-09-23T18:50:00+08:00,2026-09-23 18:50:00,22.4,23,3.8,5.8,8.7,101,0,26.9,2.2,27.2,27.9,28.8,931.5,87,0,0,96,931.5
2026-09-23T18:45:00+08:00,2026-09-23 18:45:00,22.4,23,4.3,5.5,8.7,97,0,26.9,2.2,27.2,27.9,28.8,931.6,87,0,0,97,931.6
2026-09-23T18:40:00+08:00,2026-09-23 18:40:00,22.5,23.1,5.2,6.1,8.7,87,0,26.9,2.2,27.2,27.9,28.8,931.3,87,0,0,89,931.3
2026-09-23T18:35:00+08:00,2026-09-23 18:35:00,22.5,23.1,5.1,6.4,8.7,95,0,26.9,2.2,27.2,27.9,28.8,931.2,87,0,0,99,931.2
2026-09-23T18:30:00+08:00,2026-09-23 18:30:00,22.6,23.2,4,5.4,8.7,91,0,26.9,2.2,27.2,27.9,28.8,931.1,87,0,0,92,931.1
2026-09-23T18:25:00+08:00,2026-09-23 18:25:00,22.6,23.2,4.6,6.1,8.7,97,0,26.9,2.2,27.2,27.9,28.8,931.1,86,0,0,86,931.1
2026-09-23T18:20:00+08:00,2026-09-23 18:20:00,22.7,23.3,6.4,7.2,8.7,96,0,26.9,2.2,27.2,27.9,28.8,931,86,0,0,92,931
2026-09-23T18:15:00+08:00,2026-09-23 18:15:00,22.8,23.4,5.4,6.8,8.7,101,0,26.9,2.2,27.2,27.9,28.8,930.9,86,0,0,95,930.9
2026-09-23T18:10:00+08:00,2026-09-23 18:10:00,23,23.6,3.8,5.1,8.7,96,0,26.9,2.2,27.2,27.9,28.8,931.1,86,0,0,95,931.1
2026-09-23T18:05:00+08:00,2026-09-23 18:05:00,23,23.6,4.8,6.6,8.7,80,0,26.9,2.2,27.2,27.9,28.8,930.6,86,0,0.1,89,930.6
2026-09-23T18:00:00+08:00,2026-09-23 18:00:00,23.1,23.7,5.1,7.5,8.7,95,0,26.9,2.2,27.2,27.9,28.8,930.5,86,0,0.4,93,930.5
2026-09-23T17:55:00+08:00,2026-09-23 17:55:00,23.2,23.8,5.3,7.2,8.7,102,0,26.9,2.2,27.2,27.9,28.8,930.5,85,0,1.3,97,930.5
2026-09-23T17:50:00+08:00,2026-09-23 17:50:00,23.3,23.9,2.8,5.8,8.7,107,0,26.9,2.2,27.2,27.9,28.8,930.4,85,0,2.8,95,930.4
2026-09-23T17:45:00+08:00,2026-09-23 17:45:00,23.5,24.1,3.9,6.6,8.7,84,0,26.9,2.2,27.2,27.9,28.8,930.4,85,0,5,91,930.4
2026-09-23T17:40:00+08:00,2026-09-23 17:40:00,23.7,24.4,4.4,5.7,8.7,105,0,26.9,2.2,27.2,27.9,28.8,930.4,85,0,8.9,92,930.4
2026-09-23T17:35:00+08:00,2026-09-23 17:35:00,23.6,24.2,5.7,7,8.7,98,0,26.9,2.2,27.2,27.9,28.8,930.1,85,0,13.1,99,930.1
2026-09-23T17:30:00+08:00,2026-09-23 17:30:00,23.8,24.4,4.9,7.3,8.7,100,0,26.9,2.2,27.2,27.9,28.8,930.1,85,0,24.1,98,930.1
2026-09-23T17:25:00+08:00,2026-09-23 17:25:00,24,24.7,5.6,8.7,8.7,95,0,26.9,2.2,27.2,27.9,28.8,929.9,85,0,34,99,929.9
2026-09-23T17:20:00+08:00,2026-09-23 17:20:00,24.1,24.8,4.9,7.7,8.6,97,0,26.9,2.2,27.2,27.9,28.8,930.1,84,0,43.1,97,930.1
2026-09-23T17:15:00+08:00,2026-09-23 17:15:00,24.3,24.9,3.6,5.7,8.6,103,0,26.9,2.2,27.2,27.9,28.8,930,83,0,55.1,88,930
2026-09-23T17:10:00+08:00,2026-09-23 17:10:00,24.6,25.2,4.6,6.6,8.6,100,0,26.9,2.2,27.2,27.9,28.8,929.9,81,0,68,102,929.9
2026-09-23T17:05:00+08:00,2026-09-23 17:05:00,24.6,25.3,5,6.6,8.6,100,0,26.9,2.2,27.2,27.9,28.8,930,82,0,85.2,93,930
2026-09-23T17:00:00+08:00,2026-09-23 17:00:00,24.8,25.4,6.3,7.6,8.6,99,0,26.9,2.2,27.2,27.9,28.8,929.7,81,0,102.9,98,929.7
2026-09-23T16:55:00+08:00,2026-09-23 16:55:00,25,25.6,4.9,7.3,8.6,96,0,26.9,2.2,27.2,27.9,28.8,929.7,80,1,119.7,98,929.7
2026-09-23T16:50:00+08:00,2026-09-23 16:50:00,25,25.6,5.9,8.3,8.6,107,0,26.9,2.2,27.2,27.9,28.8,929.8,80,1,134.7,93,929.8
2026-09-23T16:45:00+08:00,2026-09-23 16:45:00,25.1,25.8,5,6.8,8.6,101,0,26.9,2.2,27.2,27.9,28.8,929.6,80,1,152.3,93,929.6
2026-09-23T16:40:00+08:00,2026-09-23 16:40:00,25.3,25.9,5.6,7.8,8.6,92,0,26.9,2.2,27.2,27.9,28.8,929.5,79,1,172.2,96,929.5
2026-09-23T16:35:00+08:00,2026-09-23 16:35:00,25.4,26.1,4.7,7,8.6,102,0,26.9,2.2,27.2,27.9,28.8,929.4,80,1,198.7,100,929.4
2026-09-23T16:30:00+08:00,2026-09-23 16:30:00,25.6,26.3,4.3,6.7,8.6,102,0,26.9,2.2,27.2,27.9,28.8,929.3,80,2,218.9,94,929.3
2026-09-23T16:25:00+08:00,2026-09-23 16:25:00,25.4,26,6,8.2,8.6,88,0,26.9,2.2,27.2,27.9,28.8,929.3,79,2,239.7,92,929.3
2026-09-23T16:20:00+08:00,2026-09-23 16:20:00,25.5,26.2,5.8,6.7,8.6,83,0,26.9,2.2,27.2,27.9,28.8,929.4,79,2,255.8,91,929.4
2026-09-23T16:15:00+08:00,2026-09-23 16:15:00,25.5,26.2,5.6,7.1,8.6,89,0,26.9,2.2,27.2,27.9,28.8,929.2,79,2,279.2,105,929.2
2026-09-23T16:10:00+08:00,2026-09-23 16:10:00,25.8,26.4,5.9,7.7,8.6,97,0,26.9,2.2,27.2,27.9,28.8,929.4,78,2,306.3,97,929.4
2026-09-23T16:05:00+08:00,2026-09-23 16:05:00,25.8,26.4,5.2,8.1,8.6,100,0,26.9,2.2,27.2,27.9,28.8,929.4,78,3,325.3,97,929.4
2026-09-23T16:00:00+08:00,2026-09-23 16:00:00,26.1,26.8,5.2,6.7,8.5,97,0,26.9,2.2,27.2,27.9,28.8,929.5,78,3,352.8,96,929.5
2026-09-23T15:55:00+08:00,2026-09-23 15:55:00,25.9,26.5,5.6,7.3,8.5,102,0,26.9,2.2,27.2,27.9,28.8,929.4,77,3,360.3,102,929.4
2026-09-23T15:50:00+08:00,2026-09-23 15:50:00,26,26.7,6.7,8,8.5,95,0,26.9,2.2,27.2,27.9,28.8,929.4,78,3,384.4,99,929.4
2026-09-23T15:45:00+08:00,2026-09-23 15:45:00,26.2,26.9,4,6.9,8.5,95,0,26.9,2.2,27.2,27.9,28.8,929.4,78,3,413.9,98,929.4
2026-09-23T15:40:00+08:00,2026-09-23 15:40:00,26.3,27,5.5,6.8,8.5,108,0,26.9,2.2,27.2,27.9,28.8,929.4,77,4,447.4,101,929.4
2026-09-23T15:35:00+08:00,2026-09-23 15:35:00,26.4,27,5.1,6.6,8.5,92,0,26.9,2.2,27.2,27.9,28.8,929.5,75,4,466.3,100,929.5
2026-09-23T15:30:00+08:00,2026-09-23 15:30:00,26.2,26.9,5.2,6.4,8.5,103,0,26.9,2.2,27.2,27.9,28.8,929.5,76,4,492.8,100,929.5
2026-09-23T15:25:00+08:00,2026-09-23 15:25:00,26.3,26.9,4.9,7.5,8.5,97,0,26.9,2.2,27.2,27.9,28.8,929.4,76,4,511.8,97,929.4
2026-09-23T15:21:00+08:00,2026-09-23 15:21:00,25.8,26.4,4.2,7.6,8.5,83,0,26.9,2.2,27.2,27.9,28.8,929.6,76,4,528.1,95,929.6
2026-09-23T15:15:00+08:00,2026-09-23 15:15:00,26.3,26.9,5.4,7.7,8.5,105,0,26.9,2.2,27.2,27.9,28.8,929.4,76,5,542.4,100,929.4
2026-09-23T15:10:00+08:00,2026-09-23 15:10:00,26.4,27,3.9,6,8.5,102,0,26.9,2.2,27.2,27.9,28.8,929.5,74,5,558,97,929.5
2026-09-23T15:05:00+08:00,2026-09-23 15:05:00,26.4,27,5.1,6.6,8.5,88,0,26.9,2.2,27.2,27.9,28.8,929.4,75,5,600.4,100,929.4
2026-09-23T15:00:00+08:00,2026-09-23 15:00:00,26.1,26.7,4.6,7.1,8.5,75,0,26.9,2.2,27.2,27.9,28.8,929.6,75,5,620,98,929.6
2026-09-23T14:55:00+08:00,2026-09-23 14:55:00,26.4,27,5.1,8.2,8.5,102,0,26.9,2.2,27.2,27.9,28.8,929.5,75,5,630.5,91,929.5
2026-09-23T14:50:00+08:00,2026-09-23 14:50:00,26.4,27,3.9,6.5,8.5,81,0,26.9,2.2,27.2,27.9,28.8,929.5,75,6,670.6,89,929.5
2026-09-23T14:45:00+08:00,2026-09-23 14:45:00,26.2,26.9,3.8,6.7,8.5,80,0,26.9,2.2,27.2,27.9,28.8,929.5,77,6,676,89,929.5
2026-09-23T14:40:00+08:00,2026-09-23 14:40:00,26.2,26.9,5.4,6.7,8.5,93,0,26.9,2.2,27.2,27.9,28.8,929.5,76,6,674.9,93,929.5
2026-09-23T14:35:00+08:00,2026-09-23 14:35:00,26.6,27.3,4.8,6.8,8.5,97,0,26.9,2.2,27.2,27.9,28.8,929.7,76,6,716.9,101,929.7
2026-09-23T14:30:00+08:00,2026-09-23 14:30:00,26.5,27.2,4.2,6.4,8.5,87,0,26.9,2.2,27.2,27.9,28.8,929.8,75,5,595.7,102,929.8
2026-09-23T14:25:00+08:00,2026-09-23 14:25:00,26.2,26.8,3.3,6.6,8.5,104,0,26.9,2.2,27.2,27.9,28.8,929.8,74,6,728.9,103,929.8
2026-09-23T14:21:00+08:00,2026-09-23 14:21:00,26.1,26.8,4.3,6.1,8.5,83,0,26.9,2.2,27.2,27.9,28.8,929.7,76,4,480,105,929.7
2026-09-23T14:15:00+08:00,2026-09-23 14:15:00,26.2,26.9,6.7,7.4,8.5,105,0,26.9,2.2,27.2,27.9,28.8,929.8,77,5,607.5,111,929.8
2026-09-23T14:05:00+08:00,2026-09-23 14:05:00,26.3,27,2.8,4.4,8.5,135,0,26.9,2.2,27.2,27.9,28.8,930.1,77,7,800.5,107,930.1
2026-09-23T14:00:00+08:00,2026-09-23 14:00:00,26,26.6,4.1,6.7,8.5,108,0,26.9,2.2,27.2,27.9,28.8,929.9,76,3,392.7,110,929.9
2026-09-23T13:55:00+08:00,2026-09-23 13:55:00,26.1,26.8,5.3,7.1,8.5,96,0,26.9,2.2,27.2,27.9,28.8,930.2,77,4,500.8,111,930.2
2026-09-23T13:50:00+08:00,2026-09-23 13:50:00,26.2,26.9,5.1,6.6,8.5,117,0,26.9,2.2,27.2,27.9,28.8,930.3,75,3,373.5,113,930.3
2026-09-23T13:45:00+08:00,2026-09-23 13:45:00,26.3,26.9,3.4,7.3,8.5,115,0,26.9,2.2,27.2,27.9,28.8,930.2,75,4,459.8,109,930.2
2026-09-23T13:40:00+08:00,2026-09-23 13:40:00,26.4,27.1,4.1,7.9,8.5,115,0,26.9,2.2,27.2,27.9,28.8,930.2,77,6,656.4,98,930.2
2026-09-23T13:35:00+08:00,2026-09-23 13:35:00,26.6,27.3,7.8,8.5,8.5,93,0,26.9,2.2,27.2,27.9,28.8,930.3,75,9,996.2,95,930.3
2026-09-23T13:30:00+08:00,2026-09-23 13:30:00,26.7,28.9,4,7.4,7.7,101,0,26.9,2.2,27.2,27.9,28.8,930.3,77,8,929,100,930.3
2026-09-23T13:25:00+08:00,2026-09-23 13:25:00,26.4,27.1,4.4,7.2,7.2,99,0,26.9,2.2,27.2,27.9,28.8,930.4,78,8,933.8,95,930.4
2026-09-23T13:20:00+08:00,2026-09-23 13:20:00,26.3,26.9,4.1,6.3,6.5,67,0,26.9,2.2,27.2,27.9,28.8,930.6,76,8,920.9,101,930.6
2026-09-23T13:15:00+08:00,2026-09-23 13:15:00,26,26.7,2.1,5,6.5,88,0,26.9,2.2,27.2,27.9,28.8,930.6,78,9,981.7,106,930.6
2026-09-23T13:10:00+08:00,2026-09-23 13:10:00,25.7,26.3,2.3,5.8,6.5,109,0,26.9,2.2,27.2,27.9,28.8,930.6,76,3,419.3,106,930.6
2026-09-23T13:05:00+08:00,2026-09-23 13:05:00,25.8,26.4,2,4.5,6.4,116,0,26.9,2.2,27.2,27.9,28.8,930.9,75,3,339.1,124,930.9
2026-09-23T13:00:00+08:00,2026-09-23 13:00:00,26.4,27,3.2,3.7,6.4,103,0,26.9,2.2,27.2,27.9,28.8,931,73,2,269.1,102,931
2026-09-23T12:55:00+08:00,2026-09-23 12:55:00,26.5,27.1,2.7,3.1,6.4,88,0,26.9,2.2,27.2,27.9,28.8,931.1,71,4,466.1,101,931.1
2026-09-23T12:50:00+08:00,2026-09-23 12:50:00,26.2,26.8,0.6,4.6,6.4,156,0,26.9,2.2,27.2,27.9,28.8,931.2,71,7,844.2,115,931.2
2026-09-23T12:45:00+08:00,2026-09-23 12:45:00,26.1,26.6,0.6,3.8,6.4,126,0,26.9,2.2,27.2,27.9,28.8,931.1,71,9,998.3,115,931.1
2026-09-23T12:40:00+08:00,2026-09-23 12:40:00,26.3,26.8,4.8,6.4,6.4,111,0,26.9,2.2,27.2,27.9,28.8,931.3,72,9,983.5,114,931.3
2026-09-23T12:35:00+08:00,2026-09-23 12:35:00,26.5,27.1,2.5,5.4,6,113,0,26.9,2.2,27.2,27.9,28.8,931.5,72,8,938.8,116,931.5
2026-09-23T12:30:00+08:00,2026-09-23 12:30:00,26.5,27.2,1.3,3.4,6,142,0,26.9,2.2,27.2,27.9,28.8,931.4,75,5,566,94,931.4
2026-09-23T12:25:00+08:00,2026-09-23 12:25:00,26.9,28.9,4.6,4.8,6,107,0,26.9,2.2,27.2,27.9,28.8,931.6,73,9,1006.3,118,931.6
2026-09-23T12:20:00+08:00,2026-09-23 12:20:00,25.8,26.3,1.4,2.5,6,110,0,26.9,2.2,27.2,27.9,28.8,931.6,74,9,1009.7,102,931.6
2026-09-23T12:15:00+08:00,2026-09-23 12:15:00,25.7,26.2,2.5,3.5,6,81,0,26.9,2.2,27.2,27.9,28.8,931.7,72,9,1021.1,109,931.7
2026-09-23T12:10:00+08:00,2026-09-23 12:10:00,25.7,26.3,4.5,5.9,6,101,0,26.9,2.2,27.2,27.9,28.8,931.7,73,9,1013.3,106,931.7
2026-09-23T12:05:00+08:00,2026-09-23 12:05:00,25.8,26.3,2.5,2.7,6,91,0,26.9,2.2,27.2,27.9,28.8,931.8,72,3,392.6,100,931.8
2026-09-23T12:00:00+08:00,2026-09-23 12:00:00,25.3,25.8,4.2,4.9,6,99,0,26.9,2.2,27.2,27.9,28.8,932,73,9,984.8,102,932
2026-09-23T11:55:00+08:00,2026-09-23 11:55:00,25.6,26.2,2.3,4.8,6,113,0,26.9,2.2,27.2,27.9,28.8,932.2,75,8,887.5,102,932.2
2026-09-23T11:50:00+08:00,2026-09-23 11:50:00,25.2,25.7,2.4,3.4,5.3,59,0,26.9,2.2,27.2,27.9,28.8,932.1,74,7,821.1,88,932.1
2026-09-23T11:45:00+08:00,2026-09-23 11:45:00,25.9,26.4,3.9,4.4,5.3,93,0,26.9,2.2,27.2,27.9,28.8,932.3,73,5,579.8,95,932.3
2026-09-23T11:40:00+08:00,2026-09-23 11:40:00,25.7,26.3,1.7,2.8,5.3,91,0,26.9,2.2,27.2,27.9,28.8,932.2,74,5,591.9,91,932.2
2026-09-23T11:35:00+08:00,2026-09-23 11:35:00,26.7,28.4,1.9,2.1,5.3,95,0,26.9,2.2,27.2,27.9,28.8,932.6,70,7,785.9,127,932.6
2026-09-23T11:30:00+08:00,2026-09-23 11:30:00,26.4,26.9,0,1.9,5.3,331,0,26.9,2.2,27.2,27.9,28.8,932.7,69,5,589.3,140,932.7
2026-09-23T11:25:00+08:00,2026-09-23 11:25:00,26.6,27.1,1.8,2.2,5.3,133,0,26.9,2.2,27.2,27.9,28.8,932.5,67,7,768,133,932.5
2026-09-23T11:20:00+08:00,2026-09-23 11:20:00,26.1,26.6,1.8,2.6,5.3,138,0,26.9,2.2,27.2,27.9,28.8,932.6,68,6,718.1,134,932.6
2026-09-23T11:15:00+08:00,2026-09-23 11:15:00,25.7,26.2,1.4,2.8,5.3,157,0,26.9,2.2,27.2,27.9,28.8,932.6,69,4,469.5,127,932.6
2026-09-23T11:10:00+08:00,2026-09-23 11:10:00,25.7,26.1,2,4,5.3,131,0,26.9,2.2,27.2,27.9,28.8,932.8,68,4,477.7,104,932.8
2026-09-23T11:05:00+08:00,2026-09-23 11:05:00,25.4,25.7,1.8,4.6,5.3,128,0,26.9,2.2,27.2,27.9,28.8,932.7,67,4,466.2,112,932.7
2026-09-23T11:00:00+08:00,2026-09-23 11:00:00,26.4,26.7,1.2,1.7,5.3,97,0,26.9,2.2,27.2,27.9,28.8,933.1,63,4,506.2,129,933.1
2026-09-23T10:55:00+08:00,2026-09-23 10:55:00,26.2,26.6,2,2.9,5.3,132,0,26.9,2.2,27.2,27.9,28.8,933.1,66,5,600.9,131,933.1
2026-09-23T10:50:00+08:00,2026-09-23 10:50:00,26.7,28.3,2.9,5.3,5.3,114,0,26.9,2.2,27.2,27.9,28.8,933.1,68,6,655.7,110,933.1
2026-09-23T10:45:00+08:00,2026-09-23 10:45:00,26.9,28,1.5,3.7,4.4,146,0,26.9,2.2,27.2,27.9,28.8,933.3,61,5,640.8,171,933.3
2026-09-23T10:40:00+08:00,2026-09-23 10:40:00,26.7,28.1,0,3.4,4.4,215,0,26.9,2.2,27.2,27.9,28.8,933.2,66,5,615.1,171,933.2
2026-09-23T10:35:00+08:00,2026-09-23 10:35:00,26.7,27.8,2.5,3.6,4.4,174,0,26.9,2.2,27.2,27.9,28.8,933.3,61,6,715.7,177,933.3
2026-09-23T10:30:00+08:00,2026-09-23 10:30:00,25.9,26.2,0,3,4.4,307,0,26.9,2.2,27.2,27.9,28.8,933.4,65,5,562.9,6,933.4
2026-09-23T10:25:00+08:00,2026-09-23 10:25:00,25.5,25.8,1.6,2.1,4.4,343,0,26.9,2.2,27.2,27.9,28.8,933.6,65,7,780.8,59,933.6
2026-09-23T10:20:00+08:00,2026-09-23 10:20:00,25.5,25.9,0.9,2.5,4.4,10,0,26.9,2.2,27.2,27.9,28.8,933.6,69,5,643.3,45,933.6
2026-09-23T10:15:00+08:00,2026-09-23 10:15:00,26.5,26.9,0,1.4,4.4,144,0,26.9,2.2,27.2,27.9,28.8,933.6,63,7,793.5,39,933.6
2026-09-23T10:10:00+08:00,2026-09-23 10:10:00,25.5,25.9,0.7,2.4,4.4,345,0,26.9,2.2,27.2,27.9,28.8,933.6,69,7,782.6,50,933.6
2026-09-23T10:05:00+08:00,2026-09-23 10:05:00,25.6,26,2.8,3.2,4.4,61,0,26.9,2.2,27.2,27.9,28.8,933.7,69,7,767.2,85,933.7
2026-09-23T10:00:00+08:00,2026-09-23 10:00:00,24.5,24.9,1.2,4.4,4.4,81,0,26.9,2.2,27.2,27.9,28.8,933.7,74,6,747.4,85,933.7
2026-09-23T09:55:00+08:00,2026-09-23 09:55:00,25.2,25.7,2,3.2,4.2,78,0,26.9,2.2,27.2,27.9,28.8,933.6,74,6,739.9,59,933.6
2026-09-23T09:50:00+08:00,2026-09-23 09:50:00,25.2,25.7,1.4,1.5,4.2,349,0,26.9,2.2,27.2,27.9,28.8,933.9,73,6,721.9,64,933.9
2026-09-23T09:45:00+08:00,2026-09-23 09:45:00,24.3,24.8,1.3,2.5,4.2,55,0,26.9,2.2,27.2,27.9,28.8,933.9,79,6,720.1,38,933.9
2026-09-23T09:40:00+08:00,2026-09-23 09:40:00,24.7,25.3,2.6,4.2,4.2,67,0,26.9,2.2,27.2,27.9,28.8,933.8,78,6,714.9,37,933.8
2026-09-23T09:35:00+08:00,2026-09-23 09:35:00,24.8,25.3,1.3,2.7,4,40,0,26.9,2.2,27.2,27.9,28.8,934,75,6,695.6,85,934
2026-09-23T09:30:00+08:00,2026-09-23 09:30:00,24.8,25.3,0.8,2.2,4,19,0,26.9,2.2,27.2,27.9,28.8,933.9,77,6,693,47,933.9
2026-09-23T09:25:00+08:00,2026-09-23 09:25:00,24.1,24.6,1.6,3.3,4,50,0,26.9,2.2,27.2,27.9,28.8,933.8,79,6,666.5,38,933.8
2026-09-23T09:20:00+08:00,2026-09-23 09:20:00,25.1,25.7,1.2,2,4,51,0,26.9,2.2,27.2,27.9,28.8,934,77,5,616.4,33,934
2026-09-23T09:16:00+08:00,2026-09-23 09:16:00,24.5,25,2,2.4,4,34,0,26.9,2.2,27.2,27.9,28.8,933.9,77,5,643.9,71,933.9
2026-09-23T09:10:00+08:00,2026-09-23 09:10:00,23.6,24.1,0.7,3.9,4,63,0,26.9,2.2,27.2,27.9,28.8,933.9,81,5,628.3,71,933.9
2026-09-23T09:05:00+08:00,2026-09-23 09:05:00,23.6,24.2,2,3,3.6,70,0,26.9,2.2,27.2,27.9,28.8,933.9,84,5,636.1,61,933.9
2026-09-23T09:00:00+08:00,2026-09-23 09:00:00,24,24.6,1.2,2,3.6,28,0,26.9,2.2,27.2,27.9,28.8,933.9,82,2,303.9,67,933.9
2026-09-23T08:55:00+08:00,2026-09-23 08:55:00,23.2,23.8,2.3,2.7,3.6,34,0,26.9,2.2,27.2,27.9,28.8,933.9,83,3,329.8,64,933.9
2026-09-23T08:50:00+08:00,2026-09-23 08:50:00,23.1,23.6,1.5,1.8,3.6,64,0,26.9,2.2,27.2,27.9,28.8,933.9,83,2,264.1,57,933.9
2026-09-23T08:45:00+08:00,2026-09-23 08:45:00,22.3,22.8,1.3,3.1,3.6,51,0,26.9,2.2,27.2,27.9,28.8,934.2,87,5,542.9,58,934.2
2026-09-23T08:40:00+08:00,2026-09-23 08:40:00,22.1,22.7,0.9,2,3.6,76,0,26.9,2.2,27.2,27.9,28.8,934.1,90,3,339.8,50,934.1
2026-09-23T08:35:00+08:00,2026-09-23 08:35:00,21.5,22,0,1.1,3.6,11,0,26.9,2.2,27.2,27.9,28.8,934.1,87,4,511.6,55,934.1
2026-09-23T08:30:00+08:00,2026-09-23 08:30:00,21.4,22,1.2,1.3,3.6,352,0,26.9,2.2,27.2,27.9,28.8,934.1,93,4,528.4,55,934.1
2026-09-23T08:25:00+08:00,2026-09-23 08:25:00,21.8,22.5,1.5,2,3.6,13,0,26.9,2.2,27.2,27.9,28.8,934.1,94,2,250,13,934.1
2026-09-23T08:20:00+08:00,2026-09-23 08:20:00,21.8,22.6,0.9,2.2,3.6,7,0,26.9,2.2,27.2,27.9,28.8,934.1,98,4,472.9,47,934.1
2026-09-23T08:15:00+08:00,2026-09-23 08:15:00,21.5,22.2,2,2.9,3.6,34,0,26.9,2.2,27.2,27.9,28.8,934.1,97,4,468.8,47,934.1
2026-09-23T08:10:00+08:00,2026-09-23 08:10:00,21.7,22.5,2.1,3,3.6,35,0,26.9,2.2,27.2,27.9,28.8,933.9,98,4,456.2,43,933.9
2026-09-23T08:05:00+08:00,2026-09-23 08:05:00,21.1,21.8,1.7,2.1,3.6,47,0,26.9,2.2,27.2,27.9,28.8,934.1,98,3,421.7,65,934.1
2026-09-23T08:00:00+08:00,2026-09-23 08:00:00,21.4,22.1,0.9,2.7,3.6,84,0,26.9,2.2,27.2,27.9,28.8,934,98,2,261.7,65,934
2026-09-23T07:55:00+08:00,2026-09-23 07:55:00,21.3,22,2,3,3.6,74,0,26.9,2.2,27.2,27.9,28.8,933.7,97,2,320.9,74,933.7
2026-09-23T07:50:00+08:00,2026-09-23 07:50:00,21.1,21.8,2.2,2.7,3.6,60,0,26.9,2.2,27.2,27.9,28.8,933.9,98,3,363.5,64,933.9
2026-09-23T07:45:00+08:00,2026-09-23 07:45:00,21.7,22.5,2.5,2.7,3.6,63,0,26.9,2.2,27.2,27.9,28.8,933.8,98,2,252,58,933.8
2026-09-23T07:40:00+08:00,2026-09-23 07:40:00,21.2,22,1.9,2.2,3.6,56,0,26.9,2.2,27.2,27.9,28.8,933.7,98,2,229.8,60,933.7
2026-09-23T07:35:00+08:00,2026-09-23 07:35:00,21.2,22,1.1,2.2,3.6,72,0,26.9,2.2,27.2,27.9,28.8,933.8,98,1,171.5,51,933.8
2026-09-23T07:30:00+08:00,2026-09-23 07:30:00,21.2,22,2.1,2.6,3.6,54,0,26.9,2.2,27.2,27.9,28.8,933.7,98,1,145.1,57,933.7
2026-09-23T07:25:00+08:00,2026-09-23 07:25:00,21.1,21.8,2.3,2.8,3.6,61,0,26.9,2.2,27.2,27.9,28.8,933.6,98,1,147,51,933.6
2026-09-23T07:20:00+08:00,2026-09-23 07:20:00,21.2,22,2.3,2.7,3.6,59,0,26.9,2.2,27.2,27.9,28.8,933.5,98,1,111.4,53,933.5
2026-09-23T07:15:00+08:00,2026-09-23 07:15:00,21.1,21.8,2.2,2.8,3.6,42,0,26.9,2.2,27.2,27.9,28.8,933.4,98,0,86.3,64,933.4
2026-09-23T07:10:00+08:00,2026-09-23 07:10:00,21,21.7,2.6,2.7,3.6,62,0,26.9,2.2,27.2,27.9,28.8,933.5,97,0,60.6,66,933.5
2026-09-23T07:05:00+08:00,2026-09-23 07:05:00,21,21.7,2.2,2.7,3.6,65,0,26.9,2.2,27.2,27.9,28.8,933.2,97,0,41.5,37,933.2
2026-09-23T07:00:00+08:00,2026-09-23 07:00:00,21,21.7,2.2,3.5,3.6,46,0,26.9,2.2,27.2,27.9,28.8,933.5,97,0,24.5,37,933.5
2026-09-23T06:55:00+08:00,2026-09-23 06:55:00,20.8,21.4,2.9,3.3,3.6,38,0,26.9,2.2,27.2,27.9,28.8,933.3,97,0,23.5,47,933.3
2026-09-23T06:50:00+08:00,2026-09-23 06:50:00,20.8,21.4,2.9,3.1,3.2,35,0,26.9,2.2,27.2,27.9,28.8,933.2,97,0,26.6,21,933.2
2026-09-23T06:45:00+08:00,2026-09-23 06:45:00,20.7,21.4,1.7,2.2,3.2,18,0,26.9,2.2,27.2,27.9,28.8,933.3,97,0,35.8,3,933.3
2026-09-23T06:40:00+08:00,2026-09-23 06:40:00,20.7,21.4,1.8,2.1,3.2,2,0,26.9,2.2,27.2,27.9,28.8,933.1,97,0,40.5,1,933.1
2026-09-23T06:35:00+08:00,2026-09-23 06:35:00,20.7,21.4,1.3,1.9,3.2,0,0,26.9,2.2,27.2,27.9,28.8,933.2,97,0,40.6,10,933.2
2026-09-23T06:30:00+08:00,2026-09-23 06:30:00,20.8,21.4,1.4,1.9,3.2,351,0,26.9,2.2,27.2,27.9,28.8,933,97,0,41.1,12,933
2026-09-23T06:25:00+08:00,2026-09-23 06:25:00,20.5,21.1,1.6,2.1,3.2,8,0,26.9,2.2,27.2,27.9,28.8,932.9,97,0,42,357,932.9
2026-09-23T06:20:00+08:00,2026-09-23 06:20:00,20.7,21.4,1.7,1.9,3.2,354,0,26.9,2.2,27.2,27.9,28.8,932.8,97,0,34.7,354,932.8
2026-09-23T06:15:00+08:00,2026-09-23 06:15:00,20.6,21.3,1.5,1.9,3.2,356,0,26.9,2.2,27.2,27.9,28.8,932.8,97,0,25.2,357,932.8
2026-09-23T06:10:00+08:00,2026-09-23 06:10:00,20.7,21.4,1.7,2.2,3.2,342,0,26.9,2.2,27.2,27.9,28.8,932.6,97,0,17.7,30,932.6
2026-09-23T06:05:00+08:00,2026-09-23 06:05:00,20.6,21.3,1.8,2.2,3.2,38,0,26.9,2.2,27.2,27.9,28.8,932.9,97,0,13.1,21,932.9
2026-09-23T06:00:00+08:00,2026-09-23 06:00:00,20.6,21.3,1,2.1,3.2,14,0,26.9,2.2,27.2,27.9,28.8,932.8,97,0,10.2,7,932.8
2026-09-23T05:55:00+08:00,2026-09-23 05:55:00,20.5,21.1,1.3,1.6,3.2,2,0,26.9,2.2,27.2,27.9,28.8,932.6,97,0,8.2,11,932.6
2026-09-23T05:50:00+08:00,2026-09-23 05:50:00,20.7,21.4,1.3,1.7,3.2,9,0,26.9,2.2,27.2,27.9,28.8,932.6,97,0,5.5,14,932.6
2026-09-23T05:45:00+08:00,2026-09-23 05:45:00,20.6,21.3,1.4,1.9,3.2,16,0,26.9,2.2,27.2,27.9,28.8,932.8,97,0,3.2,0,932.8
2026-09-23T05:40:00+08:00,2026-09-23 05:40:00,20.4,21,1.9,2.2,3.2,354,0,26.9,2.2,27.2,27.9,28.8,932.6,97,0,1.4,351,932.6
2026-09-23T05:35:00+08:00,2026-09-23 05:35:00,20.4,21,1.6,2,3.2,357,0,26.9,2.2,27.2,27.9,28.8,932.6,97,0,0.5,352,932.6
2026-09-23T05:30:00+08:00,2026-09-23 05:30:00,20.4,21,1.9,2,3.2,347,0,26.9,2.2,27.2,27.9,28.8,932.6,97,0,0.1,2,932.6
2026-09-23T05:25:00+08:00,2026-09-23 05:25:00,20.4,21,1.9,2.3,3.2,1,0,26.9,2.2,27.2,27.9,28.8,932.5,98,0,0,0,932.5
2026-09-23T05:20:00+08:00,2026-09-23 05:20:00,20.6,21.3,2,2.1,3.2,15,0,26.9,2.2,27.2,27.9,28.8,932.4,98,0,0,1,932.4
2026-09-23T05:15:00+08:00,2026-09-23 05:15:00,20.8,21.5,1.7,2.4,3.2,3,0,26.9,2.2,27.2,27.9,28.8,932.4,98,0,0,1,932.4
2026-09-23T05:10:00+08:00,2026-09-23 05:10:00,20.5,21.2,2.5,2.5,3.2,7,0,26.9,2.2,27.2,27.9,28.8,932.5,98,0,0,32,932.5
2026-09-23T05:05:00+08:00,2026-09-23 05:05:00,20.5,21.2,2.3,2.6,3.2,25,0.6,26.9,2.2,27.2,27.9,28.8,932.4,98,0,0,41,932.4
2026-09-23T05:00:00+08:00,2026-09-23 05:00:00,20.4,21,1.4,2,3.2,26,0,26.8,2.1,27.1,27.8,28.7,932.3,98,0,0,47,932.3
2026-09-23T04:55:00+08:00,2026-09-23 04:55:00,20.5,21.2,1.8,2.2,3.2,33,0.6,26.8,2.1,27.1,27.8,28.7,932.2,98,0,0,36,932.2
2026-09-23T04:50:00+08:00,2026-09-23 04:50:00,20.8,21.5,1,1.9,3.2,25,1.2,26.8,2.1,27.1,27.8,28.7,932.3,98,0,0,36,932.3
2026-09-23T04:45:00+08:00,2026-09-23 04:45:00,20.7,21.4,2,2.3,3.2,54,0.6,26.7,2,27,27.7,28.6,932.1,98,0,0,40,932.1
2026-09-23T04:40:00+08:00,2026-09-23 04:40:00,20.7,21.4,1,1.3,3.2,31,0.6,26.6,1.9,26.9,27.6,28.5,932.3,98,0,0,5,932.3
2026-09-23T04:35:00+08:00,2026-09-23 04:35:00,20.6,21.3,1,2.1,3.2,358,1.2,26.6,1.9,26.9,27.6,28.5,932.1,98,0,0,359,932.1
2026-09-23T04:30:00+08:00,2026-09-23 04:30:00,20.6,21.3,1.2,1.5,3.2,353,1.2,26.5,1.8,26.8,27.5,28.4,932.2,98,0,0,0,932.2
2026-09-23T04:25:00+08:00,2026-09-23 04:25:00,20.5,21.2,0.6,1,3.2,7,3,26.4,1.7,26.7,27.4,28.3,932.2,98,0,0,9,932.2
2026-09-23T04:20:00+08:00,2026-09-23 04:20:00,21,21.7,1.1,1.4,3.2,0,3,26.3,1.6,26.6,27.3,28.2,931.9,98,0,0,9,931.9
2026-09-23T04:15:00+08:00,2026-09-23 04:15:00,21.2,22,1.2,1.7,3.2,5,0.6,25.8,1.1,26.1,26.8,27.7,932,98,0,0,352,932
2026-09-23T04:10:00+08:00,2026-09-23 04:10:00,21.2,22,1.2,1.8,3.2,10,0.6,25.8,1.1,26.1,26.8,27.7,931.9,98,0,0,346,931.9
2026-09-23T04:05:00+08:00,2026-09-23 04:05:00,21.3,22,2.3,2.3,3.2,328,0,25.7,1,26,26.7,27.6,932,98,0,0,337,932
2026-09-23T04:00:00+08:00,2026-09-23 04:00:00,21.2,22,1.3,2,3.2,4,0.6,25.7,1,26,26.7,27.6,932,98,0,0,334,932
2026-09-23T03:55:00+08:00,2026-09-23 03:55:00,21.3,22,2.3,2.5,3.2,325,0.6,25.7,1,26,26.7,27.6,931.9,98,0,0,335,931.9
2026-09-23T03:50:00+08:00,2026-09-23 03:50:00,21.1,21.8,1.4,1.9,3.2,345,0,25.6,0.9,25.9,26.6,27.5,931.8,98,0,0,338,931.8
2026-09-23T03:45:00+08:00,2026-09-23 03:45:00,21,21.7,1.9,2.1,3.2,341,0.6,25.6,0.9,25.9,26.6,27.5,931.9,98,0,0,345,931.9
2026-09-23T03:40:00+08:00,2026-09-23 03:40:00,21.1,21.8,2.3,2.3,3.2,328,0.6,25.6,0.9,25.9,26.6,27.5,932,98,0,0,356,932
2026-09-23T03:35:00+08:00,2026-09-23 03:35:00,21.2,22,1.4,1.5,3.2,355,0,25.5,0.8,25.8,26.5,27.4,932,98,0,0,350,932
2026-09-23T03:30:00+08:00,2026-09-23 03:30:00,21.2,22,1.6,1.8,3.2,341,0,25.5,0.8,25.8,26.5,27.4,931.8,98,0,0,342,931.8
2026-09-23T03:25:00+08:00,2026-09-23 03:25:00,21.2,22,1.3,1.8,3.2,6,0.6,25.5,0.8,25.8,26.5,27.4,931.9,98,0,0,337,931.9
2026-09-23T03:20:00+08:00,2026-09-23 03:20:00,21.2,22,1.7,2,3.2,342,0.6,25.5,0.8,25.8,26.5,27.4,931.9,98,0,0,356,931.9
2026-09-23T03:15:00+08:00,2026-09-23 03:15:00,21,21.7,1.5,2,3.2,353,0,25.4,0.7,25.7,26.4,27.3,931.8,98,0,0,356,931.8
2026-09-23T03:10:00+08:00,2026-09-23 03:10:00,21.1,21.8,1.7,1.7,3.2,357,0,25.4,0.7,25.7,26.4,27.3,931.9,98,0,0,3,931.9
2026-09-23T03:05:00+08:00,2026-09-23 03:05:00,21.1,21.8,1.6,1.8,3.2,358,0,25.4,0.7,25.7,26.4,27.3,931.8,98,0,0,20,931.8
2026-09-23T03:00:00+08:00,2026-09-23 03:00:00,21.1,21.8,1.9,2,3.2,26,0,25.4,0.7,25.7,26.4,27.3,931.9,98,0,0,26,931.9
2026-09-23T02:55:00+08:00,2026-09-23 02:55:00,21,21.7,2.2,2.7,3.2,34,0,25.4,0.7,25.7,26.4,27.3,932,98,0,0,34,932
2026-09-23T02:50:00+08:00,2026-09-23 02:50:00,21.1,21.8,2.1,2.4,3.2,28,0,25.4,0.7,25.7,26.4,27.3,932,98,0,0,28,932
2026-09-23T02:45:00+08:00,2026-09-23 02:45:00,21,21.7,1.9,2.2,3.2,26,0,25.4,0.7,25.7,26.4,27.3,932,98,0,0,21,932
2026-09-23T02:40:00+08:00,2026-09-23 02:40:00,20.9,21.6,1.8,2.2,3.2,26,0,25.4,0.7,25.7,26.4,27.3,932.1,98,0,0,21,932.1
2026-09-23T02:35:00+08:00,2026-09-23 02:35:00,20.9,21.6,1.8,1.9,3.2,12,0,25.4,0.7,25.7,26.4,27.3,932,98,0,0,21,932
2026-09-23T02:30:00+08:00,2026-09-23 02:30:00,20.9,21.6,2,2.2,3.2,30,0,25.4,0.7,25.7,26.4,27.3,932,98,0,0,28,932
2026-09-23T02:25:00+08:00,2026-09-23 02:25:00,21,21.7,1.8,2,3.2,23,0,25.4,0.7,25.7,26.4,27.3,932.1,98,0,0,26,932.1
2026-09-23T02:20:00+08:00,2026-09-23 02:20:00,21,21.7,1.9,2.1,3.2,23,0,25.4,0.7,25.7,26.4,27.3,932.1,98,0,0,22,932.1
2026-09-23T02:15:00+08:00,2026-09-23 02:15:00,20.9,21.6,2,2.2,3.2,50,0.6,25.4,0.7,25.7,26.4,27.3,932.3,98,0,0,51,932.3
2026-09-23T02:11:00+08:00,2026-09-23 02:11:00,21,21.7,2,2.5,3.2,29,0.6,25.4,0.7,25.7,26.4,27.3,932.2,98,0,0,44,932.2
2026-09-23T02:05:00+08:00,2026-09-23 02:05:00,21,21.7,2.6,2.6,3.2,48,0,25.3,0.6,25.6,26.3,27.2,932.2,98,0,0,39,932.2
2026-09-23T02:00:00+08:00,2026-09-23 02:00:00,21.2,22,2.3,2.4,3.2,40,0,25.3,0.6,25.6,26.3,27.2,932.1,98,0,0,38,932.1
2026-09-23T01:55:00+08:00,2026-09-23 01:55:00,21.2,22,2.1,2.6,3.2,35,0,25.3,0.6,25.6,26.3,27.2,932.3,98,0,0,38,932.3
2026-09-23T01:50:00+08:00,2026-09-23 01:50:00,21.1,21.8,2,2.6,3.2,41,0,25.3,0.6,25.6,26.3,27.2,932.2,98,0,0,52,932.2
2026-09-23T01:45:00+08:00,2026-09-23 01:45:00,21.2,22,2.1,2.4,3.2,58,0,25.3,0.6,25.6,26.3,27.2,932.2,98,0,0,32,932.2
2026-09-23T01:40:00+08:00,2026-09-23 01:40:00,21.1,21.8,1.7,2.6,3.2,11,0,25.3,0.6,25.6,26.3,27.2,932.2,98,0,0,35,932.2
2026-09-23T01:35:00+08:00,2026-09-23 01:35:00,21.4,22.1,2.5,2.6,3.2,33,0,25.3,0.6,25.6,26.3,27.2,932.3,97,0,0,53,932.3
2026-09-23T01:30:00+08:00,2026-09-23 01:30:00,21.3,22,2.3,2.8,3.2,57,0,25.3,0.6,25.6,26.3,27.2,932.2,97,0,0,51,932.2
2026-09-23T01:25:00+08:00,2026-09-23 01:25:00,21.1,21.8,2.5,3.2,3.2,45,0,25.3,0.6,25.6,26.3,27.2,932.4,97,0,0,52,932.4
2026-09-23T01:20:00+08:00,2026-09-23 01:20:00,21.3,22,1.8,2.2,2.7,57,0,25.3,0.6,25.6,26.3,27.2,932.5,97,0,0,46,932.5
2026-09-23T01:15:00+08:00,2026-09-23 01:15:00,21.3,22,1.3,2.1,2.7,35,0,25.3,0.6,25.6,26.3,27.2,932.3,97,0,0,4,932.3
2026-09-23T01:11:00+08:00,2026-09-23 01:11:00,21.3,22,2.5,2.5,2.7,52,0.6,25.3,0.6,25.6,26.3,27.2,932.7,97,0,0,11,932.7
2026-09-23T01:05:00+08:00,2026-09-23 01:05:00,21.5,22.2,1.3,2.2,2.7,330,0.6,25.3,0.6,25.6,26.3,27.2,932.5,97,0,0,329,932.5
2026-09-23T01:00:00+08:00,2026-09-23 01:00:00,21.5,22.2,1.4,1.9,2.7,334,0.6,25.2,0.5,25.5,26.2,27.1,932.6,97,0,0,326,932.6
2026-09-23T00:55:00+08:00,2026-09-23 00:55:00,21.5,22.2,1.6,2.1,2.7,334,1.2,25.2,0.5,25.5,26.2,27.1,932.5,97,0,0,326,932.5
2026-09-23T00:50:00+08:00,2026-09-23 00:50:00,21.4,22.1,1.3,2.1,2.7,36,0.6,25.1,0.4,25.4,26.1,27,932.6,97,0,0,22,932.6
2026-09-23T00:45:00+08:00,2026-09-23 00:45:00,21.4,22.1,1.2,2.1,2.7,11,0,25,0.3,25.3,26,26.9,932.7,97,0,0,24,932.7
2026-09-23T00:40:00+08:00,2026-09-23 00:40:00,21.4,22.1,1.9,2.7,2.7,47,0,25,0.3,25.3,26,26.9,932.8,97,0,0,45,932.8
2026-09-23T00:35:00+08:00,2026-09-23 00:35:00,21.4,22.1,2.3,2.6,2.7,51,0,25,0.3,25.3,26,26.9,932.9,97,0,0,40,932.9
2026-09-23T00:30:00+08:00,2026-09-23 00:30:00,21.4,22.1,2.2,2.4,2.6,32,0,25,0.3,25.3,26,26.9,932.9,97,0,0,37,932.9
2026-09-23T00:25:00+08:00,2026-09-23 00:25:00,21.5,22.2,1.7,1.7,2.6,41,0.6,25,0.3,25.3,26,26.9,932.9,97,0,0,26,932.9
2026-09-23T00:20:00+08:00,2026-09-23 00:20:00,21.5,22.2,1.8,2.4,2.6,20,0.6,25,0.3,25.3,26,26.9,933.1,97,0,0,349,933.1
2026-09-23T00:15:00+08:00,2026-09-23 00:15:00,21.5,22.2,1.2,1.3,2.6,6,0,24.9,0.2,25.2,25.9,26.8,933.2,97,0,0,50,933.2
2026-09-23T00:10:00+08:00,2026-09-23 00:10:00,21.4,22.1,1.3,2.2,2.6,27,1.2,24.9,0.2,25.2,25.9,26.8,933,97,0,0,60,933
2026-09-23T00:05:00+08:00,2026-09-23 00:05:00,21.6,22.4,1.7,2.4,2.4,50,3.6,24.9,0.2,25.2,25.9,26.8,933.3,97,0,0,29,933.3
2026-09-23T00:00:00+08:00,2026-09-23 00:00:00,21.4,22.1,0.9,1.2,1.2,0,7.8,24.7,0,25,25.7,26.6,933.1,97,0,0,20,933.1
2026-09-22T23:55:00+08:00,2026-09-22 23:55:00,21.6,22.4,1.6,1.9,9.2,62,9,24.2,24.2,24.5,25.2,26.1,933.3,97,0,0,22,933.3
2026-09-22T23:50:00+08:00,2026-09-22 23:50:00,21.5,22.2,1.2,1.8,9.2,359,16.8,23.3,23.3,23.6,24.3,25.2,933.3,97,0,0,2,933.3
2026-09-22T23:45:00+08:00,2026-09-22 23:45:00,21.4,22.1,1,1.7,9.2,354,31.2,22.6,22.6,22.9,23.6,24.5,933.4,97,0,0,321,933.4
2026-09-22T23:40:00+08:00,2026-09-22 23:40:00,21.3,22,1,2.8,9.2,290,39,20.5,20.5,20.8,21.5,22.4,933.3,97,0,0,330,933.3
2026-09-22T23:35:00+08:00,2026-09-22 23:35:00,21.2,21.9,1.9,2.2,9.2,42,34.8,17.4,17.4,17.7,18.4,19.3,933.4,97,0,0,48,933.4
2026-09-22T23:30:00+08:00,2026-09-22 23:30:00,21.3,22,0.9,1.4,9.2,30,23.4,14,14,14.3,15,15.9,933.5,96,0,0,27,933.5
2026-09-22T23:25:00+08:00,2026-09-22 23:25:00,21.4,22.1,1.4,2.7,9.2,56,18.6,11.3,11.3,11.6,12.3,13.2,933.4,96,0,0,67,933.4
2026-09-22T23:20:00+08:00,2026-09-22 23:20:00,21.5,22.2,2.8,3.6,9.2,59,31.2,9.9,9.9,10.2,10.9,11.8,933.5,96,0,0,62,933.5
2026-09-22T23:15:00+08:00,2026-09-22 23:15:00,21.4,22.1,3.2,4.2,9.2,66,36.6,7.8,7.8,8.1,8.8,9.7,933.6,96,0,0,70,933.6
2026-09-22T23:10:00+08:00,2026-09-22 23:10:00,21.4,22.1,2.2,2.8,9.2,81,15.6,3.8,3.8,4.1,4.8,5.7,933.5,96,0,0,27,933.5
2026-09-22T23:05:00+08:00,2026-09-22 23:05:00,21.7,22.5,0.6,1.8,9.2,1,3.6,1.7,1.7,2,2.7,3.6,933.6,96,0,0,42,933.6
2026-09-22T23:00:00+08:00,2026-09-22 23:00:00,21.6,22.3,1.5,2.2,9.2,50,2.4,1.2,1.2,1.5,2.2,3.1,933.6,96,0,0,44,933.6
2026-09-22T22:55:00+08:00,2026-09-22 22:55:00,21.7,22.5,1.1,2.4,9.2,39,6,1.1,1.1,1.4,2.1,3,933.7,96,0,0,36,933.7
2026-09-22T22:50:00+08:00,2026-09-22 22:50:00,21.7,22.4,1.7,2.5,9.2,36,4.2,0.7,0.7,1,1.7,2.6,933.6,95,0,0,60,933.6
2026-09-22T22:45:00+08:00,2026-09-22 22:45:00,21.6,22.3,1.7,3.8,9.2,60,0.6,0.1,0.1,0.4,1.1,2,933.7,95,0,0,52,933.7
2026-09-22T22:40:00+08:00,2026-09-22 22:40:00,21.7,22.4,1.8,3,9.2,58,0,0,0,0.3,1,1.9,933.6,95,0,0,45,933.6
2026-09-22T22:35:00+08:00,2026-09-22 22:35:00,21.7,22.4,1.4,2.8,9.2,48,0,0,0,0.3,1,1.9,933.7,95,0,0,54,933.7
2026-09-22T22:30:00+08:00,2026-09-22 22:30:00,21.8,22.5,1.8,4.1,9.2,50,0,0,0,0.3,1,1.9,933.5,94,0,0,64,933.5
2026-09-22T22:25:00+08:00,2026-09-22 22:25:00,21.8,22.5,2.6,4.3,9.2,57,0,0,0,0.3,1,1.9,933.5,94,0,0,64,933.5
2026-09-22T22:20:00+08:00,2026-09-22 22:20:00,21.9,22.6,2.8,4,9.2,69,0,0,0,0.3,1,1.9,933.5,94,0,0,68,933.5
2026-09-22T22:15:00+08:00,2026-09-22 22:15:00,22,22.7,3.4,4.4,9.2,75,0,0,0,0.3,1,1.9,933.5,93,0,0,56,933.5
2026-09-22T22:10:00+08:00,2026-09-22 22:10:00,22.1,22.8,3.2,3.7,9.2,61,0,0,0,0.3,1,1.9,933.6,92,0,0,61,933.6
2026-09-22T22:05:00+08:00,2026-09-22 22:05:00,22.1,22.8,2.4,3.6,9.2,27,0,0,0,0.3,1,1.9,933.5,92,0,0,49,933.5
2026-09-22T22:00:00+08:00,2026-09-22 22:00:00,22.2,22.9,2.3,4.1,9.2,54,0,0,0,0.3,1,1.9,933.5,91,0,0,62,933.5
2026-09-22T21:55:00+08:00,2026-09-22 21:55:00,22.3,22.9,3,3.9,9.2,66,0,0,0,0.3,1,1.9,933.5,91,0,0,64,933.5
2026-09-22T21:50:00+08:00,2026-09-22 21:50:00,22.1,22.8,3.4,4,9.2,65,0,0,0,0.3,1,1.9,933.4,92,0,0,56,933.4
2026-09-22T21:45:00+08:00,2026-09-22 21:45:00,22.2,22.9,2.4,3.5,9.2,50,0,0,0,0.3,1,1.9,933.4,92,0,0,54,933.4
2026-09-22T21:40:00+08:00,2026-09-22 21:40:00,22.2,22.9,1.9,2.9,9.2,49,0,0,0,0.3,1,1.9,933.4,91,0,0,63,933.4
2026-09-22T21:35:00+08:00,2026-09-22 21:35:00,22.2,22.9,2.8,3.7,9.2,70,0,0,0,0.3,1,1.9,933.3,91,0,0,63,933.3
2026-09-22T21:30:00+08:00,2026-09-22 21:30:00,22.2,22.9,2.3,2.9,9.2,59,0,0,0,0.3,1,1.9,933.4,92,0,0,61,933.4
2026-09-22T21:25:00+08:00,2026-09-22 21:25:00,22.1,22.8,3.2,3.7,9.2,40,0,0,0,0.3,1,1.9,933.2,92,0,0,65,933.2
2026-09-22T21:20:00+08:00,2026-09-22 21:20:00,22.2,22.9,2.7,3.9,9.2,57,0,0,0,0.3,1,1.9,933.2,92,0,0,60,933.2
2026-09-22T21:15:00+08:00,2026-09-22 21:15:00,22,22.7,3.4,4.2,9.2,57,0,0,0,0.3,1,1.9,933,92,0,0,55,933
2026-09-22T21:10:00+08:00,2026-09-22 21:10:00,22,22.7,1.9,3.2,9.2,57,0,0,0,0.3,1,1.9,933,92,0,0,51,933
2026-09-22T21:05:00+08:00,2026-09-22 21:05:00,22.1,22.8,2.8,2.9,9.2,51,0,0,0,0.3,1,1.9,933,92,0,0,53,933
2026-09-22T21:00:00+08:00,2026-09-22 21:00:00,22.1,22.8,3.1,3.8,9.2,40,0,0,0,0.3,1,1.9,932.8,92,0,0,65,932.8
2026-09-22T20:55:00+08:00,2026-09-22 20:55:00,22.2,22.9,3.2,3.8,9.2,66,0,0,0,0.3,1,1.9,932.6,92,0,0,65,932.6
2026-09-22T20:50:00+08:00,2026-09-22 20:50:00,22.2,22.9,1.6,2.8,9.2,46,0,0,0,0.3,1,1.9,932.7,92,0,0,63,932.7
2026-09-22T20:45:00+08:00,2026-09-22 20:45:00,22.1,22.8,3.5,4.5,9.2,67,0,0,0,0.3,1,1.9,932.8,92,0,0,59,932.8
2026-09-22T20:40:00+08:00,2026-09-22 20:40:00,22.1,22.8,3.6,3.9,9.2,49,0,0,0,0.3,1,1.9,932.6,92,0,0,58,932.6
2026-09-22T20:35:00+08:00,2026-09-22 20:35:00,22.3,22.9,3.5,4.6,9.2,69,0,0,0,0.3,1,1.9,932.4,91,0,0,63,932.4
2026-09-22T20:30:00+08:00,2026-09-22 20:30:00,22.3,22.9,2.9,4.1,9.2,65,0,0,0,0.3,1,1.9,932.6,91,0,0,64,932.6
2026-09-22T20:25:00+08:00,2026-09-22 20:25:00,22.4,23.1,3.6,3.8,9.2,78,0,0,0,0.3,1,1.9,932.6,91,0,0,65,932.6
2026-09-22T20:20:00+08:00,2026-09-22 20:20:00,22.3,22.9,3.1,4.4,9.2,64,0,0,0,0.3,1,1.9,932.2,91,0,0,69,932.2
2026-09-22T20:15:00+08:00,2026-09-22 20:15:00,22.3,22.9,4.5,5,9.2,70,0,0,0,0.3,1,1.9,932.4,91,0,0,66,932.4
2026-09-22T20:10:00+08:00,2026-09-22 20:10:00,22.5,23.2,4,4.6,9.2,56,0,0,0,0.3,1,1.9,932.3,91,0,0,62,932.3
2026-09-22T20:05:00+08:00,2026-09-22 20:05:00,22.4,23.1,4.1,5.1,9.2,63,0,0,0,0.3,1,1.9,932.2,91,0,0,54,932.2
2026-09-22T20:00:00+08:00,2026-09-22 20:00:00,22.6,23.3,3.7,4.3,9.2,62,0,0,0,0.3,1,1.9,932.2,91,0,0,67,932.2
2026-09-22T19:55:00+08:00,2026-09-22 19:55:00,22.6,23.3,2.7,4.1,9.2,67,0,0,0,0.3,1,1.9,932.2,91,0,0,64,932.2
2026-09-22T19:50:00+08:00,2026-09-22 19:50:00,22.7,23.4,3.5,4.3,9.2,66,0,0,0,0.3,1,1.9,932,90,0,0,65,932
2026-09-22T19:45:00+08:00,2026-09-22 19:45:00,22.6,23.3,3.2,4.4,9.2,78,0,0,0,0.3,1,1.9,932.1,91,0,0,64,932.1
2026-09-22T19:40:00+08:00,2026-09-22 19:40:00,22.7,23.4,2.8,4.3,9.2,65,0,0,0,0.3,1,1.9,932,91,0,0,62,932
2026-09-22T19:35:00+08:00,2026-09-22 19:35:00,22.6,23.3,3.8,4,9.2,64,0,0,0,0.3,1,1.9,931.8,91,0,0,63,931.8
2026-09-22T19:30:00+08:00,2026-09-22 19:30:00,22.5,23.2,3.1,4.7,9.2,33,0,0,0,0.3,1,1.9,931.9,91,0,0,72,931.9
2026-09-22T19:25:00+08:00,2026-09-22 19:25:00,22.7,23.4,5.2,6.1,9.2,74,0,0,0,0.3,1,1.9,931.7,90,0,0,71,931.7
2026-09-22T19:20:00+08:00,2026-09-22 19:20:00,22.8,23.5,3.6,5.6,9.2,73,0,0,0,0.3,1,1.9,931.7,90,0,0,71,931.7
2026-09-22T19:15:00+08:00,2026-09-22 19:15:00,22.8,23.5,3.1,5.2,9.2,73,0,0,0,0.3,1,1.9,931.9,90,0,0,70,931.9
2026-09-22T19:10:00+08:00,2026-09-22 19:10:00,22.7,23.4,3.3,4.5,9.2,80,0,0,0,0.3,1,1.9,931.4,90,0,0,70,931.4
2026-09-22T19:05:00+08:00,2026-09-22 19:05:00,22.8,23.4,3.7,5.8,9.2,73,0,0,0,0.3,1,1.9,931.4,89,0,0,71,931.4
2026-09-22T19:00:00+08:00,2026-09-22 19:00:00,22.8,23.5,3,4.1,9.2,67,0,0,0,0.3,1,1.9,931.3,90,0,0,67,931.3
2026-09-22T18:55:00+08:00,2026-09-22 18:55:00,22.8,23.5,5,6.4,9.2,68,0,0,0,0.3,1,1.9,931.2,90,0,0,73,931.2
2026-09-22T18:50:00+08:00,2026-09-22 18:50:00,22.9,23.6,3.4,4.6,9.2,66,0,0,0,0.3,1,1.9,931.2,89,0,0,71,931.2
2026-09-22T18:45:00+08:00,2026-09-22 18:45:00,23,23.7,4.3,5.3,9.2,64,0,0,0,0.3,1,1.9,930.9,89,0,0,70,930.9
2026-09-22T18:40:00+08:00,2026-09-22 18:40:00,22.9,23.6,3.2,5.6,9.2,61,0,0,0,0.3,1,1.9,931.1,89,0,0,65,931.1
2026-09-22T18:35:00+08:00,2026-09-22 18:35:00,23.1,23.8,3.5,5.1,9.2,75,0,0,0,0.3,1,1.9,930.7,89,0,0,73,930.7
2026-09-22T18:30:00+08:00,2026-09-22 18:30:00,23.1,23.8,3.7,5.3,9.2,69,0,0,0,0.3,1,1.9,930.7,89,0,0,74,930.7
2026-09-22T18:25:00+08:00,2026-09-22 18:25:00,23.1,23.8,3.7,5.4,9.2,65,0,0,0,0.3,1,1.9,930.7,88,0,0,69,930.7
2026-09-22T18:20:00+08:00,2026-09-22 18:20:00,23.2,23.9,4.7,5.5,9.2,70,0,0,0,0.3,1,1.9,930.6,88,0,0,68,930.6
2026-09-22T18:15:00+08:00,2026-09-22 18:15:00,23.2,23.9,3.3,6.1,9.2,69,0,0,0,0.3,1,1.9,930.4,88,0,0,77,930.4
2026-09-22T18:10:00+08:00,2026-09-22 18:10:00,23.2,23.9,4.5,5.9,9.2,74,0,0,0,0.3,1,1.9,930.5,88,0,0,70,930.5
2026-09-22T18:06:00+08:00,2026-09-22 18:06:00,23.1,23.8,4.3,6.5,9.2,72,0,0,0,0.3,1,1.9,930.4,88,0,0,76,930.4
2026-09-22T18:00:00+08:00,2026-09-22 18:00:00,23.3,23.9,6.5,6.8,9.2,77,0,0,0,0.3,1,1.9,930.3,87,0,0.2,73,930.3
2026-09-22T17:55:00+08:00,2026-09-22 17:55:00,23.3,23.9,4.8,6.7,9.2,72,0,0,0,0.3,1,1.9,930.2,87,0,0.9,72,930.2
2026-09-22T17:50:00+08:00,2026-09-22 17:50:00,23.3,23.9,3.3,6.4,9.2,79,0,0,0,0.3,1,1.9,930.2,87,0,1.8,81,930.2
2026-09-22T17:45:00+08:00,2026-09-22 17:45:00,23.4,24,5.1,6.8,9.2,71,0,0,0,0.3,1,1.9,930.1,86,0,4.4,76,930.1
2026-09-22T17:40:00+08:00,2026-09-22 17:40:00,23.6,24.3,3.3,6.8,9.2,72,0,0,0,0.3,1,1.9,930.1,86,0,7.3,76,930.1
2026-09-22T17:35:00+08:00,2026-09-22 17:35:00,23.8,24.4,5.8,7.3,9.2,80,0,0,0,0.3,1,1.9,930,85,0,8.1,67,930
2026-09-22T17:30:00+08:00,2026-09-22 17:30:00,23.8,24.4,4.6,8,9.2,67,0,0,0,0.3,1,1.9,929.8,84,0,13.2,76,929.8
2026-09-22T17:25:00+08:00,2026-09-22 17:25:00,23.9,24.5,7.3,8.1,9.2,81,0,0,0,0.3,1,1.9,929.6,84,0,18.9,77,929.6
2026-09-22T17:20:00+08:00,2026-09-22 17:20:00,24.1,24.7,5,7.5,9.2,82,0,0,0,0.3,1,1.9,929.6,83,0,27.3,77,929.6
2026-09-22T17:15:00+08:00,2026-09-22 17:15:00,24.2,24.9,5.2,6.9,9.2,76,0,0,0,0.3,1,1.9,929.7,83,0,39.8,76,929.7
2026-09-22T17:10:00+08:00,2026-09-22 17:10:00,24.5,25.1,5.3,7.6,9.2,74,0,0,0,0.3,1,1.9,929.3,82,0,41.4,79,929.3
2026-09-22T17:05:00+08:00,2026-09-22 17:05:00,24.4,25,6.3,9.1,9.2,76,0,0,0,0.3,1,1.9,929.4,82,0,36.5,77,929.4
2026-09-22T17:00:00+08:00,2026-09-22 17:00:00,24.6,25.2,5.3,7.9,9.2,77,0,0,0,0.3,1,1.9,929.3,81,0,43.3,79,929.3
2026-09-22T16:55:00+08:00,2026-09-22 16:55:00,24.9,25.5,6.4,7.9,9.2,83,0,0,0,0.3,1,1.9,929.1,80,0,57.8,76,929.1
2026-09-22T16:50:00+08:00,2026-09-22 16:50:00,24.9,25.5,5.5,7.8,9.2,77,0,0,0,0.3,1,1.9,929.2,80,0,71.3,91,929.2
2026-09-22T16:45:00+08:00,2026-09-22 16:45:00,25.2,25.9,6.5,7.9,9.2,79,0,0,0,0.3,1,1.9,929.1,79,0,77.7,84,929.1
2026-09-22T16:40:00+08:00,2026-09-22 16:40:00,25.3,25.9,6,8.5,9.2,76,0,0,0,0.3,1,1.9,929.1,79,0,83.3,74,929.1
2026-09-22T16:35:00+08:00,2026-09-22 16:35:00,25.7,26.4,5.4,7.3,9.2,75,0,0,0,0.3,1,1.9,929,77,1,160.8,79,929
2026-09-22T16:30:00+08:00,2026-09-22 16:30:00,25.7,26.4,7.2,8.6,9.2,82,0,0,0,0.3,1,1.9,928.9,77,1,214.5,77,928.9
2026-09-22T16:25:00+08:00,2026-09-22 16:25:00,25.9,26.5,6.3,8.3,9.2,71,0,0,0,0.3,1,1.9,929,77,1,191.2,79,929
2026-09-22T16:20:00+08:00,2026-09-22 16:20:00,26.3,26.9,7.9,7.9,9.2,72,0,0,0,0.3,1,1.9,928.8,75,2,218.7,78,928.8
2026-09-22T16:15:00+08:00,2026-09-22 16:15:00,26.1,26.8,5.5,7.6,9.2,81,0,0,0,0.3,1,1.9,928.9,76,1,169.1,77,928.9
2026-09-22T16:10:00+08:00,2026-09-22 16:10:00,26.2,26.9,6.1,8.2,9.2,78,0,0,0,0.3,1,1.9,928.9,75,2,266.9,82,928.9
2026-09-22T16:05:00+08:00,2026-09-22 16:05:00,26.5,27.1,6.7,8.1,9.2,82,0,0,0,0.3,1,1.9,928.7,74,2,277.7,74,928.7
2026-09-22T16:00:00+08:00,2026-09-22 16:00:00,26.2,26.9,4.8,9,9.2,62,0,0,0,0.3,1,1.9,928.8,75,3,324.6,74,928.8
2026-09-22T15:55:00+08:00,2026-09-22 15:55:00,26.4,27,5.7,7.9,9.2,73,0,0,0,0.3,1,1.9,928.8,74,3,363.9,78,928.8
2026-09-22T15:50:00+08:00,2026-09-22 15:50:00,26.6,27.2,5.8,7.9,9.2,78,0,0,0,0.3,1,1.9,928.9,73,3,375.6,75,928.9
2026-09-22T15:45:00+08:00,2026-09-22 15:45:00,26.2,26.8,6.8,8.4,9.2,78,0,0,0,0.3,1,1.9,928.8,74,1,178.7,75,928.8
2026-09-22T15:40:00+08:00,2026-09-22 15:40:00,26.8,28.7,4.8,7.3,9.2,63,0,0,0,0.3,1,1.9,928.7,73,3,363.6,65,928.7
2026-09-22T15:35:00+08:00,2026-09-22 15:35:00,26.7,28.6,5.3,9.2,9.2,86,0,0,0,0.3,1,1.9,928.7,73,4,430.7,76,928.7
2026-09-22T15:30:00+08:00,2026-09-22 15:30:00,27.2,29.3,5.8,7.7,9.2,81,0,0,0,0.3,1,1.9,928.8,71,3,415.1,76,928.8
2026-09-22T15:25:00+08:00,2026-09-22 15:25:00,27.1,29.3,5,7.4,9.2,85,0,0,0,0.3,1,1.9,928.6,73,4,450.2,76,928.6
2026-09-22T15:20:00+08:00,2026-09-22 15:20:00,27.2,29.3,5.3,8.6,9.2,83,0,0,0,0.3,1,1.9,928.7,71,4,487.2,77,928.7
2026-09-22T15:15:00+08:00,2026-09-22 15:15:00,26.8,28.6,7,9.2,9.2,77,0,0,0,0.3,1,1.9,928.5,72,2,301.7,77,928.5
2026-09-22T15:10:00+08:00,2026-09-22 15:10:00,27.4,29.6,6.2,8.6,8.7,70,0,0,0,0.3,1,1.9,928.8,71,4,469.6,76,928.8
2026-09-22T15:05:00+08:00,2026-09-22 15:05:00,27.1,29.2,6.7,8.4,8.7,82,0,0,0,0.3,1,1.9,928.9,72,4,468.2,75,928.9
2026-09-22T15:00:00+08:00,2026-09-22 15:00:00,27.4,29.5,5.6,6.9,8.7,83,0,0,0,0.3,1,1.9,928.9,70,4,484.6,76,928.9
2026-09-22T14:55:00+08:00,2026-09-22 14:55:00,27.3,29.4,5.8,8.1,8.7,80,0,0,0,0.3,1,1.9,928.8,71,5,561.7,78,928.8
2026-09-22T14:50:00+08:00,2026-09-22 14:50:00,27.5,29.7,6,8,8.2,78,0,0,0,0.3,1,1.9,928.9,70,5,553,79,928.9
2026-09-22T14:45:00+08:00,2026-09-22 14:45:00,27.3,29.3,6.1,7.2,8.2,73,0,0,0,0.3,1,1.9,929,70,5,610.2,75,929
2026-09-22T14:40:00+08:00,2026-09-22 14:40:00,26.8,28.6,5.4,7.8,8.2,84,0,0,0,0.3,1,1.9,929.1,71,2,307.5,78,929.1
2026-09-22T14:35:00+08:00,2026-09-22 14:35:00,27.2,29.2,5.5,5.9,8.2,75,0,0,0,0.3,1,1.9,929.2,70,2,243.3,82,929.2
2026-09-22T14:30:00+08:00,2026-09-22 14:30:00,27.2,29.1,3.5,7.3,8.2,81,0,0,0,0.3,1,1.9,929.1,69,2,286.4,77,929.1
2026-09-22T14:25:00+08:00,2026-09-22 14:25:00,27.4,29.4,6.4,8.2,8.2,68,0,0,0,0.3,1,1.9,929.3,69,2,308.3,72,929.3
2026-09-22T14:20:00+08:00,2026-09-22 14:20:00,27.9,30.1,5.6,7.3,7.8,81,0,0,0,0.3,1,1.9,929.3,67,6,676.6,77,929.3
2026-09-22T14:15:00+08:00,2026-09-22 14:15:00,27.8,30,6.1,6.6,7.8,61,0,0,0,0.3,1,1.9,929.3,68,5,546.7,80,929.3
2026-09-22T14:10:00+08:00,2026-09-22 14:10:00,27.6,29.8,7.1,7.3,7.8,81,0,0,0,0.3,1,1.9,929.2,69,6,747.1,76,929.2
2026-09-22T14:05:00+08:00,2026-09-22 14:05:00,27.6,29.9,4.4,6.8,7.8,81,0,0,0,0.3,1,1.9,929.4,70,4,479.7,80,929.4
2026-09-22T14:00:00+08:00,2026-09-22 14:00:00,28,30.5,6.8,7.6,7.8,60,0,0,0,0.3,1,1.9,929.5,69,6,693,74,929.5
2026-09-22T13:55:00+08:00,2026-09-22 13:55:00,27.3,29.4,4,7.2,7.8,82,0,0,0,0.3,1,1.9,929.4,71,6,709.8,81,929.4
2026-09-22T13:50:00+08:00,2026-09-22 13:50:00,27.8,30,5.3,6.3,7.8,74,0,0,0,0.3,1,1.9,929.7,68,7,809.9,76,929.7
2026-09-22T13:45:00+08:00,2026-09-22 13:45:00,27.1,29,7.1,7.6,7.8,75,0,0,0,0.3,1,1.9,929.8,70,7,820.8,75,929.8
2026-09-22T13:40:00+08:00,2026-09-22 13:40:00,27.4,29.5,5,6.5,7.7,73,0,0,0,0.3,1,1.9,929.8,70,7,755.5,74,929.8
2026-09-22T13:35:00+08:00,2026-09-22 13:35:00,27.2,29.3,3.4,6.6,7.7,73,0,0,0,0.3,1,1.9,930,71,6,748.1,74,930
2026-09-22T13:30:00+08:00,2026-09-22 13:30:00,27.5,29.6,4.7,7.4,7.7,79,0,0,0,0.3,1,1.9,929.9,69,3,355.9,79,929.9
2026-09-22T13:25:00+08:00,2026-09-22 13:25:00,27.4,29.3,2.1,4.3,7.7,47,0,0,0,0.3,1,1.9,929.9,68,3,337.3,77,929.9
2026-09-22T13:20:00+08:00,2026-09-22 13:20:00,27.2,29.1,3.1,5.8,7.7,77,0,0,0,0.3,1,1.9,929.9,69,2,294.9,68,929.9
2026-09-22T13:15:00+08:00,2026-09-22 13:15:00,27.2,29,5,6.4,7.7,72,0,0,0,0.3,1,1.9,930,67,2,314.4,80,930
2026-09-22T13:10:00+08:00,2026-09-22 13:10:00,27.2,28.9,4.7,5.7,7.7,79,0,0,0,0.3,1,1.9,930.1,66,2,315.5,72,930.1
2026-09-22T13:05:00+08:00,2026-09-22 13:05:00,28.3,30.2,6.5,7.7,7.7,81,0,0,0,0.3,1,1.9,930.3,63,3,359,72,930.3
2026-09-22T13:00:00+08:00,2026-09-22 13:00:00,27.8,29.8,4.5,4.9,6.5,64,0,0,0,0.3,1,1.9,930.3,66,8,863.7,70,930.3
2026-09-22T12:55:00+08:00,2026-09-22 12:55:00,27.2,29,2.6,5.7,6.5,65,0,0,0,0.3,1,1.9,930.4,67,8,943.3,93,930.4
2026-09-22T12:50:00+08:00,2026-09-22 12:50:00,27.9,29.8,5.2,5.4,6.5,69,0,0,0,0.3,1,1.9,930.6,65,4,444.6,75,930.6
2026-09-22T12:45:00+08:00,2026-09-22 12:45:00,27.4,29.3,2.5,5.1,6.5,54,0,0,0,0.3,1,1.9,930.8,68,5,616.2,79,930.8
2026-09-22T12:40:00+08:00,2026-09-22 12:40:00,27.2,29.1,2.7,5.2,6.5,84,0,0,0,0.3,1,1.9,930.9,68,8,947,74,930.9
2026-09-22T12:35:00+08:00,2026-09-22 12:35:00,27.3,29.3,3.2,4.7,6.5,87,0,0,0,0.3,1,1.9,930.9,70,8,948.2,79,930.9
2026-09-22T12:30:00+08:00,2026-09-22 12:30:00,26.8,28.5,4.4,5.2,6.5,86,0,0,0,0.3,1,1.9,931,70,6,734.1,87,931
2026-09-22T12:25:00+08:00,2026-09-22 12:25:00,26.9,28.6,5.1,5.4,5.9,72,0,0,0,0.3,1,1.9,931,69,7,770.6,88,931
2026-09-22T12:20:00+08:00,2026-09-22 12:20:00,27.2,29.1,2.5,2.6,5.9,106,0,0,0,0.3,1,1.9,931.2,68,3,399.5,84,931.2
2026-09-22T12:15:00+08:00,2026-09-22 12:15:00,27.4,29,1,5.5,5.9,105,0,0,0,0.3,1,1.9,931.1,65,7,842.9,84,931.1
2026-09-22T12:10:00+08:00,2026-09-22 12:10:00,27.5,29.4,3.4,4.9,5.9,81,0,0,0,0.3,1,1.9,931.3,67,8,910,80,931.3
2026-09-22T12:05:00+08:00,2026-09-22 12:05:00,27.5,29.3,3.5,4.6,5.9,85,0,0,0,0.3,1,1.9,931.3,66,8,938.5,76,931.3
2026-09-22T12:00:00+08:00,2026-09-22 12:00:00,27.6,29.6,3.5,4.4,5.9,77,0,0,0,0.3,1,1.9,931.3,67,8,939.1,70,931.3
2026-09-22T11:55:00+08:00,2026-09-22 11:55:00,26.9,28.6,1.3,4.8,5.9,57,0,0,0,0.3,1,1.9,931.6,69,4,503.2,71,931.6
2026-09-22T11:50:00+08:00,2026-09-22 11:50:00,27,28.6,3.9,4.3,5.9,74,0,0,0,0.3,1,1.9,931.7,67,6,673.6,87,931.7
2026-09-22T11:45:00+08:00,2026-09-22 11:45:00,27.2,28.9,3.3,3.4,5.9,52,0,0,0,0.3,1,1.9,931.9,66,4,477.7,78,931.9
2026-09-22T11:40:00+08:00,2026-09-22 11:40:00,26.5,26.9,2.7,3.6,5.9,68,0,0,0,0.3,1,1.9,931.8,66,3,355,78,931.8
2026-09-22T11:35:00+08:00,2026-09-22 11:35:00,26.3,26.7,3.6,4.6,5.9,66,0,0,0,0.3,1,1.9,932.1,67,4,462.3,69,932.1
2026-09-22T11:30:00+08:00,2026-09-22 11:30:00,26.9,28.5,2.7,3.2,5.9,51,0,0,0,0.3,1,1.9,932.1,68,3,396.1,70,932.1
2026-09-22T11:25:00+08:00,2026-09-22 11:25:00,26.1,26.6,2,3.7,5.9,2,0,0,0,0.3,1,1.9,932,68,7,803.2,62,932
2026-09-22T11:20:00+08:00,2026-09-22 11:20:00,25.8,26.3,4.9,5.6,5.9,72,0,0,0,0.3,1,1.9,932.1,73,7,847,76,932.1
2026-09-22T11:15:00+08:00,2026-09-22 11:15:00,26,26.5,3.5,5.9,5.9,81,0,0,0,0.3,1,1.9,932.3,70,4,520,70,932.3
2026-09-22T11:10:00+08:00,2026-09-22 11:10:00,26.7,28.3,2.6,4.7,5.2,73,0,0,0,0.3,1,1.9,932.3,69,7,842.3,74,932.3
2026-09-22T11:05:00+08:00,2026-09-22 11:05:00,26.3,26.8,3.1,4.6,5.2,49,0,0,0,0.3,1,1.9,932.6,70,7,850.5,60,932.6
2026-09-22T11:01:00+08:00,2026-09-22 11:01:00,26,26.5,3.6,3.8,5.2,64,0,0,0,0.3,1,1.9,932.7,72,8,911,75,932.7
2026-09-22T10:55:00+08:00,2026-09-22 10:55:00,26,26.5,3,5.1,5.2,74,0,0,0,0.3,1,1.9,932.8,72,4,498.3,67,932.8
2026-09-22T10:50:00+08:00,2026-09-22 10:50:00,26.6,27.2,2.5,2.8,5.2,59,0,0,0,0.3,1,1.9,933,71,5,594.5,56,933
2026-09-22T10:45:00+08:00,2026-09-22 10:45:00,25.8,26.3,2.6,3.1,5.2,65,0,0,0,0.3,1,1.9,933,72,5,558.6,56,933
2026-09-22T10:40:00+08:00,2026-09-22 10:40:00,25.1,25.6,1,2.5,5.2,61,0,0,0,0.3,1,1.9,933,73,4,452.2,68,933
2026-09-22T10:35:00+08:00,2026-09-22 10:35:00,25.1,25.6,2.4,4.3,5.2,75,0,0,0,0.3,1,1.9,933.2,74,2,299.8,72,933.2
2026-09-22T10:30:00+08:00,2026-09-22 10:30:00,24.8,25.3,1.8,4.1,5.2,38,0,0,0,0.3,1,1.9,933.3,76,2,237.4,66,933.3
2026-09-22T10:25:00+08:00,2026-09-22 10:25:00,24.6,25.1,1.7,4.5,5.2,2,0,0,0,0.3,1,1.9,933.3,77,2,254.4,66,933.3
2026-09-22T10:20:00+08:00,2026-09-22 10:20:00,25.3,25.8,2.6,3.3,4.6,73,0,0,0,0.3,1,1.9,933.4,76,2,309.2,57,933.4
2026-09-22T10:15:00+08:00,2026-09-22 10:15:00,24.7,25.3,3.4,3.9,4.6,56,0,0,0,0.3,1,1.9,933.2,78,2,284.1,20,933.2
2026-09-22T10:10:00+08:00,2026-09-22 10:10:00,24.7,25.3,2.6,3.9,4.6,18,0,0,0,0.3,1,1.9,933.4,77,2,272.5,39,933.4
2026-09-22T10:05:00+08:00,2026-09-22 10:05:00,25.1,25.7,2,4.6,4.6,47,0,0,0,0.3,1,1.9,933.4,77,2,226.4,41,933.4
2026-09-22T10:01:00+08:00,2026-09-22 10:01:00,25.6,26.2,2.1,2.9,4.5,39,0,0,0,0.3,1,1.9,933.5,75,2,226.5,25,933.5
2026-09-22T09:55:00+08:00,2026-09-22 09:55:00,26,26.6,1.4,1.8,4.5,343,0,0,0,0.3,1,1.9,933.6,73,2,225.9,22,933.6
2026-09-22T09:50:00+08:00,2026-09-22 09:50:00,26,26.6,2.1,3.4,4.5,59,0,0,0,0.3,1,1.9,933.5,74,3,402.8,16,933.5
2026-09-22T09:45:00+08:00,2026-09-22 09:45:00,25.2,25.8,1.9,2.6,4.5,357,0,0,0,0.3,1,1.9,933.5,76,2,250.4,74,933.5
2026-09-22T09:40:00+08:00,2026-09-22 09:40:00,25,25.6,1.6,3.3,4.5,53,0,0,0,0.3,1,1.9,933.6,77,2,238.5,74,933.6
2026-09-22T09:35:00+08:00,2026-09-22 09:35:00,24.5,25,0.7,2.5,4.5,51,0,0,0,0.3,1,1.9,933.6,78,2,265.2,77,933.6
2026-09-22T09:30:00+08:00,2026-09-22 09:30:00,24.9,25.5,3.3,4.2,4.5,84,0,0,0,0.3,1,1.9,933.6,79,3,377,79,933.6
2026-09-22T09:25:00+08:00,2026-09-22 09:25:00,25.2,25.9,0.8,2.4,4.5,57,0,0,0,0.3,1,1.9,933.9,79,3,407.9,42,933.9
2026-09-22T09:20:00+08:00,2026-09-22 09:20:00,25.1,25.7,1.5,2.1,4.5,26,0,0,0,0.3,1,1.9,933.7,79,2,298.6,44,933.7
2026-09-22T09:15:00+08:00,2026-09-22 09:15:00,25.4,26,0.7,2.1,4.5,30,0,0,0,0.3,1,1.9,933.8,76,2,241.3,38,933.8
2026-09-22T09:10:00+08:00,2026-09-22 09:10:00,25.8,26.3,1.5,2.1,4.5,74,0,0,0,0.3,1,1.9,933.8,74,2,271.6,351,933.8
2026-09-22T09:05:00+08:00,2026-09-22 09:05:00,25.8,26.4,1.2,2.6,4.5,3,0,0,0,0.3,1,1.9,933.9,75,2,275.3,339,933.9
2026-09-22T09:00:00+08:00,2026-09-22 09:00:00,25.5,26.1,1.1,1.7,4.5,9,0,0,0,0.3,1,1.9,933.9,75,2,249.5,4,933.9
2026-09-22T08:55:00+08:00,2026-09-22 08:55:00,25.2,25.8,1.6,2.3,4.5,338,0,0,0,0.3,1,1.9,933.8,76,2,251.5,10,933.8
2026-09-22T08:50:00+08:00,2026-09-22 08:50:00,25.8,26.3,1.4,1.7,4.5,29,0,0,0,0.3,1,1.9,933.8,74,3,402.4,34,933.8
2026-09-22T08:45:00+08:00,2026-09-22 08:45:00,25.9,26.4,1.1,1.7,4.5,25,0,0,0,0.3,1,1.9,933.8,73,3,394.6,355,933.8
2026-09-22T08:40:00+08:00,2026-09-22 08:40:00,25.3,25.8,1.2,1.5,4.5,358,0,0,0,0.3,1,1.9,933.9,76,3,376.6,5,933.9
2026-09-22T08:35:00+08:00,2026-09-22 08:35:00,24.8,25.3,1.2,1.9,4.5,0,0,0,0,0.3,1,1.9,934.1,78,3,339.9,0,934.1
2026-09-22T08:30:00+08:00,2026-09-22 08:30:00,24.4,24.9,0.8,2.2,4.5,359,0,0,0,0.3,1,1.9,933.8,79,2,258.8,1,933.8
2026-09-22T08:25:00+08:00,2026-09-22 08:25:00,24.1,24.7,3.2,3.8,4.5,317,0,0,0,0.3,1,1.9,933.9,81,2,258.7,343,933.9
2026-09-22T08:20:00+08:00,2026-09-22 08:20:00,24,24.6,1.4,2.2,4.5,6,0,0,0,0.3,1,1.9,934,81,2,283.4,19,934
2026-09-22T08:15:00+08:00,2026-09-22 08:15:00,23.3,23.9,1.5,3.7,4.5,9,0,0,0,0.3,1,1.9,933.8,84,2,251.7,0,933.8
2026-09-22T08:10:00+08:00,2026-09-22 08:10:00,23.9,24.4,1.2,1.9,4.5,2,0,0,0,0.3,1,1.9,934,81,1,188.9,357,934
2026-09-22T08:05:00+08:00,2026-09-22 08:05:00,23.6,24.2,1.6,2.6,4.5,357,0,0,0,0.3,1,1.9,933.9,82,1,205.4,354,933.9
2026-09-22T08:00:00+08:00,2026-09-22 08:00:00,23.8,24.3,1.2,1.8,4.5,349,0,0,0,0.3,1,1.9,933.9,81,1,163.4,353,933.9
2026-09-22T07:55:00+08:00,2026-09-22 07:55:00,23.8,24.3,0.8,1.5,4.5,315,0,0,0,0.3,1,1.9,933.9,80,1,159.6,353,933.9
2026-09-22T07:50:00+08:00,2026-09-22 07:50:00,23.6,24.1,1,1.4,4.5,346,0,0,0,0.3,1,1.9,933.9,81,2,219.3,355,933.9
2026-09-22T07:45:00+08:00,2026-09-22 07:45:00,23.4,23.9,0,1.6,4.5,20,0,0,0,0.3,1,1.9,934,82,1,181.8,4,934
2026-09-22T07:40:00+08:00,2026-09-22 07:40:00,23.6,24.2,1,1.8,4.5,3,0,0,0,0.3,1,1.9,934,83,1,145.4,356,934
2026-09-22T07:35:00+08:00,2026-09-22 07:35:00,23.2,23.7,1.2,1.7,4.5,341,0,0,0,0.3,1,1.9,933.8,82,1,159.3,345,933.8
2026-09-22T07:30:00+08:00,2026-09-22 07:30:00,23,23.5,1.5,1.5,4.5,356,0,0,0,0.3,1,1.9,933.8,84,0,94.6,356,933.8
2026-09-22T07:25:00+08:00,2026-09-22 07:25:00,23.1,23.6,1.4,1.7,4.5,0,0,0,0,0.3,1,1.9,933.9,83,1,128.7,348,933.9
2026-09-22T07:20:00+08:00,2026-09-22 07:20:00,22.9,23.5,1.2,1.4,4.5,358,0,0,0,0.3,1,1.9,933.7,85,1,117.2,0,933.7
2026-09-22T07:15:00+08:00,2026-09-22 07:15:00,22.6,23.1,1.4,1.5,4.5,5,0,0,0,0.3,1,1.9,933.5,85,0,73.9,354,933.5
2026-09-22T07:10:00+08:00,2026-09-22 07:10:00,22.8,23.3,0.9,1.7,4.5,340,0,0,0,0.3,1,1.9,933.7,85,0,80.1,354,933.7
2026-09-22T07:05:00+08:00,2026-09-22 07:05:00,22.6,23.1,1.5,1.8,4.5,357,0,0,0,0.3,1,1.9,933.5,85,0,73.2,350,933.5
2026-09-22T07:00:00+08:00,2026-09-22 07:00:00,22.5,23,1.2,1.8,4.5,357,0,0,0,0.3,1,1.9,933.2,85,0,84.4,359,933.2
2026-09-22T06:55:00+08:00,2026-09-22 06:55:00,22.4,22.9,1.2,2,4.5,0,0,0,0,0.3,1,1.9,933.2,86,0,81,1,933.2
2026-09-22T06:50:00+08:00,2026-09-22 06:50:00,22.2,22.7,1.3,1.5,4.5,356,0,0,0,0.3,1,1.9,933.2,86,0,64.6,356,933.2
2026-09-22T06:45:00+08:00,2026-09-22 06:45:00,22.1,22.6,1,1.6,4.5,2,0,0,0,0.3,1,1.9,933.2,86,0,56.8,356,933.2
2026-09-22T06:40:00+08:00,2026-09-22 06:40:00,22,22.5,1,1.5,4.5,6,0,0,0,0.3,1,1.9,933.1,86,0,50,4,933.1
2026-09-22T06:35:00+08:00,2026-09-22 06:35:00,22,22.6,1.4,1.8,4.5,0,0,0,0,0.3,1,1.9,933.1,88,0,46.1,1,933.1
2026-09-22T06:30:00+08:00,2026-09-22 06:30:00,21.9,22.5,1.1,2.2,4.5,356,0,0,0,0.3,1,1.9,933,89,0,36.3,3,933
2026-09-22T06:25:00+08:00,2026-09-22 06:25:00,21.8,22.4,1.2,1.6,4.5,8,0,0,0,0.3,1,1.9,933,90,0,29.8,3,933
2026-09-22T06:20:00+08:00,2026-09-22 06:20:00,21.7,22.3,1.5,1.7,4.5,0,0,0,0,0.3,1,1.9,932.8,91,0,23.7,3,932.8
2026-09-22T06:15:00+08:00,2026-09-22 06:15:00,21.7,22.3,3.2,3.2,4.5,310,0,0,0,0.3,1,1.9,932.8,91,0,18.9,343,932.8
2026-09-22T06:10:00+08:00,2026-09-22 06:10:00,21.7,22.3,3.1,3.3,4.5,318,0,0,0,0.3,1,1.9,932.8,91,0,14.2,350,932.8
2026-09-22T06:05:00+08:00,2026-09-22 06:05:00,21.6,22.2,1.8,3,4.5,341,0,0,0,0.3,1,1.9,932.7,92,0,8.5,350,932.7
2026-09-22T06:00:00+08:00,2026-09-22 06:00:00,21.6,22.2,1.7,2.6,4.5,329,0,0,0,0.3,1,1.9,932.8,92,0,4.3,341,932.8
2026-09-22T05:55:00+08:00,2026-09-22 05:55:00,21.6,22.2,1.2,2.4,4.5,351,0,0,0,0.3,1,1.9,932.8,92,0,3,341,932.8
2026-09-22T05:50:00+08:00,2026-09-22 05:50:00,21.5,22.1,1.5,2.5,4.5,347,0,0,0,0.3,1,1.9,932.6,92,0,2.1,351,932.6
2026-09-22T05:45:00+08:00,2026-09-22 05:45:00,21.5,22.1,1.5,1.6,4.5,2,0,0,0,0.3,1,1.9,932.5,93,0,1.3,359,932.5
2026-09-22T05:40:00+08:00,2026-09-22 05:40:00,21.5,22.1,1.3,1.9,4.5,343,0,0,0,0.3,1,1.9,932.6,93,0,0.3,0,932.6
2026-09-22T05:35:00+08:00,2026-09-22 05:35:00,21.5,22.2,1,2.1,4.5,344,0,0,0,0.3,1,1.9,932.4,94,0,0.1,352,932.4
2026-09-22T05:30:00+08:00,2026-09-22 05:30:00,21.5,22.2,1.6,2,4.5,11,0,0,0,0.3,1,1.9,932.5,94,0,0,342,932.5
2026-09-22T05:25:00+08:00,2026-09-22 05:25:00,21.5,22.2,1.4,1.8,4.5,348,0,0,0,0.3,1,1.9,932.4,94,0,0,0,932.4
2026-09-22T05:20:00+08:00,2026-09-22 05:20:00,21.4,22,1.1,1.7,4.5,10,0,0,0,0.3,1,1.9,932.3,93,0,0,359,932.3
2026-09-22T05:15:00+08:00,2026-09-22 05:15:00,21.5,22.2,1.2,2,4.5,14,0,0,0,0.3,1,1.9,932.2,94,0,0,19,932.2
2026-09-22T05:10:00+08:00,2026-09-22 05:10:00,21.4,22,1.1,1.9,4.5,4,0,0,0,0.3,1,1.9,932,94,0,0,0,932
2026-09-22T05:05:00+08:00,2026-09-22 05:05:00,21.4,22,1.1,1.5,4.5,3,0,0,0,0.3,1,1.9,932.2,94,0,0,355,932.2
2026-09-22T05:00:00+08:00,2026-09-22 05:00:00,21.4,22,0.6,1.6,4.5,354,0,0,0,0.3,1,1.9,932.1,94,0,0,356,932.1
2026-09-22T04:55:00+08:00,2026-09-22 04:55:00,21.4,22,1.2,1.6,4.5,357,0,0,0,0.3,1,1.9,932,94,0,0,349,932
2026-09-22T04:50:00+08:00,2026-09-22 04:50:00,21.4,22,1.3,1.5,4.5,357,0,0,0,0.3,1,1.9,931.9,94,0,0,357,931.9
2026-09-22T04:45:00+08:00,2026-09-22 04:45:00,21.4,22,1.3,1.5,4.5,12,0,0,0,0.3,1,1.9,932,94,0,0,6,932
2026-09-22T04:40:00+08:00,2026-09-22 04:40:00,21.3,21.9,1.4,1.4,4.5,355,0,0,0,0.3,1,1.9,931.9,94,0,0,29,931.9
2026-09-22T04:35:00+08:00,2026-09-22 04:35:00,21.3,21.9,1.8,2.4,4.5,24,0,0,0,0.3,1,1.9,932,94,0,0,32,932
2026-09-22T04:30:00+08:00,2026-09-22 04:30:00,21.2,21.9,1.8,2.4,4.5,18,0,0,0,0.3,1,1.9,932,94,0,0,38,932
2026-09-22T04:25:00+08:00,2026-09-22 04:25:00,21.3,21.9,2.5,3,4.5,45,0,0,0,0.3,1,1.9,931.9,94,0,0,30,931.9
2026-09-22T04:20:00+08:00,2026-09-22 04:20:00,21.3,21.9,2.4,2.9,4.5,36,0,0,0,0.3,1,1.9,931.9,94,0,0,43,931.9
2026-09-22T04:15:00+08:00,2026-09-22 04:15:00,21.3,21.9,3.1,3.3,4.5,50,0,0,0,0.3,1,1.9,931.9,94,0,0,45,931.9
2026-09-22T04:10:00+08:00,2026-09-22 04:10:00,21.4,22,2.5,3.4,4.5,50,0,0,0,0.3,1,1.9,931.9,94,0,0,48,931.9
2026-09-22T04:05:00+08:00,2026-09-22 04:05:00,21.5,22.2,2.9,3.3,4.5,59,0,0,0,0.3,1,1.9,931.7,94,0,0,46,931.7
2026-09-22T04:00:00+08:00,2026-09-22 04:00:00,21.4,22,2.2,2.6,4.5,41,0,0,0,0.3,1,1.9,931.8,94,0,0,38,931.8
2026-09-22T03:56:00+08:00,2026-09-22 03:56:00,21.4,22,2.4,2.7,4.5,47,0,0,0,0.3,1,1.9,931.9,94,0,0,23,931.9
2026-09-22T03:50:00+08:00,2026-09-22 03:50:00,21.4,22,1.6,2,4.5,52,0,0,0,0.3,1,1.9,932,94,0,0,20,932
2026-09-22T03:45:00+08:00,2026-09-22 03:45:00,21.4,22,1.5,2.3,4.5,23,0,0,0,0.3,1,1.9,931.8,94,0,0,25,931.8
2026-09-22T03:40:00+08:00,2026-09-22 03:40:00,21.4,22,1.6,2.3,4.5,30,0,0,0,0.3,1,1.9,931.8,94,0,0,41,931.8
2026-09-22T03:35:00+08:00,2026-09-22 03:35:00,21.4,22,2,2.6,4.5,21,0,0,0,0.3,1,1.9,931.6,94,0,0,45,931.6
2026-09-22T03:30:00+08:00,2026-09-22 03:30:00,21.3,21.9,2.5,2.6,4.5,49,0,0,0,0.3,1,1.9,931.6,94,0,0,45,931.6
2026-09-22T03:25:00+08:00,2026-09-22 03:25:00,21.3,21.9,2.2,2.4,4.5,44,0,0,0,0.3,1,1.9,931.8,94,0,0,32,931.8
2026-09-22T03:20:00+08:00,2026-09-22 03:20:00,21.4,22,1.6,2.6,4.5,0,0,0,0,0.3,1,1.9,931.7,93,0,0,26,931.7
2026-09-22T03:15:00+08:00,2026-09-22 03:15:00,21.3,21.9,1.9,2.1,4.5,27,0,0,0,0.3,1,1.9,931.7,93,0,0,42,931.7
2026-09-22T03:10:00+08:00,2026-09-22 03:10:00,21.4,22,2.1,3,4.5,48,0,0,0,0.3,1,1.9,931.8,93,0,0,41,931.8
2026-09-22T03:05:00+08:00,2026-09-22 03:05:00,21.3,21.9,1.4,2.1,4.5,27,0,0,0,0.3,1,1.9,931.8,93,0,0,40,931.8
2026-09-22T03:00:00+08:00,2026-09-22 03:00:00,21.3,21.9,2.2,2.7,4.5,33,0,0,0,0.3,1,1.9,932,93,0,0,40,932
2026-09-22T02:55:00+08:00,2026-09-22 02:55:00,21.3,21.9,2.4,2.7,4.5,53,0,0,0,0.3,1,1.9,931.9,93,0,0,8,931.9
2026-09-22T02:50:00+08:00,2026-09-22 02:50:00,21.3,21.9,1.6,1.7,4.5,24,0,0,0,0.3,1,1.9,931.7,93,0,0,7,931.7
2026-09-22T02:45:00+08:00,2026-09-22 02:45:00,21.3,21.9,2,2.6,4.5,15,0,0,0,0.3,1,1.9,932.1,93,0,0,32,932.1
2026-09-22T02:40:00+08:00,2026-09-22 02:40:00,21.3,21.9,2.4,2.4,4.5,27,0,0,0,0.3,1,1.9,931.8,93,0,0,26,931.8
2026-09-22T02:35:00+08:00,2026-09-22 02:35:00,21.2,21.8,2,2.6,4.5,25,0,0,0,0.3,1,1.9,931.9,93,0,0,9,931.9
2026-09-22T02:30:00+08:00,2026-09-22 02:30:00,21.2,21.9,2.1,2.6,4.5,11,0,0,0,0.3,1,1.9,932,94,0,0,13,932
2026-09-22T02:25:00+08:00,2026-09-22 02:25:00,21.2,21.9,1.9,2.6,4.5,19,0,0,0,0.3,1,1.9,932.1,94,0,0,15,932.1
2026-09-22T02:20:00+08:00,2026-09-22 02:20:00,21.1,21.7,2,2.3,4.5,10,0,0,0,0.3,1,1.9,931.9,94,0,0,11,931.9
2026-09-22T02:15:00+08:00,2026-09-22 02:15:00,21.2,21.8,2.3,2.7,4.5,31,0,0,0,0.3,1,1.9,932.1,93,0,0,43,932.1
2026-09-22T02:10:00+08:00,2026-09-22 02:10:00,21.2,21.9,2.9,3,4.5,47,0,0,0,0.3,1,1.9,931.9,94,0,0,40,931.9
2026-09-22T02:05:00+08:00,2026-09-22 02:05:00,21.3,21.9,2.3,3,4.5,40,0,0,0,0.3,1,1.9,932,93,0,0,39,932
2026-09-22T02:00:00+08:00,2026-09-22 02:00:00,21.4,22,2.2,3.5,4.5,36,0,0,0,0.3,1,1.9,932,93,0,0,58,932
2026-09-22T01:55:00+08:00,2026-09-22 01:55:00,21.5,22.2,2.4,3.1,4.5,71,0,0,0,0.3,1,1.9,932.1,94,0,0,52,932.1
2026-09-22T01:50:00+08:00,2026-09-22 01:50:00,21.5,22.1,2.4,3.4,4.5,43,0,0,0,0.3,1,1.9,932.2,93,0,0,53,932.2
2026-09-22T01:45:00+08:00,2026-09-22 01:45:00,21.5,22.1,1.7,2.5,4.5,51,0,0,0,0.3,1,1.9,932,93,0,0,51,932
2026-09-22T01:40:00+08:00,2026-09-22 01:40:00,21.5,22.1,2.3,2.8,4.5,50,0,0,0,0.3,1,1.9,932.1,93,0,0,27,932.1
2026-09-22T01:35:00+08:00,2026-09-22 01:35:00,21.6,22.3,2.3,2.8,4.5,63,0,0,0,0.3,1,1.9,932.2,93,0,0,30,932.2
2026-09-22T01:30:00+08:00,2026-09-22 01:30:00,21.5,22.1,2.4,3,4.5,37,0,0,0,0.3,1,1.9,932.3,92,0,0,53,932.3
2026-09-22T01:25:00+08:00,2026-09-22 01:25:00,21.6,22.2,2.1,2.8,4.5,47,0,0,0,0.3,1,1.9,932.3,92,0,0,52,932.3
2026-09-22T01:20:00+08:00,2026-09-22 01:20:00,21.7,22.4,2.2,3.7,4.5,46,0,0,0,0.3,1,1.9,932.3,92,0,0,62,932.3
2026-09-22T01:15:00+08:00,2026-09-22 01:15:00,21.7,22.3,3.5,3.7,4.5,67,0,0,0,0.3,1,1.9,932.2,91,0,0,67,932.2
2026-09-22T01:10:00+08:00,2026-09-22 01:10:00,21.7,22.3,3.8,4.5,4.5,76,0,0,0,0.3,1,1.9,932.2,91,0,0,64,932.2
2026-09-22T01:05:00+08:00,2026-09-22 01:05:00,21.8,22.4,2.9,3.4,4.3,59,0,0,0,0.3,1,1.9,932.2,91,0,0,62,932.2
2026-09-22T01:00:00+08:00,2026-09-22 01:00:00,21.9,22.5,2.4,3.7,3.7,46,0,0,0,0.3,1,1.9,932.4,91,0,0,62,932.4
2026-09-22T00:55:00+08:00,2026-09-22 00:55:00,21.8,22.4,2.2,2.9,3.7,50,0,0,0,0.3,1,1.9,932.4,90,0,0,54,932.4
2026-09-22T00:50:00+08:00,2026-09-22 00:50:00,21.7,22.3,2.7,3.1,3.7,57,0,0,0,0.3,1,1.9,932.5,91,0,0,49,932.5
2026-09-22T00:45:00+08:00,2026-09-22 00:45:00,21.6,22.2,2.4,2.9,3.7,52,0,0,0,0.3,1,1.9,932.6,92,0,0,35,932.6
2026-09-22T00:40:00+08:00,2026-09-22 00:40:00,21.7,22.4,2.1,2.7,3.7,34,0,0,0,0.3,1,1.9,932.4,92,0,0,15,932.4
2026-09-22T00:35:00+08:00,2026-09-22 00:35:00,21.6,22.2,2.1,2.7,3.7,31,0,0,0,0.3,1,1.9,932.6,92,0,0,55,932.6
2026-09-22T00:30:00+08:00,2026-09-22 00:30:00,21.8,22.4,2.7,3,3.7,43,0,0,0,0.3,1,1.9,932.8,91,0,0,55,932.8
2026-09-22T00:25:00+08:00,2026-09-22 00:25:00,21.9,22.5,3.2,3.5,3.5,57,0,0,0,0.3,1,1.9,932.8,91,0,0,31,932.8
2026-09-22T00:20:00+08:00,2026-09-22 00:20:00,21.8,22.4,2.8,3.4,3.4,58,0,0,0,0.3,1,1.9,932.6,91,0,0,56,932.6
2026-09-22T00:15:00+08:00,2026-09-22 00:15:00,21.8,22.4,1.9,2.7,3.2,24,0,0,0,0.3,1,1.9,932.7,91,0,0,50,932.7
2026-09-22T00:10:00+08:00,2026-09-22 00:10:00,21.8,22.4,2.2,2.8,2.8,50,0,0,0,0.3,1,1.9,932.7,91,0,0,41,932.7
2026-09-22T00:05:00+08:00,2026-09-22 00:05:00,21.7,22.4,2,2.1,2.1,62,0,0,0,0.3,1,1.9,932.7,92,0,0,27,932.7
2026-09-22T00:00:00+08:00,2026-09-22 00:00:00,21.7,22.4,1.7,2.1,2.1,26,0,0,0,0.3,1,1.9,932.8,92,0,0,50,932.8
2026-09-21T23:55:00+08:00,2026-09-21 23:55:00,21.7,22.4,2.8,2.8,10,53,0,0,0.3,0.3,1,1.9,932.7,92,0,0,47,932.7
2026-09-21T23:50:00+08:00,2026-09-21 23:50:00,21.7,22.4,1.7,2.9,10,50,0,0,0.3,0.3,1,1.9,933,92,0,0,48,933
2026-09-21T23:45:00+08:00,2026-09-21 23:45:00,21.7,22.4,2.1,3.7,10,28,0,0,0.3,0.3,1,1.9,932.9,92,0,0,48,932.9
2026-09-21T23:40:00+08:00,2026-09-21 23:40:00,21.8,22.4,2.4,4,10,47,0,0,0.3,0.3,1,1.9,932.9,92,0,0,61,932.9
2026-09-21T23:35:00+08:00,2026-09-21 23:35:00,21.7,22.4,3.2,3.5,10,76,0,0,0.3,0.3,1,1.9,933.1,92,0,0,60,933.1
2026-09-21T23:30:00+08:00,2026-09-21 23:30:00,21.7,22.4,3.5,3.8,10,46,0,0,0.3,0.3,1,1.9,933,93,0,0,52,933
2026-09-21T23:25:00+08:00,2026-09-21 23:25:00,21.8,22.4,3.4,3.7,10,60,0,0,0.3,0.3,1,1.9,933.1,92,0,0,56,933.1
2026-09-21T23:20:00+08:00,2026-09-21 23:20:00,21.9,22.5,2.9,3.8,10,59,0,0,0.3,0.3,1,1.9,933.1,91,0,0,67,933.1
2026-09-21T23:15:00+08:00,2026-09-21 23:15:00,21.9,22.5,3.6,4.3,10,68,0,0,0.3,0.3,1,1.9,933,91,0,0,58,933
2026-09-21T23:10:00+08:00,2026-09-21 23:10:00,21.8,22.4,3.3,4.9,10,66,0,0,0.3,0.3,1,1.9,933,91,0,0,63,933
2026-09-21T23:05:00+08:00,2026-09-21 23:05:00,21.8,22.4,2.9,3.6,10,67,0,0,0.3,0.3,1,1.9,933.1,91,0,0,64,933.1
2026-09-21T23:00:00+08:00,2026-09-21 23:00:00,21.9,22.5,3.6,4.5,10,68,0,0,0.3,0.3,1,1.9,933,91,0,0,64,933
2026-09-21T22:55:00+08:00,2026-09-21 22:55:00,21.9,22.5,3.1,3.5,10,45,0,0,0.3,0.3,1,1.9,933.1,91,0,0,61,933.1
2026-09-21T22:50:00+08:00,2026-09-21 22:50:00,21.9,22.5,3,3.5,10,63,0,0,0.3,0.3,1,1.9,933.2,91,0,0,60,933.2
2026-09-21T22:45:00+08:00,2026-09-21 22:45:00,21.9,22.5,2.7,3.6,10,66,0,0,0.3,0.3,1,1.9,933.3,91,0,0,56,933.3
2026-09-21T22:40:00+08:00,2026-09-21 22:40:00,21.9,22.5,2,3.8,10,32,0,0,0.3,0.3,1,1.9,933.2,92,0,0,57,933.2
2026-09-21T22:35:00+08:00,2026-09-21 22:35:00,21.8,22.4,2.6,3.1,10,36,0,0,0.3,0.3,1,1.9,933.3,93,0,0,35,933.3
2026-09-21T22:30:00+08:00,2026-09-21 22:30:00,21.7,22.4,2.4,2.7,10,30,0,0,0.3,0.3,1,1.9,933.3,93,0,0,35,933.3
2026-09-21T22:25:00+08:00,2026-09-21 22:25:00,21.8,22.4,2.7,3,10,51,0,0,0.3,0.3,1,1.9,933.1,93,0,0,51,933.1
2026-09-21T22:20:00+08:00,2026-09-21 22:20:00,21.9,22.6,2.9,3.6,10,42,0,0,0.3,0.3,1,1.9,932.9,93,0,0,44,932.9
2026-09-21T22:15:00+08:00,2026-09-21 22:15:00,21.8,22.4,2.9,3.4,10,38,0,0,0.3,0.3,1,1.9,933,93,0,0,62,933
2026-09-21T22:10:00+08:00,2026-09-21 22:10:00,21.9,22.6,3.1,4.5,10,71,0,0,0.3,0.3,1,1.9,933.1,93,0,0,62,933.1
2026-09-21T22:05:00+08:00,2026-09-21 22:05:00,22,22.7,2.7,3.5,10,38,0,0,0.3,0.3,1,1.9,933.2,93,0,0,60,933.2
2026-09-21T22:00:00+08:00,2026-09-21 22:00:00,22.1,22.8,3.4,3.8,10,64,0,0,0.3,0.3,1,1.9,932.9,92,0,0,64,932.9
2026-09-21T21:55:00+08:00,2026-09-21 21:55:00,22,22.7,2.7,3,10,66,0,0,0.3,0.3,1,1.9,933,92,0,0,66,933
2026-09-21T21:50:00+08:00,2026-09-21 21:50:00,22.1,22.8,3.2,4.2,10,52,0,0,0.3,0.3,1,1.9,933.1,92,0,0,62,933.1
2026-09-21T21:45:00+08:00,2026-09-21 21:45:00,22,22.7,4,4.5,10,72,0,0,0.3,0.3,1,1.9,933,92,0,0,56,933
2026-09-21T21:40:00+08:00,2026-09-21 21:40:00,21.8,22.4,3.4,4,10,57,0,0,0.3,0.3,1,1.9,933,93,0,0,48,933
2026-09-21T21:35:00+08:00,2026-09-21 21:35:00,21.8,22.5,3.1,3.6,10,44,0,0,0.3,0.3,1,1.9,933,94,0,0,47,933
2026-09-21T21:30:00+08:00,2026-09-21 21:30:00,21.8,22.5,3.5,4,10,51,0,0,0.3,0.3,1,1.9,932.9,94,0,0,51,932.9
2026-09-21T21:25:00+08:00,2026-09-21 21:25:00,21.8,22.5,3.2,4.2,10,27,0,0,0.3,0.3,1,1.9,933,94,0,0,54,933
2026-09-21T21:20:00+08:00,2026-09-21 21:20:00,21.8,22.5,3.5,4.1,10,52,0,0,0.3,0.3,1,1.9,932.8,94,0,0,45,932.8
2026-09-21T21:15:00+08:00,2026-09-21 21:15:00,21.9,22.6,2.9,3.4,10,55,0,0,0.3,0.3,1,1.9,933,95,0,0,45,933
2026-09-21T21:10:00+08:00,2026-09-21 21:10:00,21.9,22.6,3.3,3.9,10,46,0,0,0.3,0.3,1,1.9,932.8,94,0,0,54,932.8
2026-09-21T21:05:00+08:00,2026-09-21 21:05:00,22,22.7,3.4,3.9,10,58,0,0,0.3,0.3,1,1.9,932.9,94,0,0,58,932.9
2026-09-21T21:00:00+08:00,2026-09-21 21:00:00,22,22.7,2.8,3.8,10,65,0,0,0.3,0.3,1,1.9,932.7,94,0,0,56,932.7
2026-09-21T20:55:00+08:00,2026-09-21 20:55:00,22.1,22.8,3.3,4.4,10,67,0,0,0.3,0.3,1,1.9,932.7,94,0,0,67,932.7
2026-09-21T20:51:00+08:00,2026-09-21 20:51:00,22.1,22.8,3.7,4.5,10,71,0,0,0.3,0.3,1,1.9,932.6,94,0,0,67,932.6
2026-09-21T20:45:00+08:00,2026-09-21 20:45:00,22.2,23,3.4,4.7,10,65,0,0,0.3,0.3,1,1.9,932.6,94,0,0,65,932.6
2026-09-21T20:40:00+08:00,2026-09-21 20:40:00,22.2,23,4.1,4.9,10,70,0,0,0.3,0.3,1,1.9,932.5,94,0,0,63,932.5
2026-09-21T20:35:00+08:00,2026-09-21 20:35:00,22.3,23,3.3,4.4,10,60,0,0,0.3,0.3,1,1.9,932.5,93,0,0,63,932.5
2026-09-21T20:30:00+08:00,2026-09-21 20:30:00,22.4,23.1,4.1,4.9,10,63,0,0,0.3,0.3,1,1.9,932.4,92,0,0,55,932.4
2026-09-21T20:25:00+08:00,2026-09-21 20:25:00,22.4,23.1,3.8,4.2,10,74,0,0,0.3,0.3,1,1.9,932.2,92,0,0,67,932.2
2026-09-21T20:20:00+08:00,2026-09-21 20:20:00,22.4,23.1,3.3,3.9,10,58,0,0,0.3,0.3,1,1.9,932.3,91,0,0,55,932.3
2026-09-21T20:15:00+08:00,2026-09-21 20:15:00,22.4,23.1,2.1,4.1,10,28,0,0,0.3,0.3,1,1.9,932.5,91,0,0,64,932.5
2026-09-21T20:10:00+08:00,2026-09-21 20:10:00,22.5,23.2,2.7,4.2,10,61,0,0,0.3,0.3,1,1.9,932.3,91,0,0,68,932.3
2026-09-21T20:05:00+08:00,2026-09-21 20:05:00,22.6,23.3,4.2,4.7,10,78,0,0,0.3,0.3,1,1.9,932.3,91,0,0,66,932.3
2026-09-21T20:00:00+08:00,2026-09-21 20:00:00,22.4,23.1,3.5,4.8,10,74,0,0,0.3,0.3,1,1.9,932.1,92,0,0,64,932.1
2026-09-21T19:55:00+08:00,2026-09-21 19:55:00,22.6,23.3,3.6,5.1,10,69,0,0,0.3,0.3,1,1.9,932.3,91,0,0,63,932.3
2026-09-21T19:51:00+08:00,2026-09-21 19:51:00,22.5,23.2,4.9,6.1,10,75,0,0,0.3,0.3,1,1.9,932,91,0,0,65,932
2026-09-21T19:45:00+08:00,2026-09-21 19:45:00,22.5,23.2,4.1,4.6,10,59,0,0,0.3,0.3,1,1.9,932.1,91,0,0,69,932.1
2026-09-21T19:40:00+08:00,2026-09-21 19:40:00,22.5,23.2,4,5.4,10,64,0,0,0.3,0.3,1,1.9,931.8,91,0,0,64,931.8
2026-09-21T19:35:00+08:00,2026-09-21 19:35:00,22.4,23.1,4,6.3,10,67,0,0,0.3,0.3,1,1.9,931.7,92,0,0,73,931.7
2026-09-21T19:30:00+08:00,2026-09-21 19:30:00,22.4,23.1,4.9,6.5,10,75,0,0,0.3,0.3,1,1.9,931.7,91,0,0,69,931.7
2026-09-21T19:25:00+08:00,2026-09-21 19:25:00,22.5,23.2,4,5,10,57,0,0,0.3,0.3,1,1.9,931.6,90,0,0,68,931.6
2026-09-21T19:20:00+08:00,2026-09-21 19:20:00,22.5,23.2,3.3,5.3,10,74,0,0,0.3,0.3,1,1.9,931.4,90,0,0,74,931.4
2026-09-21T19:15:00+08:00,2026-09-21 19:15:00,22.7,23.4,3.8,5.4,10,75,0,0,0.3,0.3,1,1.9,931.5,89,0,0,68,931.5
2026-09-21T19:10:00+08:00,2026-09-21 19:10:00,22.7,23.3,3.8,4.4,10,70,0,0,0.3,0.3,1,1.9,931.5,88,0,0,72,931.5
2026-09-21T19:05:00+08:00,2026-09-21 19:05:00,23,23.6,3.4,4.3,10,76,0,0,0.3,0.3,1,1.9,931.5,87,0,0,69,931.5
2026-09-21T19:00:00+08:00,2026-09-21 19:00:00,22.8,23.4,4.6,5.1,10,73,0,0,0.3,0.3,1,1.9,931.3,88,0,0,64,931.3
2026-09-21T18:55:00+08:00,2026-09-21 18:55:00,22.7,23.3,4.7,5.9,10,73,0,0,0.3,0.3,1,1.9,931.2,88,0,0,67,931.2
2026-09-21T18:50:00+08:00,2026-09-21 18:50:00,22.7,23.3,5.3,6.7,10,61,0,0,0.3,0.3,1,1.9,931.1,88,0,0,74,931.1
2026-09-21T18:45:00+08:00,2026-09-21 18:45:00,22.8,23.4,3.8,6.6,10,82,0,0,0.3,0.3,1,1.9,931,88,0,0,72,931
2026-09-21T18:40:00+08:00,2026-09-21 18:40:00,22.8,23.4,4.2,5.4,10,61,0,0,0.3,0.3,1,1.9,930.8,89,0,0,70,930.8
2026-09-21T18:35:00+08:00,2026-09-21 18:35:00,22.9,23.5,4.2,6.3,10,77,0,0,0.3,0.3,1,1.9,930.7,88,0,0,74,930.7
2026-09-21T18:30:00+08:00,2026-09-21 18:30:00,23,23.7,5.4,6.6,10,69,0,0,0.3,0.3,1,1.9,930.8,88,0,0,76,930.8
2026-09-21T18:25:00+08:00,2026-09-21 18:25:00,23,23.7,5.8,5.8,10,86,0,0,0.3,0.3,1,1.9,930.7,88,0,0,72,930.7
2026-09-21T18:20:00+08:00,2026-09-21 18:20:00,23.1,23.7,5.6,6.7,10,74,0,0,0.3,0.3,1,1.9,930.5,87,0,0,79,930.5
2026-09-21T18:15:00+08:00,2026-09-21 18:15:00,23.3,23.9,5.6,5.9,10,72,0,0,0.3,0.3,1,1.9,930.5,86,0,0,70,930.5
2026-09-21T18:10:00+08:00,2026-09-21 18:10:00,23.4,24,3.5,5.2,10,54,0,0,0.3,0.3,1,1.9,930.5,86,0,0,77,930.5
2026-09-21T18:05:00+08:00,2026-09-21 18:05:00,23.6,24.2,4,5,10,70,0,0,0.3,0.3,1,1.9,930.2,85,0,0.1,72,930.2
2026-09-21T18:00:00+08:00,2026-09-21 18:00:00,23.6,24.2,4.2,6.2,10,69,0,0,0.3,0.3,1,1.9,930.2,85,0,0.5,69,930.2
2026-09-21T17:55:00+08:00,2026-09-21 17:55:00,23.5,24.1,4.2,5.6,10,62,0,0,0.3,0.3,1,1.9,930.2,85,0,1.7,69,930.2
2026-09-21T17:50:00+08:00,2026-09-21 17:50:00,23.8,24.4,4.1,4.7,10,60,0,0,0.3,0.3,1,1.9,930.1,84,0,3.4,71,930.1
2026-09-21T17:45:00+08:00,2026-09-21 17:45:00,23.8,24.4,4.5,5.8,10,70,0,0,0.3,0.3,1,1.9,929.9,84,0,5.5,75,929.9
2026-09-21T17:40:00+08:00,2026-09-21 17:40:00,23.9,24.5,5.3,6,10,78,0,0,0.3,0.3,1,1.9,930,84,0,9.4,72,930
2026-09-21T17:35:00+08:00,2026-09-21 17:35:00,23.9,24.5,4.9,6.1,10,72,0,0,0.3,0.3,1,1.9,929.7,84,0,13.9,76,929.7
2026-09-21T17:30:00+08:00,2026-09-21 17:30:00,24.1,24.7,5.8,6.8,10,66,0,0,0.3,0.3,1,1.9,929.6,82,0,16.8,76,929.6
2026-09-21T17:25:00+08:00,2026-09-21 17:25:00,24.1,24.7,4.8,6.7,10,74,0,0,0.3,0.3,1,1.9,929.6,83,0,21.5,69,929.6
2026-09-21T17:20:00+08:00,2026-09-21 17:20:00,24.1,24.7,4.3,5.8,10,51,0,0,0.3,0.3,1,1.9,929.7,82,0,35,64,929.7
2026-09-21T17:15:00+08:00,2026-09-21 17:15:00,24.3,24.9,5.1,6.2,10,71,0,0,0.3,0.3,1,1.9,929.5,82,0,43.9,77,929.5
2026-09-21T17:10:00+08:00,2026-09-21 17:10:00,24.6,25.2,3.9,7.2,10,74,0,0,0.3,0.3,1,1.9,929.4,80,0,54.1,74,929.4
2026-09-21T17:05:00+08:00,2026-09-21 17:05:00,24.6,25.2,4.7,7.5,10,74,0,0,0.3,0.3,1,1.9,929.3,80,0,66.9,74,929.3
2026-09-21T17:00:00+08:00,2026-09-21 17:00:00,24.9,25.5,5.7,7.5,10,81,0,0,0.3,0.3,1,1.9,929.4,79,0,80,77,929.4
2026-09-21T16:55:00+08:00,2026-09-21 16:55:00,24.7,25.3,5.3,7.5,10,74,0,0,0.3,0.3,1,1.9,929,79,0,87.7,70,929
2026-09-21T16:50:00+08:00,2026-09-21 16:50:00,25,25.6,4.7,7.5,10,77,0,0,0.3,0.3,1,1.9,929,78,0,102.5,77,929
2026-09-21T16:45:00+08:00,2026-09-21 16:45:00,25.1,25.7,5.3,6.5,10,73,0,0,0.3,0.3,1,1.9,929.1,78,1,125.2,77,929.1
2026-09-21T16:40:00+08:00,2026-09-21 16:40:00,25.1,25.7,5.2,7.3,10,65,0,0,0.3,0.3,1,1.9,929,79,1,133.5,77,929
2026-09-21T16:35:00+08:00,2026-09-21 16:35:00,25.3,25.9,4.4,9.4,10,73,0,0,0.3,0.3,1,1.9,928.8,77,1,143.6,80,928.8
2026-09-21T16:30:00+08:00,2026-09-21 16:30:00,25.4,26,6.9,8.1,10,84,0,0,0.3,0.3,1,1.9,928.9,76,1,162.2,76,928.9
2026-09-21T16:25:00+08:00,2026-09-21 16:25:00,25.6,26.2,5.9,8.3,10,83,0,0,0.3,0.3,1,1.9,928.7,77,1,182.5,78,928.7
2026-09-21T16:20:00+08:00,2026-09-21 16:20:00,25.8,26.4,6.6,8.5,10,83,0,0,0.3,0.3,1,1.9,928.6,76,1,210.2,78,928.6
2026-09-21T16:15:00+08:00,2026-09-21 16:15:00,26.2,26.9,6.6,8.1,10,79,0,0,0.3,0.3,1,1.9,928.8,75,2,231.7,81,928.8
2026-09-21T16:10:00+08:00,2026-09-21 16:10:00,26.4,27,5.6,7.6,10,87,0,0,0.3,0.3,1,1.9,928.7,74,2,257.4,91,928.7
2026-09-21T16:05:00+08:00,2026-09-21 16:05:00,26.5,27.1,5.5,8.4,9.7,75,0,0,0.3,0.3,1,1.9,928.8,73,2,276.2,81,928.8
2026-09-21T16:00:00+08:00,2026-09-21 16:00:00,26.5,27.1,6.4,8.6,9.7,81,0,0,0.3,0.3,1,1.9,928.7,74,1,196.2,81,928.7
2026-09-21T15:55:00+08:00,2026-09-21 15:55:00,26.6,27.3,7.1,9.3,9.7,81,0,0,0.3,0.3,1,1.9,928.9,74,2,316.8,77,928.9
2026-09-21T15:50:00+08:00,2026-09-21 15:50:00,26.6,27.3,7.5,9.5,9.7,78,0,0,0.3,0.3,1,1.9,928.5,74,3,326.7,84,928.5
2026-09-21T15:45:00+08:00,2026-09-21 15:45:00,26.5,27.1,6.7,9.3,9.4,80,0,0,0.3,0.3,1,1.9,928.4,74,3,351.6,84,928.4
2026-09-21T15:40:00+08:00,2026-09-21 15:40:00,27,28.9,5.5,9.1,9.4,84,0,0,0.3,0.3,1,1.9,928.4,71,3,381.8,82,928.4
2026-09-21T15:35:00+08:00,2026-09-21 15:35:00,27.3,29.3,4.9,8.1,9.4,95,0,0,0.3,0.3,1,1.9,928.4,70,3,393.4,83,928.4
2026-09-21T15:30:00+08:00,2026-09-21 15:30:00,27.4,29.4,5.7,9,9.4,81,0,0,0.3,0.3,1,1.9,928.5,69,3,429.8,77,928.5
2026-09-21T15:25:00+08:00,2026-09-21 15:25:00,27.4,29.4,5.4,8.9,9.4,87,0,0,0.3,0.3,1,1.9,928.6,69,4,446.7,84,928.6
2026-09-21T15:20:00+08:00,2026-09-21 15:20:00,28.1,30.3,6.4,7.7,9.4,80,0,0,0.3,0.3,1,1.9,928.5,66,4,477.4,86,928.5
2026-09-21T15:15:00+08:00,2026-09-21 15:15:00,27.5,29.5,4,8.3,9.4,78,0,0,0.3,0.3,1,1.9,928.7,68,4,485.8,80,928.7
2026-09-21T15:10:00+08:00,2026-09-21 15:10:00,27.8,29.9,6,7.4,9.4,74,0,0,0.3,0.3,1,1.9,928.6,67,4,501.1,74,928.6
2026-09-21T15:05:00+08:00,2026-09-21 15:05:00,27.6,29.6,5.5,6.8,9.4,81,0,0,0.3,0.3,1,1.9,928.5,67,4,533.3,77,928.5
2026-09-21T15:00:00+08:00,2026-09-21 15:00:00,28,30.2,5.2,6.4,9.4,85,0,0,0.3,0.3,1,1.9,928.7,66,4,519.6,87,928.7
2026-09-21T14:55:00+08:00,2026-09-21 14:55:00,27.9,30,5.3,7.7,9.4,74,0,0,0.3,0.3,1,1.9,928.7,66,5,557.7,88,928.7
2026-09-21T14:50:00+08:00,2026-09-21 14:50:00,27.5,29.5,3.6,7.9,9.4,85,0,0,0.3,0.3,1,1.9,928.7,68,5,569.3,89,928.7
2026-09-21T14:45:00+08:00,2026-09-21 14:45:00,27.7,29.9,5.8,8.4,9.4,93,0,0,0.3,0.3,1,1.9,928.8,68,5,586.8,87,928.8
2026-09-21T14:40:00+08:00,2026-09-21 14:40:00,27.3,29.2,4.6,7.6,9.4,70,0,0,0.3,0.3,1,1.9,928.8,69,5,619.2,81,928.8
2026-09-21T14:35:00+08:00,2026-09-21 14:35:00,27.8,30,6.2,7.8,9.4,87,0,0,0.3,0.3,1,1.9,929,68,5,562.4,79,929
2026-09-21T14:30:00+08:00,2026-09-21 14:30:00,27.9,30.1,6.1,8.2,9.4,83,0,0,0.3,0.3,1,1.9,928.9,67,5,638.5,83,928.9
2026-09-21T14:25:00+08:00,2026-09-21 14:25:00,27.5,29.5,5.2,8.7,9.4,95,0,0,0.3,0.3,1,1.9,929,68,6,662,79,929
2026-09-21T14:20:00+08:00,2026-09-21 14:20:00,27.7,29.7,6.2,7.6,9.4,84,0,0,0.3,0.3,1,1.9,929.1,66,6,674,79,929.1
2026-09-21T14:15:00+08:00,2026-09-21 14:15:00,27.8,30,4.5,7.8,9.4,84,0,0,0.3,0.3,1,1.9,929.1,68,6,677.2,77,929.1
2026-09-21T14:10:00+08:00,2026-09-21 14:10:00,27.7,29.9,4.8,7.7,9.4,81,0,0,0.3,0.3,1,1.9,929.3,68,6,680.9,77,929.3
2026-09-21T14:05:00+08:00,2026-09-21 14:05:00,27.8,30,7.2,8,8.9,69,0,0,0.3,0.3,1,1.9,929.2,68,6,710.9,71,929.2
2026-09-21T14:00:00+08:00,2026-09-21 14:00:00,27.8,29.8,6.4,7.9,8.2,79,0,0,0.3,0.3,1,1.9,929.2,66,6,736.1,77,929.2
2026-09-21T13:55:00+08:00,2026-09-21 13:55:00,28.2,30.3,5.7,7.4,8.2,82,0,0,0.3,0.3,1,1.9,929.3,64,6,721.1,79,929.3
2026-09-21T13:50:00+08:00,2026-09-21 13:50:00,28.6,30.8,5.4,5.6,8.2,67,0,0,0.3,0.3,1,1.9,929.5,63,6,709,73,929.5
2026-09-21T13:45:00+08:00,2026-09-21 13:45:00,27.8,29.7,4.6,7.1,8.2,60,0,0,0.3,0.3,1,1.9,929.5,65,6,749.2,92,929.5
2026-09-21T13:40:00+08:00,2026-09-21 13:40:00,28.1,30.2,5.6,8.1,8.2,89,0,0,0.3,0.3,1,1.9,929.8,65,7,759.9,75,929.8
2026-09-21T13:35:00+08:00,2026-09-21 13:35:00,28.4,30.6,4.3,6.1,6.4,67,0,0,0.3,0.3,1,1.9,929.9,64,7,760,78,929.9
2026-09-21T13:30:00+08:00,2026-09-21 13:30:00,28.6,30.8,1.8,5.1,6.4,63,0,0,0.3,0.3,1,1.9,929.9,63,4,491.6,75,929.9
2026-09-21T13:25:00+08:00,2026-09-21 13:25:00,28.4,30.4,3.2,5.1,6.4,69,0,0,0.3,0.3,1,1.9,930,63,3,372.9,75,930
2026-09-21T13:20:00+08:00,2026-09-21 13:20:00,28.4,30.4,3.5,6.3,6.4,40,0,0,0.3,0.3,1,1.9,930.1,63,7,797.5,79,930.1
2026-09-21T13:15:00+08:00,2026-09-21 13:15:00,29.1,31.5,2.7,4.4,6.4,74,0,0,0.3,0.3,1,1.9,930.2,62,7,804.3,88,930.2
2026-09-21T13:10:00+08:00,2026-09-21 13:10:00,28.7,31,2.2,5.7,6.4,54,0,0,0.3,0.3,1,1.9,930.3,63,8,862.8,81,930.3
2026-09-21T13:05:00+08:00,2026-09-21 13:05:00,28,29.8,3.6,6.4,6.4,87,0,0,0.3,0.3,1,1.9,930.4,63,8,895.7,88,930.4
2026-09-21T13:00:00+08:00,2026-09-21 13:00:00,28.3,30,3,4.7,6.4,49,0,0,0.3,0.3,1,1.9,930.5,61,8,871.4,58,930.5
2026-09-21T12:55:00+08:00,2026-09-21 12:55:00,27.9,29.4,4.5,5.4,6.4,85,0,0,0.3,0.3,1,1.9,930.6,61,7,848.7,80,930.6
2026-09-21T12:50:00+08:00,2026-09-21 12:50:00,28.3,30.1,2.9,5.9,6.4,75,0,0,0.3,0.3,1,1.9,930.7,62,8,883.5,81,930.7
2026-09-21T12:46:00+08:00,2026-09-21 12:46:00,27.8,29.6,2.5,5.4,6.4,68,0,0,0.3,0.3,1,1.9,930.6,64,8,900,78,930.6
2026-09-21T12:40:00+08:00,2026-09-21 12:40:00,27,28.5,2.5,5.9,6.4,21,0,0,0.3,0.3,1,1.9,930.8,66,8,872.1,72,930.8
2026-09-21T12:35:00+08:00,2026-09-21 12:35:00,27.7,29.7,3.1,5.2,6.3,69,0,0,0.3,0.3,1,1.9,931.1,66,7,828.4,66,931.1
2026-09-21T12:30:00+08:00,2026-09-21 12:30:00,28.5,30.5,5.3,5.7,6.3,84,0,0,0.3,0.3,1,1.9,931.1,62,7,763.1,92,931.1
2026-09-21T12:25:00+08:00,2026-09-21 12:25:00,27.8,29.6,2.7,4,6.3,21,0,0,0.3,0.3,1,1.9,931.3,64,8,877.5,55,931.3
2026-09-21T12:20:00+08:00,2026-09-21 12:20:00,26.9,28.4,1.8,4.7,6.3,62,0,0,0.3,0.3,1,1.9,931.4,66,7,859.1,64,931.4
2026-09-21T12:15:00+08:00,2026-09-21 12:15:00,26.5,26.9,3.5,4.9,6.3,59,0,0,0.3,0.3,1,1.9,931.4,66,5,571.1,71,931.4
2026-09-21T12:10:00+08:00,2026-09-21 12:10:00,26.4,26.8,2.9,4,6.3,11,0,0,0.3,0.3,1,1.9,931.5,65,7,831.7,61,931.5
2026-09-21T12:05:00+08:00,2026-09-21 12:05:00,26.4,26.8,2,4.7,6.3,41,0,0,0.3,0.3,1,1.9,931.7,65,3,372.4,69,931.7
2026-09-21T12:00:00+08:00,2026-09-21 12:00:00,26.5,26.9,2.2,4,6.3,68,0,0,0.3,0.3,1,1.9,931.7,65,3,335.2,72,931.7
2026-09-21T11:55:00+08:00,2026-09-21 11:55:00,26.6,27.1,2.8,4.2,6.3,80,0,0,0.3,0.3,1,1.9,931.8,66,2,297.4,71,931.8
2026-09-21T11:50:00+08:00,2026-09-21 11:50:00,26.2,26.6,4.2,5.1,6,49,0,0,0.3,0.3,1,1.9,931.9,67,6,659.5,77,931.9
2026-09-21T11:45:00+08:00,2026-09-21 11:45:00,26.2,26.6,3.8,5.5,5.6,75,0,0,0.3,0.3,1,1.9,931.8,66,3,328,83,931.8
2026-09-21T11:40:00+08:00,2026-09-21 11:40:00,26,26.4,4.4,5.3,5.6,85,0,0,0.3,0.3,1,1.9,932,68,2,300.2,80,932
2026-09-21T11:35:00+08:00,2026-09-21 11:35:00,26.3,26.7,3,4.1,5.6,82,0,0,0.3,0.3,1,1.9,932.2,68,1,207.3,80,932.2
2026-09-21T11:30:00+08:00,2026-09-21 11:30:00,26.1,26.6,3.5,5.5,5.6,69,0,0,0.3,0.3,1,1.9,932.2,69,1,192.5,84,932.2
2026-09-21T11:25:00+08:00,2026-09-21 11:25:00,26.8,28.3,2.7,5,5.6,56,0,0,0.3,0.3,1,1.9,932.1,67,1,190,62,932.1
2026-09-21T11:20:00+08:00,2026-09-21 11:20:00,26.5,27,2,3.4,5.6,73,0,0,0.3,0.3,1,1.9,932.2,69,1,205.2,69,932.2
2026-09-21T11:15:00+08:00,2026-09-21 11:15:00,26.3,26.7,2.8,4.7,5.6,31,0,0,0.3,0.3,1,1.9,932.4,68,2,234.6,64,932.4
2026-09-21T11:10:00+08:00,2026-09-21 11:10:00,26.6,27.2,3.7,4.1,5.6,74,0,0,0.3,0.3,1,1.9,932.4,70,3,354.3,24,932.4
2026-09-21T11:05:00+08:00,2026-09-21 11:05:00,27.2,29.1,3.4,4.2,5.6,41,0,0,0.3,0.3,1,1.9,932.6,68,8,869.5,71,932.6
2026-09-21T11:00:00+08:00,2026-09-21 11:00:00,27,28.8,1.2,3.9,5.6,33,0,0,0.3,0.3,1,1.9,932.6,69,7,814.5,53,932.6
2026-09-21T10:55:00+08:00,2026-09-21 10:55:00,26.9,28.6,1.7,2.7,5.6,41,0,0,0.3,0.3,1,1.9,932.8,69,3,421.8,51,932.8
2026-09-21T10:50:00+08:00,2026-09-21 10:50:00,26.5,27.1,1.8,2.6,5.6,33,0,0,0.3,0.3,1,1.9,932.7,72,3,393.7,84,932.7
2026-09-21T10:45:00+08:00,2026-09-21 10:45:00,25.9,26.4,1.2,5.2,5.6,71,0,0,0.3,0.3,1,1.9,932.8,72,4,487.6,67,932.8
2026-09-21T10:40:00+08:00,2026-09-21 10:40:00,26.1,26.6,4.1,5.4,5.6,79,0,0,0.3,0.3,1,1.9,932.9,71,7,790.5,67,932.9
2026-09-21T10:35:00+08:00,2026-09-21 10:35:00,26,26.7,3.4,5.6,5.6,78,0,0,0.3,0.3,1,1.9,933,77,7,836.5,70,933
2026-09-21T10:30:00+08:00,2026-09-21 10:30:00,25.6,26.2,4,5.3,5.3,79,0,0,0.3,0.3,1,1.9,933,77,7,790.8,69,933
2026-09-21T10:25:00+08:00,2026-09-21 10:25:00,25.2,25.8,4.4,5,5,70,0,0,0.3,0.3,1,1.9,933.1,77,6,682.8,81,933.1
2026-09-21T10:20:00+08:00,2026-09-21 10:20:00,25.3,25.8,2.4,3.7,4.6,69,0,0,0.3,0.3,1,1.9,933.1,75,3,382,30,933.1
2026-09-21T10:15:00+08:00,2026-09-21 10:15:00,26.6,27.2,2.9,2.9,4.6,62,0,0,0.3,0.3,1,1.9,933.4,73,2,300.9,58,933.4
2026-09-21T10:10:00+08:00,2026-09-21 10:10:00,26.7,28.3,0.6,2.5,4.6,272,0,0,0.3,0.3,1,1.9,933.3,69,3,357.5,42,933.3
2026-09-21T10:05:00+08:00,2026-09-21 10:05:00,26.3,26.9,2.3,3,4.6,74,0,0,0.3,0.3,1,1.9,933.4,73,5,545.9,64,933.4
2026-09-21T10:00:00+08:00,2026-09-21 10:00:00,26.4,26.9,2,2.4,4.6,61,0,0,0.3,0.3,1,1.9,933.4,70,2,304.3,58,933.4
2026-09-21T09:55:00+08:00,2026-09-21 09:55:00,27.3,28.7,1,1.6,4.6,31,0,0,0.3,0.3,1,1.9,933.6,63,3,359.3,7,933.6
2026-09-21T09:50:00+08:00,2026-09-21 09:50:00,27.7,29.5,0.7,3.1,4.6,34,0,0,0.3,0.3,1,1.9,933.8,64,6,645.9,185,933.8
2026-09-21T09:45:00+08:00,2026-09-21 09:45:00,28.1,30.2,1.7,2.4,4.6,180,0,0,0.3,0.3,1,1.9,933.8,65,5,628.9,147,933.8
2026-09-21T09:40:00+08:00,2026-09-21 09:40:00,26.7,28.3,0.8,2.8,4.6,219,0,0,0.3,0.3,1,1.9,933.8,68,5,623.5,186,933.8
2026-09-21T09:35:00+08:00,2026-09-21 09:35:00,26.2,26.7,0.9,1.9,4.6,163,0,0,0.3,0.3,1,1.9,933.9,69,5,623.4,180,933.9
2026-09-21T09:30:00+08:00,2026-09-21 09:30:00,26.1,26.6,0.6,1.7,4.6,167,0,0,0.3,0.3,1,1.9,933.9,70,5,584.4,180,933.9
2026-09-21T09:25:00+08:00,2026-09-21 09:25:00,25.7,26.2,1.1,2.9,4.6,139,0,0,0.3,0.3,1,1.9,934,72,5,538.2,356,934
2026-09-21T09:20:00+08:00,2026-09-21 09:20:00,25.2,25.7,1,2.7,4.6,355,0,0,0.3,0.3,1,1.9,934.1,74,4,520.6,356,934.1
2026-09-21T09:15:00+08:00,2026-09-21 09:15:00,25.1,25.6,0.5,1.7,4.6,61,0,0,0.3,0.3,1,1.9,934.3,75,4,484.2,358,934.3
2026-09-21T09:10:00+08:00,2026-09-21 09:10:00,25.2,25.9,1,2,4.6,6,0,0,0.3,0.3,1,1.9,934.2,79,3,355.2,356,934.2
2026-09-21T09:05:00+08:00,2026-09-21 09:05:00,25,25.6,2.2,2.4,4.6,334,0,0,0.3,0.3,1,1.9,934.3,78,3,429.3,353,934.3
2026-09-21T09:00:00+08:00,2026-09-21 09:00:00,24.6,25.2,1,1.8,4.6,0,0,0,0.3,0.3,1,1.9,934.4,79,4,438,336,934.4
2026-09-21T08:55:00+08:00,2026-09-21 08:55:00,23.9,24.4,1.2,1.8,4.6,344,0,0,0.3,0.3,1,1.9,934.6,81,3,366.4,334,934.6
2026-09-21T08:50:00+08:00,2026-09-21 08:50:00,23.6,24.2,0.9,1.7,4.6,354,0,0,0.3,0.3,1,1.9,934.6,82,2,230.9,359,934.6
2026-09-21T08:45:00+08:00,2026-09-21 08:45:00,23.4,24,1,1.7,4.6,6,0,0,0.3,0.3,1,1.9,934.4,84,2,233.9,354,934.4
2026-09-21T08:40:00+08:00,2026-09-21 08:40:00,23.2,23.8,1,1.7,4.6,339,0,0,0.3,0.3,1,1.9,934.5,85,2,233.3,354,934.5
2026-09-21T08:35:00+08:00,2026-09-21 08:35:00,22.7,23.3,1.2,2,4.6,357,0,0,0.3,0.3,1,1.9,934.5,87,1,189.7,351,934.5
2026-09-21T08:30:00+08:00,2026-09-21 08:30:00,22.3,22.8,0.7,1.3,4.6,333,0,0,0.3,0.3,1,1.9,934.5,87,1,110.3,351,934.5
2026-09-21T08:25:00+08:00,2026-09-21 08:25:00,22.4,23,1.3,1.6,4.6,357,0,0,0.3,0.3,1,1.9,934.5,88,0,103,353,934.5
2026-09-21T08:20:00+08:00,2026-09-21 08:20:00,22.3,22.8,0.8,1.6,4.6,314,0,0,0.3,0.3,1,1.9,934.5,87,0,103.8,356,934.5
2026-09-21T08:15:00+08:00,2026-09-21 08:15:00,22.2,22.8,1.8,2.3,4.6,6,0,0,0.3,0.3,1,1.9,934.5,88,0,62.7,356,934.5
2026-09-21T08:10:00+08:00,2026-09-21 08:10:00,22.1,22.7,1,1.6,4.6,334,0,0,0.3,0.3,1,1.9,934.6,88,0,60.5,356,934.6
2026-09-21T08:05:00+08:00,2026-09-21 08:05:00,22.1,22.7,1.4,1.6,4.6,357,0,0,0.3,0.3,1,1.9,934.5,88,0,76.4,0,934.5
2026-09-21T08:00:00+08:00,2026-09-21 08:00:00,21.9,22.4,1.2,1.6,4.6,358,0,0,0.3,0.3,1,1.9,934.2,88,0,86.4,352,934.2
2026-09-21T07:55:00+08:00,2026-09-21 07:55:00,22,22.6,1.1,1.9,4.6,2,0,0,0.3,0.3,1,1.9,934.3,89,0,66.3,352,934.3
2026-09-21T07:50:00+08:00,2026-09-21 07:50:00,21.9,22.5,1.2,1.9,4.6,359,0,0,0.3,0.3,1,1.9,934.2,89,0,58.3,356,934.2
2026-09-21T07:45:00+08:00,2026-09-21 07:45:00,21.9,22.5,1.2,2,4.6,346,0,0,0.3,0.3,1,1.9,934.2,89,0,62,1,934.2
2026-09-21T07:40:00+08:00,2026-09-21 07:40:00,21.9,22.5,0.7,1.8,4.6,358,0,0,0.3,0.3,1,1.9,934.4,89,0,47.7,359,934.4
2026-09-21T07:35:00+08:00,2026-09-21 07:35:00,22,22.6,1.3,1.8,4.6,0,0,0,0.3,0.3,1,1.9,934.2,89,0,38.2,3,934.2
2026-09-21T07:30:00+08:00,2026-09-21 07:30:00,22.1,22.7,1.9,2.9,4.6,352,0,0,0.3,0.3,1,1.9,934,89,0,54.3,4,934
2026-09-21T07:25:00+08:00,2026-09-21 07:25:00,22,22.6,1.7,2.3,4.6,355,0,0,0.3,0.3,1,1.9,933.9,89,0,81.2,359,933.9
2026-09-21T07:20:00+08:00,2026-09-21 07:20:00,22,22.6,2,2.3,4.6,343,0,0,0.3,0.3,1,1.9,934.1,89,0,63.4,354,934.1
2026-09-21T07:15:00+08:00,2026-09-21 07:15:00,21.9,22.5,1.7,2.3,4.6,7,0,0,0.3,0.3,1,1.9,934,89,0,90.1,8,934
2026-09-21T07:10:00+08:00,2026-09-21 07:10:00,21.8,22.3,1.6,3.7,4.6,18,0,0,0.3,0.3,1,1.9,933.9,89,0,65.8,354,933.9
2026-09-21T07:05:00+08:00,2026-09-21 07:05:00,21.8,22.3,1.2,2.3,4.6,15,0,0,0.3,0.3,1,1.9,934,89,0,49.4,0,934
2026-09-21T07:00:00+08:00,2026-09-21 07:00:00,21.7,22.3,1.7,2.2,4.6,354,0,0,0.3,0.3,1,1.9,934,90,0,27.5,0,934
2026-09-21T06:55:00+08:00,2026-09-21 06:55:00,21.8,22.4,1.4,2.2,4.6,343,0,0,0.3,0.3,1,1.9,933.9,90,0,23.8,0,933.9
2026-09-21T06:50:00+08:00,2026-09-21 06:50:00,21.6,22.2,1.6,3.8,4.6,11,0,0,0.3,0.3,1,1.9,933.9,90,0,27.3,0,933.9
2026-09-21T06:45:00+08:00,2026-09-21 06:45:00,21.7,22.3,3.1,3.1,4.6,309,0,0,0.3,0.3,1,1.9,933.7,90,0,25.6,0,933.7
2026-09-21T06:41:00+08:00,2026-09-21 06:41:00,21.6,22.2,1.5,1.8,4.6,342,0,0,0.3,0.3,1,1.9,933.8,90,0,25.3,0,933.8
2026-09-21T06:35:00+08:00,2026-09-21 06:35:00,21.6,22.2,1.8,1.9,4.6,337,0,0,0.3,0.3,1,1.9,933.7,90,0,24.1,2,933.7
2026-09-21T06:30:00+08:00,2026-09-21 06:30:00,21.6,22.2,1.4,2,4.6,354,0,0,0.3,0.3,1,1.9,933.8,90,0,20.4,354,933.8
2026-09-21T06:25:00+08:00,2026-09-21 06:25:00,21.6,22.2,1.1,2.7,4.6,2,0,0,0.3,0.3,1,1.9,933.7,90,0,16.6,1,933.7
2026-09-21T06:20:00+08:00,2026-09-21 06:20:00,21.5,22.1,1.6,2.4,4.6,333,0,0,0.3,0.3,1,1.9,933.6,90,0,15.7,356,933.6
2026-09-21T06:15:00+08:00,2026-09-21 06:15:00,21.5,22.1,1.2,2.6,4.6,2,0,0.2,0.3,0.3,1,1.9,933.6,90,0,12.1,1,933.6
2026-09-21T06:10:00+08:00,2026-09-21 06:10:00,21.5,22.1,1.2,1.6,4.6,351,0,0.2,0.3,0.3,1,1.9,933.5,90,0,9.6,6,933.5
2026-09-21T06:05:00+08:00,2026-09-21 06:05:00,21.4,21.9,1.5,3.1,4.6,8,0,0.2,0.3,0.3,1,1.9,933.5,90,0,8.1,12,933.5
2026-09-21T06:00:00+08:00,2026-09-21 06:00:00,21.4,22,1.1,3.6,4.6,346,0,0.2,0.3,0.3,1,1.9,933.4,91,0,5.9,342,933.4
2026-09-21T05:55:00+08:00,2026-09-21 05:55:00,21.4,22,2.3,3.4,4.6,343,0,0.2,0.3,0.3,1,1.9,933.4,91,0,3.3,356,933.4
2026-09-21T05:50:00+08:00,2026-09-21 05:50:00,21.3,21.9,3.1,3.7,4.6,312,0,0.2,0.3,0.3,1,1.9,933.3,92,0,2.5,339,933.3
2026-09-21T05:45:00+08:00,2026-09-21 05:45:00,21.4,22,2.2,3.5,4.6,339,0,0.2,0.3,0.3,1,1.9,933.4,93,0,1.3,313,933.4
2026-09-21T05:41:00+08:00,2026-09-21 05:41:00,21.3,21.9,3.2,3.5,4.6,308,0,0.2,0.3,0.3,1,1.9,933.3,92,0,0.7,356,933.3
2026-09-21T05:35:00+08:00,2026-09-21 05:35:00,21.3,21.9,2.2,2.8,4.6,320,0,0.2,0.3,0.3,1,1.9,933.4,93,0,0.2,351,933.4
2026-09-21T05:30:00+08:00,2026-09-21 05:30:00,21.3,21.9,1.8,1.9,4.6,325,0,0.2,0.3,0.3,1,1.9,933.3,93,0,0,3,933.3
2026-09-21T05:25:00+08:00,2026-09-21 05:25:00,21.3,21.9,1.5,2.3,4.6,1,0,0.2,0.3,0.3,1,1.9,933.3,93,0,0,6,933.3
2026-09-21T05:20:00+08:00,2026-09-21 05:20:00,21.3,21.9,1.5,1.7,4.6,352,0,0.2,0.3,0.3,1,1.9,933.4,93,0,0,353,933.4
2026-09-21T05:15:00+08:00,2026-09-21 05:15:00,21.3,21.9,1.3,1.7,4.6,352,0,0.2,0.3,0.3,1,1.9,933.2,93,0,0,7,933.2
2026-09-21T05:10:00+08:00,2026-09-21 05:10:00,21.4,22,1.3,2,4.6,8,0,0.2,0.3,0.3,1,1.9,933.2,92,0,0,6,933.2
2026-09-21T05:05:00+08:00,2026-09-21 05:05:00,21.4,22,1.9,2.4,4.6,355,0,0.2,0.3,0.3,1,1.9,933.1,92,0,0,1,933.1
2026-09-21T05:00:00+08:00,2026-09-21 05:00:00,21.4,22,1.7,1.9,4.6,10,0,0.2,0.3,0.3,1,1.9,933.3,92,0,0,358,933.3
2026-09-21T04:55:00+08:00,2026-09-21 04:55:00,21.5,22.1,1.4,2.1,4.6,0,0.6,0.2,0.3,0.3,1,1.9,933.3,93,0,0,8,933.3
2026-09-21T04:50:00+08:00,2026-09-21 04:50:00,21.5,22.1,1.1,2.2,4.6,0,1.2,0.2,0.3,0.3,1,1.9,933.2,93,0,0,344,933.2
2026-09-21T04:45:00+08:00,2026-09-21 04:45:00,21.6,22.3,3,3.3,4.6,314,0.6,0.1,0.2,0.2,0.9,1.8,933.4,93,0,0,325,933.4
2026-09-21T04:40:00+08:00,2026-09-21 04:40:00,21.5,22.1,1.3,3,4.6,352,0,0,0.1,0.1,0.8,1.7,933.2,92,0,0,325,933.2
2026-09-21T04:35:00+08:00,2026-09-21 04:35:00,21.6,22.2,1.7,2.2,4.6,336,0,0,0.1,0.1,0.8,1.7,933.3,92,0,0,336,933.3
2026-09-21T04:30:00+08:00,2026-09-21 04:30:00,21.6,22.2,1.2,2.6,4.6,341,0,0,0.1,0.1,0.8,1.7,933.3,92,0,0,339,933.3
2026-09-21T04:25:00+08:00,2026-09-21 04:25:00,21.7,22.4,2.6,3.4,4.6,322,0,0,0.1,0.1,0.8,1.7,933.2,92,0,0,312,933.2
2026-09-21T04:20:00+08:00,2026-09-21 04:20:00,21.6,22.2,2.6,3.8,4.6,327,0,0,0.1,0.1,0.8,1.7,933.3,91,0,0,318,933.3
2026-09-21T04:15:00+08:00,2026-09-21 04:15:00,21.5,22.1,1.4,1.9,4.6,352,0,0.1,0.1,0.1,0.8,1.7,933.1,92,0,0,347,933.1
2026-09-21T04:10:00+08:00,2026-09-21 04:10:00,21.6,22.3,2.1,2.5,4.6,342,0,0.1,0.1,0.1,0.8,1.7,933.2,93,0,0,347,933.2
2026-09-21T04:05:00+08:00,2026-09-21 04:05:00,21.5,22.1,2.2,2.6,4.6,326,0,0.1,0.1,0.1,0.8,1.7,933.3,93,0,0,350,933.3
2026-09-21T04:00:00+08:00,2026-09-21 04:00:00,21.5,22.1,1.3,1.4,4.6,354,0,0.1,0.1,0.1,0.8,1.7,933,93,0,0,356,933
2026-09-21T03:55:00+08:00,2026-09-21 03:55:00,21.5,22.1,1.2,1.4,4.6,23,0,0.1,0.1,0.1,0.8,1.7,933,93,0,0,357,933
2026-09-21T03:50:00+08:00,2026-09-21 03:50:00,21.4,22,1,1.5,4.6,2,0,0.1,0.1,0.1,0.8,1.7,933,94,0,0,8,933
2026-09-21T03:45:00+08:00,2026-09-21 03:45:00,21.6,22.3,0.8,1.7,4.6,15,0,0.1,0.1,0.1,0.8,1.7,932.9,94,0,0,7,932.9
2026-09-21T03:40:00+08:00,2026-09-21 03:40:00,21.6,22.3,1.2,1.7,4.6,5,0,0.1,0.1,0.1,0.8,1.7,932.9,94,0,0,354,932.9
2026-09-21T03:35:00+08:00,2026-09-21 03:35:00,21.6,22.3,2,2.4,4.6,330,0,0.1,0.1,0.1,0.8,1.7,932.9,95,0,0,355,932.9
2026-09-21T03:30:00+08:00,2026-09-21 03:30:00,21.6,22.3,1.6,1.8,4.6,1,0,0.1,0.1,0.1,0.8,1.7,933.1,94,0,0,20,933.1
2026-09-21T03:25:00+08:00,2026-09-21 03:25:00,21.6,22.3,0.9,1.4,4.6,354,0,0.1,0.1,0.1,0.8,1.7,932.9,94,0,0,3,932.9
2026-09-21T03:20:00+08:00,2026-09-21 03:20:00,21.5,22.2,1.6,1.6,4.6,359,0,0.1,0.1,0.1,0.8,1.7,933.1,94,0,0,348,933.1
2026-09-21T03:15:00+08:00,2026-09-21 03:15:00,21.6,22.3,1.1,2,4.6,356,0,0.1,0.1,0.1,0.8,1.7,932.9,94,0,0,345,932.9
2026-09-21T03:10:00+08:00,2026-09-21 03:10:00,21.5,22.2,1.2,1.5,4.6,339,0,0.1,0.1,0.1,0.8,1.7,933,94,0,0,357,933
2026-09-21T03:05:00+08:00,2026-09-21 03:05:00,21.5,22.2,0.5,1.5,4.6,29,0,0.1,0.1,0.1,0.8,1.7,933,94,0,0,16,933
2026-09-21T03:00:00+08:00,2026-09-21 03:00:00,21.6,22.3,1.8,2.4,4.6,35,0,0.1,0.1,0.1,0.8,1.7,933.1,94,0,0,23,933.1
2026-09-21T02:55:00+08:00,2026-09-21 02:55:00,21.4,22,1.3,1.5,4.6,352,0,0.1,0.1,0.1,0.8,1.7,932.9,94,0,0,359,932.9
2026-09-21T02:50:00+08:00,2026-09-21 02:50:00,21.4,22.1,1.3,1.9,4.6,355,0,0.1,0.1,0.1,0.8,1.7,933,95,0,0,1,933
2026-09-21T02:45:00+08:00,2026-09-21 02:45:00,21.6,22.3,1.6,2.2,4.6,343,0,0.1,0.1,0.1,0.8,1.7,933.2,95,0,0,16,933.2
2026-09-21T02:40:00+08:00,2026-09-21 02:40:00,21.5,22.2,1.4,1.7,4.6,10,0.6,0.1,0.1,0.1,0.8,1.7,933.1,95,0,0,18,933.1
2026-09-21T02:35:00+08:00,2026-09-21 02:35:00,21.5,22.2,1.9,2,4.6,20,0.6,0.1,0.1,0.1,0.8,1.7,933,94,0,0,23,933
2026-09-21T02:30:00+08:00,2026-09-21 02:30:00,21.6,22.3,2,2.5,4.6,30,0,0,0,0,0.7,1.6,932.8,94,0,0,34,932.8
2026-09-21T02:25:00+08:00,2026-09-21 02:25:00,21.5,22.2,1.3,1.7,4.6,14,0,0,0,0,0.7,1.6,932.9,94,0,0,38,932.9
2026-09-21T02:20:00+08:00,2026-09-21 02:20:00,21.5,22.2,1.8,1.8,4.6,44,0,0,0,0,0.7,1.6,933,95,0,0,32,933
2026-09-21T02:15:00+08:00,2026-09-21 02:15:00,21.5,22.2,1.3,2.2,4.6,20,0,0,0,0,0.7,1.6,933.2,95,0,0,34,933.2
2026-09-21T02:10:00+08:00,2026-09-21 02:10:00,21.5,22.2,2.6,3.4,4.6,45,0,0,0,0,0.7,1.6,933,94,0,0,42,933
2026-09-21T02:05:00+08:00,2026-09-21 02:05:00,21.6,22.3,2.6,3,4.6,48,0,0,0,0,0.7,1.6,933.1,94,0,0,48,933.1
2026-09-21T02:00:00+08:00,2026-09-21 02:00:00,21.5,22.2,2.7,3.2,4.6,47,0,0,0,0,0.7,1.6,933.2,94,0,0,45,933.2
2026-09-21T01:55:00+08:00,2026-09-21 01:55:00,21.6,22.3,2.2,3.3,4.6,48,0,0,0,0,0.7,1.6,933,94,0,0,58,933
2026-09-21T01:50:00+08:00,2026-09-21 01:50:00,21.6,22.3,1.5,2.6,4.6,38,0,0,0,0,0.7,1.6,933.2,94,0,0,58,933.2
2026-09-21T01:45:00+08:00,2026-09-21 01:45:00,21.6,22.3,2.1,2.1,4.6,48,0,0,0,0,0.7,1.6,933.1,94,0,0,19,933.1
2026-09-21T01:40:00+08:00,2026-09-21 01:40:00,21.7,22.4,1.9,2.1,4.6,23,0,0,0,0,0.7,1.6,933.2,94,0,0,38,933.2
2026-09-21T01:35:00+08:00,2026-09-21 01:35:00,21.6,22.3,1,1.3,4.6,5,0,0,0,0,0.7,1.6,933.3,94,0,0,57,933.3
2026-09-21T01:30:00+08:00,2026-09-21 01:30:00,21.6,22.3,2.5,4,4.6,43,0,0,0,0,0.7,1.6,933.2,94,0,0,62,933.2
2026-09-21T01:25:00+08:00,2026-09-21 01:25:00,21.6,22.3,3.2,4.2,4.2,65,0,0,0,0,0.7,1.6,933.2,94,0,0,63,933.2
2026-09-21T01:20:00+08:00,2026-09-21 01:20:00,21.7,22.4,2.7,3.4,4,65,0,0,0,0,0.7,1.6,933.3,93,0,0,51,933.3
2026-09-21T01:15:00+08:00,2026-09-21 01:15:00,21.8,22.4,2.1,2.5,4,50,0,0,0,0,0.7,1.6,933.4,93,0,0,51,933.4
2026-09-21T01:10:00+08:00,2026-09-21 01:10:00,21.8,22.4,2.2,2.5,4,52,0,0,0,0,0.7,1.6,933.4,93,0,0,52,933.4
2026-09-21T01:05:00+08:00,2026-09-21 01:05:00,21.8,22.4,2.7,2.7,4,61,0,0,0,0,0.7,1.6,933.4,93,0,0,43,933.4
2026-09-21T01:00:00+08:00,2026-09-21 01:00:00,21.8,22.4,2,3.3,4,43,0,0,0,0,0.7,1.6,933.6,93,0,0,30,933.6
2026-09-21T00:55:00+08:00,2026-09-21 00:55:00,21.8,22.4,1.2,2.2,4,17,0,0,0,0,0.7,1.6,933.6,93,0,0,45,933.6
2026-09-21T00:50:00+08:00,2026-09-21 00:50:00,21.7,22.4,1.8,2.9,4,56,0,0,0,0,0.7,1.6,933.6,93,0,0,40,933.6
2026-09-21T00:45:00+08:00,2026-09-21 00:45:00,21.7,22.4,1.9,2.6,4,30,0,0,0,0,0.7,1.6,933.7,93,0,0,51,933.7
2026-09-21T00:40:00+08:00,2026-09-21 00:40:00,21.8,22.4,2.5,3.4,4,51,0,0,0,0,0.7,1.6,933.8,93,0,0,60,933.8
2026-09-21T00:35:00+08:00,2026-09-21 00:35:00,21.8,22.4,3.3,4,4,62,0,0,0,0,0.7,1.6,933.9,92,0,0,43,933.9
2026-09-21T00:30:00+08:00,2026-09-21 00:30:00,21.7,22.4,2.8,3,3.9,51,0,0,0,0,0.7,1.6,933.9,92,0,0,33,933.9
2026-09-21T00:25:00+08:00,2026-09-21 00:25:00,21.8,22.4,1.9,2.6,3.9,30,0,0,0,0,0.7,1.6,933.9,92,0,0,32,933.9
2026-09-21T00:20:00+08:00,2026-09-21 00:20:00,21.8,22.4,2.6,3.1,3.9,43,0,0,0,0,0.7,1.6,934,92,0,0,37,934
2026-09-21T00:15:00+08:00,2026-09-21 00:15:00,21.8,22.4,2.3,2.6,3.9,36,0,0,0,0,0.7,1.6,934.1,92,0,0,42,934.1
2026-09-21T00:10:00+08:00,2026-09-21 00:10:00,21.7,22.4,3,3.1,3.9,62,0,0,0,0,0.7,1.6,934,92,0,0,38,934
2026-09-21T00:05:00+08:00,2026-09-21 00:05:00,21.8,22.4,2.9,3,3.9,43,0,0,0,0,0.7,1.6,934.1,92,0,0,38,934.1
2026-09-21T00:00:00+08:00,2026-09-21 00:00:00,21.7,22.4,2.3,3.9,2.8,24,0,0,0,0,0.7,1.6,934.2,92,0,0,38,934.2
2026-09-20T23:55:00+08:00,2026-09-20 23:55:00,21.8,22.4,2.5,2.9,9.2,36,0,0,0,0,0.7,1.6,934.3,92,0,0,30,934.3
2026-09-20T23:50:00+08:00,2026-09-20 23:50:00,21.8,22.4,2.5,2.5,9.2,45,0,0,0,0,0.7,1.6,934.3,92,0,0,22,934.3
2026-09-20T23:45:00+08:00,2026-09-20 23:45:00,21.9,22.5,2.5,3.1,9.2,49,0,0,0,0,0.7,1.6,934.2,91,0,0,48,934.2
2026-09-20T23:40:00+08:00,2026-09-20 23:40:00,21.9,22.5,3.6,3.8,9.2,49,0,0,0,0,0.7,1.6,934.2,91,0,0,47,934.2
2026-09-20T23:36:00+08:00,2026-09-20 23:36:00,22,22.6,2.9,3.4,9.2,49,0,0,0,0,0.7,1.6,934.1,91,0,0,48,934.1
2026-09-20T23:30:00+08:00,2026-09-20 23:30:00,21.9,22.5,2.5,3,9.2,19,0,0,0,0,0.7,1.6,934.3,91,0,0,49,934.3
2026-09-20T23:25:00+08:00,2026-09-20 23:25:00,22.2,22.9,2.8,3,9.2,50,0,0,0,0,0.7,1.6,934.5,91,0,0,61,934.5
2026-09-20T23:20:00+08:00,2026-09-20 23:20:00,22.1,22.7,3.1,3.9,9.2,53,0,0,0,0,0.7,1.6,934.6,90,0,0,61,934.6
2026-09-20T23:15:00+08:00,2026-09-20 23:15:00,22.2,22.8,2.8,3.7,9.2,44,0,0,0,0,0.7,1.6,934.4,89,0,0,61,934.4
2026-09-20T23:10:00+08:00,2026-09-20 23:10:00,22.2,22.8,2.8,3.3,9.2,45,0,0,0,0,0.7,1.6,934.7,88,0,0,55,934.7
2026-09-20T23:05:00+08:00,2026-09-20 23:05:00,22.2,22.8,2.5,3.1,9.2,58,0,0,0,0,0.7,1.6,934.7,89,0,0,53,934.7
2026-09-20T23:00:00+08:00,2026-09-20 23:00:00,22.1,22.7,2.6,2.9,9.2,58,0,0,0,0,0.7,1.6,934.8,90,0,0,12,934.8
2026-09-20T22:55:00+08:00,2026-09-20 22:55:00,21.9,22.5,1.5,1.8,9.2,13,0,0,0,0,0.7,1.6,934.7,90,0,0,19,934.7
2026-09-20T22:50:00+08:00,2026-09-20 22:50:00,21.9,22.5,1.9,2.4,9.2,25,0,0,0,0,0.7,1.6,934.9,90,0,0,62,934.9
2026-09-20T22:45:00+08:00,2026-09-20 22:45:00,22,22.6,2.7,3.5,9.2,49,0,0,0,0,0.7,1.6,934.8,91,0,0,54,934.8
2026-09-20T22:40:00+08:00,2026-09-20 22:40:00,22,22.6,3.5,3.9,9.2,47,0,0,0,0,0.7,1.6,934.8,91,0,0,53,934.8
2026-09-20T22:35:00+08:00,2026-09-20 22:35:00,22,22.6,3.5,3.8,9.2,68,0,0,0,0,0.7,1.6,934.7,91,0,0,63,934.7
2026-09-20T22:30:00+08:00,2026-09-20 22:30:00,21.9,22.5,3.5,4.1,9.2,66,0,0,0,0,0.7,1.6,934.8,92,0,0,58,934.8
2026-09-20T22:25:00+08:00,2026-09-20 22:25:00,21.9,22.5,3.7,4.8,9.2,60,0,0,0,0,0.7,1.6,934.6,91,0,0,67,934.6
2026-09-20T22:20:00+08:00,2026-09-20 22:20:00,22.1,22.8,3.3,4.5,9.2,65,0,0,0,0,0.7,1.6,934.7,91,0,0,70,934.7
2026-09-20T22:15:00+08:00,2026-09-20 22:15:00,22,22.6,3.1,4.5,9.2,64,0,0,0,0,0.7,1.6,934.8,91,0,0,68,934.8
2026-09-20T22:10:00+08:00,2026-09-20 22:10:00,22.1,22.8,2.9,4.2,9.2,83,0,0,0,0,0.7,1.6,934.7,91,0,0,67,934.7
2026-09-20T22:05:00+08:00,2026-09-20 22:05:00,22.2,22.9,4.1,4.2,9.2,78,0,0,0,0,0.7,1.6,934.8,90,0,0,68,934.8
2026-09-20T22:00:00+08:00,2026-09-20 22:00:00,22.2,22.8,4.4,5,9.2,66,0,0,0,0,0.7,1.6,934.9,89,0,0,68,934.9
2026-09-20T21:55:00+08:00,2026-09-20 21:55:00,22.2,22.9,4.2,4.4,9.2,74,0,0,0,0,0.7,1.6,934.7,90,0,0,67,934.7
2026-09-20T21:50:00+08:00,2026-09-20 21:50:00,22.1,22.7,3.5,4.4,9.2,76,0,0,0,0,0.7,1.6,934.5,90,0,0,64,934.5
2026-09-20T21:45:00+08:00,2026-09-20 21:45:00,22.1,22.7,3,3.8,9.2,65,0,0,0,0,0.7,1.6,934.7,90,0,0,63,934.7
2026-09-20T21:40:00+08:00,2026-09-20 21:40:00,22.1,22.7,3.4,3.8,9.2,63,0,0,0,0,0.7,1.6,934.6,90,0,0,58,934.6
2026-09-20T21:35:00+08:00,2026-09-20 21:35:00,22.1,22.7,3.7,4.7,9.2,61,0,0,0,0,0.7,1.6,934.4,90,0,0,68,934.4
2026-09-20T21:30:00+08:00,2026-09-20 21:30:00,22,22.6,3.5,4.5,9.2,51,0,0,0,0,0.7,1.6,934.5,91,0,0,66,934.5
2026-09-20T21:25:00+08:00,2026-09-20 21:25:00,22.2,22.9,3.6,3.9,9.2,68,0,0,0,0,0.7,1.6,934.6,91,0,0,66,934.6
2026-09-20T21:20:00+08:00,2026-09-20 21:20:00,22.3,22.9,3.1,4.8,9.2,65,0,0,0,0,0.7,1.6,934.4,91,0,0,68,934.4
2026-09-20T21:15:00+08:00,2026-09-20 21:15:00,22.1,22.8,3.5,4.6,9.2,62,0,0,0,0,0.7,1.6,934.3,91,0,0,57,934.3
2026-09-20T21:10:00+08:00,2026-09-20 21:10:00,22.2,22.9,3.6,3.7,9.2,57,0,0,0,0,0.7,1.6,934.3,91,0,0,63,934.3
2026-09-20T21:05:00+08:00,2026-09-20 21:05:00,22.2,22.9,3.1,4.3,9.2,54,0,0,0,0,0.7,1.6,934.4,91,0,0,64,934.4
2026-09-20T21:00:00+08:00,2026-09-20 21:00:00,22.2,22.9,3.4,4.4,9.2,56,0,0,0,0,0.7,1.6,934.2,91,0,0,59,934.2
2026-09-20T20:55:00+08:00,2026-09-20 20:55:00,22.2,22.9,4,4.9,9.2,73,0,0,0,0,0.7,1.6,934.3,92,0,0,66,934.3
2026-09-20T20:50:00+08:00,2026-09-20 20:50:00,22.2,22.9,3.9,4.4,9.2,68,0,0,0,0,0.7,1.6,934.1,92,0,0,70,934.1
2026-09-20T20:45:00+08:00,2026-09-20 20:45:00,22.2,22.9,4.2,5.7,9.2,74,0,0,0,0,0.7,1.6,934.2,92,0,0,69,934.2
2026-09-20T20:40:00+08:00,2026-09-20 20:40:00,22.3,23,4.7,5.9,9.2,77,0,0,0,0,0.7,1.6,934.2,92,0,0,60,934.2
2026-09-20T20:35:00+08:00,2026-09-20 20:35:00,22.3,23,5.4,5.7,9.2,70,0,0,0,0,0.7,1.6,934,92,0,0,67,934
2026-09-20T20:30:00+08:00,2026-09-20 20:30:00,22.4,23.1,3.6,6.2,9.2,72,0,0,0,0,0.7,1.6,934,91,0,0,79,934
2026-09-20T20:25:00+08:00,2026-09-20 20:25:00,22.4,23.1,4.8,5.7,9.2,88,0,0,0,0,0.7,1.6,934,91,0,0,68,934
2026-09-20T20:20:00+08:00,2026-09-20 20:20:00,22.4,23.1,4.1,5.5,9.2,75,0,0,0,0,0.7,1.6,934,91,0,0,68,934
2026-09-20T20:15:00+08:00,2026-09-20 20:15:00,22.4,23.1,4.9,5.6,9.2,66,0,0,0,0,0.7,1.6,933.8,92,0,0,71,933.8
2026-09-20T20:10:00+08:00,2026-09-20 20:10:00,22.4,23.1,3.4,5.7,9.2,80,0,0,0,0,0.7,1.6,934,92,0,0,71,934
2026-09-20T20:05:00+08:00,2026-09-20 20:05:00,22.3,23,4.1,5.9,9.2,73,0,0,0,0,0.7,1.6,933.7,92,0,0,70,933.7
2026-09-20T20:00:00+08:00,2026-09-20 20:00:00,22.3,23,4.7,5.7,9.2,64,0,0,0,0,0.7,1.6,933.7,93,0,0,72,933.7
2026-09-20T19:55:00+08:00,2026-09-20 19:55:00,22.4,23.1,4.8,5.9,9.2,63,0,0,0,0,0.7,1.6,933.5,93,0,0,76,933.5
2026-09-20T19:50:00+08:00,2026-09-20 19:50:00,22.5,23.2,4,5.4,9.2,68,0,0,0,0,0.7,1.6,933.5,92,0,0,71,933.5
2026-09-20T19:45:00+08:00,2026-09-20 19:45:00,22.5,23.2,3.9,5.4,9.2,64,0,0,0,0,0.7,1.6,933.3,93,0,0,68,933.3
2026-09-20T19:40:00+08:00,2026-09-20 19:40:00,22.6,23.3,4.6,6,9.2,81,0,0,0,0,0.7,1.6,933.2,92,0,0,72,933.2
2026-09-20T19:35:00+08:00,2026-09-20 19:35:00,22.6,23.3,5,5.4,9.2,63,0,0,0,0,0.7,1.6,933.3,92,0,0,64,933.3
2026-09-20T19:30:00+08:00,2026-09-20 19:30:00,22.7,23.4,4,5.4,9.2,55,0,0,0,0,0.7,1.6,933.1,91,0,0,68,933.1
2026-09-20T19:25:00+08:00,2026-09-20 19:25:00,22.7,23.4,3.6,4.5,9.2,72,0,0,0,0,0.7,1.6,933.2,91,0,0,68,933.2
2026-09-20T19:20:00+08:00,2026-09-20 19:20:00,22.8,23.5,4.7,5.4,9.2,78,0,0,0,0,0.7,1.6,933,90,0,0,70,933
2026-09-20T19:15:00+08:00,2026-09-20 19:15:00,22.9,23.6,3.2,5.1,9.2,60,0,0,0,0,0.7,1.6,933,90,0,0,73,933
2026-09-20T19:10:00+08:00,2026-09-20 19:10:00,22.9,23.6,2.7,4.6,9.2,80,0,0,0,0,0.7,1.6,933,90,0,0,79,933
2026-09-20T19:05:00+08:00,2026-09-20 19:05:00,23.1,23.8,3.5,5.1,9.2,84,0,0,0,0,0.7,1.6,932.9,89,0,0,74,932.9
2026-09-20T19:00:00+08:00,2026-09-20 19:00:00,23.1,23.8,3.4,4.7,9.2,71,0,0,0,0,0.7,1.6,932.8,88,0,0,73,932.8
2026-09-20T18:55:00+08:00,2026-09-20 18:55:00,23.1,23.8,4.4,5.9,9.2,75,0,0,0,0,0.7,1.6,932.6,88,0,0,72,932.6
2026-09-20T18:50:00+08:00,2026-09-20 18:50:00,23.1,23.8,3.2,6.9,9.2,74,0,0,0,0,0.7,1.6,932.7,88,0,0,71,932.7
2026-09-20T18:45:00+08:00,2026-09-20 18:45:00,23.2,23.9,3.3,4.8,9.2,64,0,0,0,0,0.7,1.6,932.5,87,0,0,73,932.5
2026-09-20T18:40:00+08:00,2026-09-20 18:40:00,23.3,23.9,3,5.8,9.2,61,0,0,0,0,0.7,1.6,932.5,86,0,0,75,932.5
2026-09-20T18:35:00+08:00,2026-09-20 18:35:00,23.3,23.9,3.3,6.1,9.2,82,0,0,0,0,0.7,1.6,932,86,0,0,74,932
2026-09-20T18:30:00+08:00,2026-09-20 18:30:00,23.3,23.9,3.4,5.8,9.2,73,0,0,0,0,0.7,1.6,932.2,86,0,0,76,932.2
2026-09-20T18:25:00+08:00,2026-09-20 18:25:00,23.5,24.1,4.2,6.7,9.2,76,0,0,0,0,0.7,1.6,932.2,85,0,0,76,932.2
2026-09-20T18:20:00+08:00,2026-09-20 18:20:00,23.7,24.3,3.3,4.9,9.2,67,0,0,0,0,0.7,1.6,932.2,84,0,0,74,932.2
2026-09-20T18:15:00+08:00,2026-09-20 18:15:00,23.8,24.4,4.1,6.3,9.2,72,0,0,0,0,0.7,1.6,932.1,84,0,0,73,932.1
2026-09-20T18:10:00+08:00,2026-09-20 18:10:00,23.7,24.3,4.8,8.4,9.2,78,0,0,0,0,0.7,1.6,931.9,84,0,0,77,931.9
2026-09-20T18:05:00+08:00,2026-09-20 18:05:00,23.8,24.4,5,7.8,9.2,73,0,0,0,0,0.7,1.6,931.8,84,0,0.1,78,931.8
2026-09-20T18:00:00+08:00,2026-09-20 18:00:00,24,24.6,4.3,6.7,9.2,74,0,0,0,0,0.7,1.6,931.5,83,0,0.6,75,931.5
2026-09-20T17:55:00+08:00,2026-09-20 17:55:00,24.2,24.8,4.1,6.9,9.2,81,0,0,0,0,0.7,1.6,931.7,82,0,1.6,73,931.7
2026-09-20T17:50:00+08:00,2026-09-20 17:50:00,24.3,24.9,5.3,6.9,9.2,80,0,0,0,0,0.7,1.6,931.5,81,0,3.5,72,931.5
2026-09-20T17:45:00+08:00,2026-09-20 17:45:00,24.6,25.2,4.6,6.8,9.2,81,0,0,0,0,0.7,1.6,931.3,80,0,6.4,72,931.3
2026-09-20T17:40:00+08:00,2026-09-20 17:40:00,24.6,25.2,7.2,7.3,9.2,73,0,0,0,0,0.7,1.6,931.3,80,0,10.8,77,931.3
2026-09-20T17:35:00+08:00,2026-09-20 17:35:00,24.9,25.5,4.9,6.5,9.2,66,0,0,0,0,0.7,1.6,931.3,78,0,16.8,76,931.3
2026-09-20T17:31:00+08:00,2026-09-20 17:31:00,25.1,25.7,4.8,6.1,9.2,77,0,0,0,0,0.7,1.6,931.2,77,0,21,75,931.2
2026-09-20T17:25:00+08:00,2026-09-20 17:25:00,25.2,25.8,5.6,7.7,9.2,81,0,0,0,0,0.7,1.6,931,77,0,28.4,68,931
2026-09-20T17:20:00+08:00,2026-09-20 17:20:00,25.2,25.8,4.6,7.8,9.2,62,0,0,0,0,0.7,1.6,930.9,77,0,36.9,77,930.9
2026-09-20T17:15:00+08:00,2026-09-20 17:15:00,25.8,26.3,4.8,6.8,9.2,67,0,0,0,0,0.7,1.6,931.1,74,0,48.5,78,931.1
2026-09-20T17:10:00+08:00,2026-09-20 17:10:00,25.9,26.5,4.2,8.1,9.2,82,0,0,0,0,0.7,1.6,930.6,74,0,60.4,78,930.6
2026-09-20T17:05:00+08:00,2026-09-20 17:05:00,26,26.6,4.8,7,9.2,78,0,0,0,0,0.7,1.6,930.6,73,0,72.6,80,930.6
2026-09-20T17:00:00+08:00,2026-09-20 17:00:00,26.5,27.1,4.6,6.4,9.2,79,0,0,0,0,0.7,1.6,930.8,71,0,89,81,930.8
2026-09-20T16:55:00+08:00,2026-09-20 16:55:00,26.8,28.4,4.2,6.7,9.2,94,0,0,0,0,0.7,1.6,930.5,69,0,104,77,930.5
2026-09-20T16:50:00+08:00,2026-09-20 16:50:00,26.9,28.6,4.5,5.6,9.2,84,0,0,0,0,0.7,1.6,930.5,69,1,118.9,84,930.5
2026-09-20T16:45:00+08:00,2026-09-20 16:45:00,27.3,29.2,5,6.2,9.2,84,0,0,0,0,0.7,1.6,930.5,69,1,127,78,930.5
2026-09-20T16:40:00+08:00,2026-09-20 16:40:00,26.9,28.6,5,7.2,9.2,66,0,0,0,0,0.7,1.6,930.4,69,1,146.9,82,930.4
2026-09-20T16:35:00+08:00,2026-09-20 16:35:00,27.4,29.2,4.3,7.4,9.2,78,0,0,0,0,0.7,1.6,930.2,67,1,178.1,85,930.2
2026-09-20T16:30:00+08:00,2026-09-20 16:30:00,27.5,29.4,7.1,8.2,9.2,85,0,0,0,0,0.7,1.6,930.3,67,1,187.8,80,930.3
2026-09-20T16:25:00+08:00,2026-09-20 16:25:00,27.6,29.6,6,7.7,9.2,79,0,0,0,0,0.7,1.6,930.1,67,1,205.5,76,930.1
2026-09-20T16:20:00+08:00,2026-09-20 16:20:00,27.7,29.5,6.1,9.2,9.2,81,0,0,0,0,0.7,1.6,929.9,64,2,226.8,81,929.9
2026-09-20T16:15:00+08:00,2026-09-20 16:15:00,28,29.8,5.4,6.9,8.9,80,0,0,0,0,0.7,1.6,930,63,2,244.4,78,930
2026-09-20T16:10:00+08:00,2026-09-20 16:10:00,28.3,30,6.3,7,8.9,84,0,0,0,0,0.7,1.6,930.1,61,2,274.4,80,930.1
2026-09-20T16:05:00+08:00,2026-09-20 16:05:00,28.1,29.6,5.5,6.6,8.9,80,0,0,0,0,0.7,1.6,930,60,2,286.4,77,930
2026-09-20T16:00:00+08:00,2026-09-20 16:00:00,28.8,30.5,4.9,5.9,8.9,72,0,0,0,0,0.7,1.6,930,59,2,316.7,76,930
2026-09-20T15:55:00+08:00,2026-09-20 15:55:00,28.6,30.3,6,6.3,8.9,69,0,0,0,0,0.7,1.6,930.3,59,3,338.3,82,930.3
2026-09-20T15:50:00+08:00,2026-09-20 15:50:00,28.6,30.4,5.5,6.4,8.9,76,0,0,0,0,0.7,1.6,930.1,60,3,358.6,76,930.1
2026-09-20T15:45:00+08:00,2026-09-20 15:45:00,28.6,30.4,3.5,6.5,8.9,79,0,0,0,0,0.7,1.6,929.9,60,3,384.4,86,929.9
2026-09-20T15:40:00+08:00,2026-09-20 15:40:00,28.5,30.1,5.5,7.2,8.9,64,0,0,0,0,0.7,1.6,930,59,3,388.6,78,930
2026-09-20T15:35:00+08:00,2026-09-20 15:35:00,28.6,30.1,6.2,7.3,8.9,82,0,0,0,0,0.7,1.6,929.9,58,3,419.9,78,929.9
2026-09-20T15:30:00+08:00,2026-09-20 15:30:00,28.8,30.4,6.4,7.5,8.9,68,0,0,0,0,0.7,1.6,930.3,58,4,434.5,74,930.3
2026-09-20T15:25:00+08:00,2026-09-20 15:25:00,29.1,30.8,5.4,7.1,8.9,73,0,0,0,0,0.7,1.6,930.2,57,4,450,79,930.2
2026-09-20T15:20:00+08:00,2026-09-20 15:20:00,28.2,29.7,4.7,8.1,8.9,70,0,0,0,0,0.7,1.6,930.2,59,4,477.3,77,930.2
2026-09-20T15:15:00+08:00,2026-09-20 15:15:00,28.6,30.1,4.1,6.2,8.9,78,0,0,0,0,0.7,1.6,930.2,58,4,491.6,80,930.2
2026-09-20T15:10:00+08:00,2026-09-20 15:10:00,28.4,29.9,5,7.2,8.9,82,0,0,0,0,0.7,1.6,930.4,59,4,461.3,85,930.4
2026-09-20T15:05:00+08:00,2026-09-20 15:05:00,28.7,30.3,5.2,8.4,8.9,97,0,0,0,0,0.7,1.6,930.3,58,2,251.2,92,930.3
2026-09-20T15:00:00+08:00,2026-09-20 15:00:00,28.8,30.2,4.7,7.2,8.6,108,0,0,0,0,0.7,1.6,930.5,57,3,412.1,91,930.5
2026-09-20T14:55:00+08:00,2026-09-20 14:55:00,28.4,29.4,5.4,7.7,8.6,101,0,0,0,0,0.7,1.6,930.6,55,5,541.2,92,930.6
2026-09-20T14:50:00+08:00,2026-09-20 14:50:00,28.5,29.5,4.3,6.8,8.6,81,0,0,0,0,0.7,1.6,930.5,54,5,542.3,95,930.5
2026-09-20T14:45:00+08:00,2026-09-20 14:45:00,29,30,3.2,6.1,8.6,105,0,0,0,0,0.7,1.6,930.7,53,3,369.9,109,930.7
2026-09-20T14:40:00+08:00,2026-09-20 14:40:00,28.5,29.5,3.2,7.3,8.6,103,0,0,0,0,0.7,1.6,930.8,54,3,364.4,109,930.8
2026-09-20T14:35:00+08:00,2026-09-20 14:35:00,29.1,29.9,6.8,7.3,8.6,111,0,0,0,0,0.7,1.6,930.7,51,2,263,110,930.7
2026-09-20T14:30:00+08:00,2026-09-20 14:30:00,29.5,30.6,3,5.8,8.6,108,0,0,0,0,0.7,1.6,930.9,52,3,427.1,111,930.9
2026-09-20T14:25:00+08:00,2026-09-20 14:25:00,29.9,31,4.5,5.2,8.6,96,0,0,0,0,0.7,1.6,930.8,51,3,339.1,106,930.8
2026-09-20T14:20:00+08:00,2026-09-20 14:20:00,30.1,31.4,3.3,6.1,8.6,128,0,0,0,0,0.7,1.6,931,51,4,495.5,99,931
2026-09-20T14:15:00+08:00,2026-09-20 14:15:00,30.2,31.7,5,6.7,8.6,109,0,0,0,0,0.7,1.6,930.9,52,6,721.1,106,930.9
2026-09-20T14:10:00+08:00,2026-09-20 14:10:00,29.8,31.2,4.8,8.1,8.6,109,0,0,0,0,0.7,1.6,931.1,53,6,748.8,106,931.1
2026-09-20T14:05:00+08:00,2026-09-20 14:05:00,29.6,30.9,5.4,7.5,8.6,100,0,0,0,0,0.7,1.6,931,53,6,739.1,94,931
2026-09-20T14:00:00+08:00,2026-09-20 14:00:00,30.1,31.5,3.5,5.9,8.6,108,0,0,0,0,0.7,1.6,931.1,52,7,757.2,103,931.1
2026-09-20T13:55:00+08:00,2026-09-20 13:55:00,29.7,30.8,5.7,6.1,8.6,101,0,0,0,0,0.7,1.6,931.1,51,7,777,107,931.1
2026-09-20T13:50:00+08:00,2026-09-20 13:50:00,28.8,30,2.9,5.9,8.6,120,0,0,0,0,0.7,1.6,931.2,55,7,813.5,103,931.2
2026-09-20T13:45:00+08:00,2026-09-20 13:45:00,28.2,29.2,6.7,7,8.6,94,0,0,0,0,0.7,1.6,931.3,55,7,788.4,96,931.3
2026-09-20T13:40:00+08:00,2026-09-20 13:40:00,28.5,29.6,4.4,6.1,8.6,109,0,0,0,0,0.7,1.6,931.3,55,7,834.4,105,931.3
2026-09-20T13:35:00+08:00,2026-09-20 13:35:00,29.1,30.3,2.7,5.7,8.6,172,0,0,0,0,0.7,1.6,931.4,54,7,783.7,112,931.4
2026-09-20T13:30:00+08:00,2026-09-20 13:30:00,29,30.3,4.1,7.1,8.6,120,0,0,0,0,0.7,1.6,931.5,55,7,845.5,107,931.5
2026-09-20T13:25:00+08:00,2026-09-20 13:25:00,28.6,29.9,4.9,7.2,8.6,106,0,0,0,0,0.7,1.6,931.5,56,7,825.7,107,931.5
2026-09-20T13:20:00+08:00,2026-09-20 13:20:00,28.6,29.9,3.4,5.6,8.6,81,0,0,0,0,0.7,1.6,931.7,56,5,552.1,91,931.7
2026-09-20T13:15:00+08:00,2026-09-20 13:15:00,28.8,30,3.4,8.1,8.6,92,0,0,0,0,0.7,1.6,931.8,55,7,844.2,102,931.8
2026-09-20T13:10:00+08:00,2026-09-20 13:10:00,28.6,29.7,3.6,6.7,8.6,89,0,0,0,0,0.7,1.6,932,55,4,514.3,110,932
2026-09-20T13:05:00+08:00,2026-09-20 13:05:00,28.4,29.6,1.5,2,8.6,62,0,0,0,0,0.7,1.6,932.1,56,8,902,89,932.1
2026-09-20T13:00:00+08:00,2026-09-20 13:00:00,28.7,29.9,1.4,6.3,8.6,139,0,0,0,0,0.7,1.6,932.2,55,8,904.1,114,932.2
2026-09-20T12:55:00+08:00,2026-09-20 12:55:00,28.2,29.2,5,6.2,8.6,109,0,0,0,0,0.7,1.6,932.3,55,8,875.1,113,932.3
2026-09-20T12:50:00+08:00,2026-09-20 12:50:00,28.4,29.7,2.7,7.9,8.6,98,0,0,0,0,0.7,1.6,932.4,57,8,877.2,117,932.4
2026-09-20T12:45:00+08:00,2026-09-20 12:45:00,28.9,30.1,3.8,6,8.6,120,0,0,0,0,0.7,1.6,932.5,55,8,877.8,112,932.5
2026-09-20T12:40:00+08:00,2026-09-20 12:40:00,28.8,29.9,4.2,5.9,8.6,105,0,0,0,0,0.7,1.6,932.7,54,8,912.7,117,932.7
2026-09-20T12:35:00+08:00,2026-09-20 12:35:00,28.4,29.7,4.3,5.6,8.6,130,0,0,0,0,0.7,1.6,932.8,57,8,955.3,115,932.8
2026-09-20T12:30:00+08:00,2026-09-20 12:30:00,28.5,29.4,5.2,5.7,8.6,110,0,0,0,0,0.7,1.6,932.9,53,8,880.1,109,932.9
2026-09-20T12:26:00+08:00,2026-09-20 12:26:00,28.6,29.9,3.5,7.1,8.6,106,0,0,0,0,0.7,1.6,932.9,56,8,896,121,932.9
2026-09-20T12:20:00+08:00,2026-09-20 12:20:00,28.3,29.4,5.4,7.2,8.6,97,0,0,0,0,0.7,1.6,932.8,56,8,894.6,100,932.8
2026-09-20T12:15:00+08:00,2026-09-20 12:15:00,28.1,29.2,3,6.5,8.6,107,0,0,0,0,0.7,1.6,933.2,56,4,522.2,107,933.2
2026-09-20T12:10:00+08:00,2026-09-20 12:10:00,27.9,29,2.7,5.6,8.6,100,0,0,0,0,0.7,1.6,933.2,57,4,533.6,107,933.2
2026-09-20T12:05:00+08:00,2026-09-20 12:05:00,27.7,28.8,3,3.9,8.6,104,0,0,0,0,0.7,1.6,933.2,57,3,350.8,109,933.2
2026-09-20T12:00:00+08:00,2026-09-20 12:00:00,28.5,29.7,4.8,5.9,8.6,92,0,0,0,0,0.7,1.6,933.3,56,3,361.7,109,933.3
2026-09-20T11:55:00+08:00,2026-09-20 11:55:00,28.3,29.7,4.2,5.1,8.6,91,0,0,0,0,0.7,1.6,933.4,59,8,898.7,109,933.4
2026-09-20T11:50:00+08:00,2026-09-20 11:50:00,28,29.1,6.2,6.6,8.2,110,0,0,0,0,0.7,1.6,933.4,57,8,931.6,101,933.4
2026-09-20T11:45:00+08:00,2026-09-20 11:45:00,27.7,28.9,2.4,5,8.2,122,0,0,0,0,0.7,1.6,933.7,58,8,897.5,103,933.7
2026-09-20T11:40:00+08:00,2026-09-20 11:40:00,27.8,28.9,4.4,6.5,6.5,95,0,0,0,0,0.7,1.6,933.6,58,8,937.3,103,933.6
2026-09-20T11:35:00+08:00,2026-09-20 11:35:00,28,29.1,4.2,5.3,6.4,99,0,0,0,0,0.7,1.6,933.7,57,8,906.2,106,933.7
2026-09-20T11:30:00+08:00,2026-09-20 11:30:00,27.6,28.7,2.2,2.7,6.4,107,0,0,0,0,0.7,1.6,933.9,58,8,903.5,114,933.9
2026-09-20T11:25:00+08:00,2026-09-20 11:25:00,27.4,28.3,0.6,4.8,6.4,84,0,0,0,0,0.7,1.6,933.9,57,7,829.6,114,933.9
2026-09-20T11:20:00+08:00,2026-09-20 11:20:00,27.7,28.6,4.1,6.4,6.4,85,0,0,0,0,0.7,1.6,934.1,55,7,838.4,113,934.1
2026-09-20T11:15:00+08:00,2026-09-20 11:15:00,27.7,28.8,1.6,3.4,6.1,111,0,0,0,0,0.7,1.6,934.1,57,7,780.2,121,934.1
2026-09-20T11:10:00+08:00,2026-09-20 11:10:00,27.8,28.7,1.7,3.6,6.1,138,0,0,0,0,0.7,1.6,934.2,56,4,462,140,934.2
2026-09-20T11:05:00+08:00,2026-09-20 11:05:00,27.7,28.7,2.4,4.5,6.1,145,0,0,0,0,0.7,1.6,934.4,56,6,728.7,114,934.4
2026-09-20T11:00:00+08:00,2026-09-20 11:00:00,27.6,28.6,1.9,3.7,6.1,121,0,0,0,0,0.7,1.6,934.5,57,8,879.6,119,934.5
2026-09-20T10:55:00+08:00,2026-09-20 10:55:00,27.5,28.6,0.6,2.5,6.1,118,0,0,0,0,0.7,1.6,934.6,59,8,886.7,87,934.6
2026-09-20T10:50:00+08:00,2026-09-20 10:50:00,26.2,26.5,2.1,3.2,6.1,82,0,0,0,0,0.7,1.6,934.7,60,4,469.8,94,934.7
2026-09-20T10:45:00+08:00,2026-09-20 10:45:00,26,26.3,2.4,4.8,6.1,98,0,0,0,0,0.7,1.6,934.7,62,6,695.1,99,934.7
2026-09-20T10:40:00+08:00,2026-09-20 10:40:00,26.7,27.7,2.4,4.2,6.1,85,0,0,0,0,0.7,1.6,935,60,5,555.1,99,935
2026-09-20T10:35:00+08:00,2026-09-20 10:35:00,26.6,26.9,3.3,3.7,6.1,93,0,0,0,0,0.7,1.6,934.9,61,5,558.5,102,934.9
2026-09-20T10:30:00+08:00,2026-09-20 10:30:00,26.5,26.8,5.4,5.5,6.1,117,0,0,0,0,0.7,1.6,935,60,7,794,100,935
2026-09-20T10:25:00+08:00,2026-09-20 10:25:00,26.6,26.9,3.5,6.1,6.1,100,0,0,0,0,0.7,1.6,935,61,8,875.9,99,935
2026-09-20T10:20:00+08:00,2026-09-20 10:20:00,26.8,28.1,1.3,3.2,5.8,93,0,0,0,0,0.7,1.6,935,65,8,915.9,94,935
2026-09-20T10:15:00+08:00,2026-09-20 10:15:00,26.1,26.4,2.5,4.3,5.8,101,0,0,0,0,0.7,1.6,935.2,63,5,606.5,101,935.2
2026-09-20T10:10:00+08:00,2026-09-20 10:10:00,25.7,26,1,3.2,5.8,101,0,0,0,0,0.7,1.6,935.3,63,4,499.1,109,935.3
2026-09-20T10:05:00+08:00,2026-09-20 10:05:00,26.3,26.6,2.3,5.6,5.6,129,0,0,0,0,0.7,1.6,935.1,62,4,472.9,118,935.1
2026-09-20T10:00:00+08:00,2026-09-20 10:00:00,27,28,3.5,3.8,5.3,153,0,0,0,0,0.7,1.6,935.4,59,4,493.4,109,935.4
2026-09-20T09:55:00+08:00,2026-09-20 09:55:00,26.9,28,2.6,3.3,5.3,122,0,0,0,0,0.7,1.6,935.3,61,5,559.8,185,935.3
2026-09-20T09:50:00+08:00,2026-09-20 09:50:00,27.1,28.1,0.6,3.2,5.3,207,0,0,0,0,0.7,1.6,935.3,58,5,634.6,127,935.3
2026-09-20T09:45:00+08:00,2026-09-20 09:45:00,26.6,26.9,0.6,2.8,5.3,160,0,0,0,0,0.7,1.6,935.3,60,5,614.1,135,935.3
2026-09-20T09:40:00+08:00,2026-09-20 09:40:00,26.8,27.7,2.6,4.4,5.3,151,0,0,0,0,0.7,1.6,935.5,59,5,557.6,136,935.5
2026-09-20T09:35:00+08:00,2026-09-20 09:35:00,26.2,26.5,0.8,3.6,5.3,160,0,0,0,0,0.7,1.6,935.3,61,5,619.6,161,935.3
2026-09-20T09:30:00+08:00,2026-09-20 09:30:00,26.2,26.5,2.1,3.9,5.3,116,0,0,0,0,0.7,1.6,935.7,62,5,625.9,166,935.7
2026-09-20T09:25:00+08:00,2026-09-20 09:25:00,26.2,26.5,1.7,2.6,5.3,62,0,0,0,0,0.7,1.6,935.4,63,4,483.7,110,935.4
2026-09-20T09:20:00+08:00,2026-09-20 09:20:00,25.7,26,0.9,2.9,5.3,251,0,0,0,0,0.7,1.6,935.5,62,4,502.8,110,935.5
2026-09-20T09:15:00+08:00,2026-09-20 09:15:00,24.9,25.1,2.8,4.3,5.3,104,0,0,0,0,0.7,1.6,935.5,65,4,516,119,935.5
2026-09-20T09:10:00+08:00,2026-09-20 09:10:00,25.2,25.5,2.1,4.8,5.3,167,0,0,0,0,0.7,1.6,935.6,64,4,476.4,122,935.6
2026-09-20T09:05:00+08:00,2026-09-20 09:05:00,25.5,25.8,2.2,3.9,4.4,113,0,0,0,0,0.7,1.6,935.4,64,4,471.7,124,935.4
2026-09-20T09:00:00+08:00,2026-09-20 09:00:00,25,25.3,1.4,3.3,4.4,144,0,0,0,0,0.7,1.6,935.6,66,4,439.8,141,935.6
2026-09-20T08:55:00+08:00,2026-09-20 08:55:00,25.2,25.5,1.5,3.7,4.4,137,0,0,0,0,0.7,1.6,935.6,65,3,388.8,141,935.6
2026-09-20T08:50:00+08:00,2026-09-20 08:50:00,24.9,25.1,1.3,3.9,4.4,166,0,0,0,0,0.7,1.6,935.7,65,3,399.4,180,935.7
2026-09-20T08:45:00+08:00,2026-09-20 08:45:00,25,25.3,1.9,3.7,4.4,149,0,0,0,0,0.7,1.6,935.9,67,4,445.5,100,935.9
2026-09-20T08:40:00+08:00,2026-09-20 08:40:00,25.2,25.5,1.1,2.6,4.4,133,0,0,0,0,0.7,1.6,935.7,66,3,393,175,935.7
2026-09-20T08:35:00+08:00,2026-09-20 08:35:00,25.2,25.5,1.3,2.7,4.4,179,0,0,0,0,0.7,1.6,935.9,65,3,352.8,170,935.9
2026-09-20T08:30:00+08:00,2026-09-20 08:30:00,25.6,25.9,0.8,1.9,4.4,138,0,0,0,0,0.7,1.6,935.7,65,3,356.8,146,935.7
2026-09-20T08:25:00+08:00,2026-09-20 08:25:00,24.6,24.9,1.8,3.3,4.4,163,0,0,0,0,0.7,1.6,935.8,67,3,355.3,177,935.8
2026-09-20T08:20:00+08:00,2026-09-20 08:20:00,25.3,25.6,1.6,2,4.4,132,0,0,0,0,0.7,1.6,935.7,65,1,177.1,5,935.7
2026-09-20T08:15:00+08:00,2026-09-20 08:15:00,24.9,25.2,1,2,4.4,234,0,0,0,0,0.7,1.6,935.6,66,2,308.8,9,935.6
2026-09-20T08:10:00+08:00,2026-09-20 08:10:00,24.8,25,1.5,2.1,4.4,9,0,0,0,0,0.7,1.6,935.6,65,2,312.7,179,935.6
2026-09-20T08:05:00+08:00,2026-09-20 08:05:00,24.4,24.7,1.5,2.3,4.4,202,0,0,0,0,0.7,1.6,935.5,68,2,288,180,935.5
2026-09-20T08:00:00+08:00,2026-09-20 08:00:00,24.6,24.9,0.8,4,4.4,163,0,0,0,0,0.7,1.6,935.5,68,2,271.8,173,935.5
2026-09-20T07:55:00+08:00,2026-09-20 07:55:00,24.4,24.7,0.6,1.7,4.4,176,0,0,0,0,0.7,1.6,935.6,70,1,208.8,174,935.6
2026-09-20T07:50:00+08:00,2026-09-20 07:50:00,23.7,24.1,0,2.7,4.4,199,0,0,0,0,0.7,1.6,935.5,73,2,250.9,275,935.5
2026-09-20T07:45:00+08:00,2026-09-20 07:45:00,23.4,23.8,1.5,2.5,4.4,260,0,0,0,0,0.7,1.6,935.6,77,2,256,275,935.6
2026-09-20T07:40:00+08:00,2026-09-20 07:40:00,23.5,23.9,0,2.6,4.4,222,0,0,0,0,0.7,1.6,935.4,76,2,237.7,205,935.4
2026-09-20T07:35:00+08:00,2026-09-20 07:35:00,23.1,23.5,1.2,2.5,4.4,209,0,0,0,0,0.7,1.6,935.3,77,2,241.4,200,935.3
2026-09-20T07:30:00+08:00,2026-09-20 07:30:00,23.5,23.9,0,1.3,4.4,193,0,0,0,0,0.7,1.6,935.4,77,1,121.5,174,935.4
2026-09-20T07:25:00+08:00,2026-09-20 07:25:00,23,23.4,0,2,4.4,173,0,0,0,0,0.7,1.6,935.4,80,1,182.1,174,935.4
2026-09-20T07:20:00+08:00,2026-09-20 07:20:00,22.6,23,0.5,3.9,4.4,70,0,0,0,0,0.7,1.6,935.4,81,1,152.8,183,935.4
2026-09-20T07:15:00+08:00,2026-09-20 07:15:00,22.6,23,1.2,1.9,4.4,269,0,0,0,0,0.7,1.6,935.4,80,1,172.8,185,935.4
2026-09-20T07:10:00+08:00,2026-09-20 07:10:00,22.5,22.9,0,1.1,4.4,218,0,0,0,0,0.7,1.6,935.4,80,1,129.6,205,935.4
2026-09-20T07:05:00+08:00,2026-09-20 07:05:00,22.2,22.6,0,1.8,4.4,162,0,0,0,0,0.7,1.6,935.4,81,1,148.1,149,935.4
2026-09-20T07:00:00+08:00,2026-09-20 07:00:00,22.1,22.5,0.5,1.1,4.4,20,0,0,0,0,0.7,1.6,935.4,82,1,112.5,174,935.4
2026-09-20T06:55:00+08:00,2026-09-20 06:55:00,21.9,22.3,0,0.8,4.4,228,0,0,0,0,0.7,1.6,935.2,83,0,94.5,197,935.2
2026-09-20T06:50:00+08:00,2026-09-20 06:50:00,21.7,22.1,0,1.4,4.4,113,0,0,0,0,0.7,1.6,935.5,84,0,77.5,199,935.5
2026-09-20T06:45:00+08:00,2026-09-20 06:45:00,21.6,22,0.6,0.8,4.4,105,0,0,0,0,0.7,1.6,935.5,85,0,73.2,274,935.5
2026-09-20T06:40:00+08:00,2026-09-20 06:40:00,21.4,21.8,1.5,2.2,4.4,266,0,0,0,0,0.7,1.6,935.3,85,0,65,283,935.3
2026-09-20T06:35:00+08:00,2026-09-20 06:35:00,21.3,21.7,0.7,1.8,4.4,291,0,0,0,0,0.7,1.6,935.2,87,0,52.8,279,935.2
2026-09-20T06:30:00+08:00,2026-09-20 06:30:00,21.2,21.6,1.6,1.6,4.4,265,0,0,0,0,0.7,1.6,935.4,86,0,42.8,273,935.4
2026-09-20T06:25:00+08:00,2026-09-20 06:25:00,21.2,21.6,1,1,4.4,286,0,0,0,0,0.7,1.6,935.2,86,0,37,277,935.2
2026-09-20T06:21:00+08:00,2026-09-20 06:21:00,21,21.4,0,1.1,4.4,276,0,0,0,0,0.7,1.6,935,86,0,30.1,319,935
2026-09-20T06:15:00+08:00,2026-09-20 06:15:00,20.9,21.3,0.8,1.2,4.4,233,0,0,0,0,0.7,1.6,935.2,87,0,24.8,259,935.2
2026-09-20T06:10:00+08:00,2026-09-20 06:10:00,20.8,21.2,0,0.7,4.4,272,0,0,0,0,0.7,1.6,935.2,88,0,18.4,180,935.2
2026-09-20T06:05:00+08:00,2026-09-20 06:05:00,20.7,21.1,0.6,0.8,4.4,201,0,0,0,0,0.7,1.6,934.9,88,0,15.8,218,934.9
2026-09-20T06:00:00+08:00,2026-09-20 06:00:00,20.7,21.2,0,0.9,4.4,180,0,0,0,0,0.7,1.6,935,90,0,9,269,935
2026-09-20T05:55:00+08:00,2026-09-20 05:55:00,20.8,21.3,0,1,4.4,251,0,0,0,0,0.7,1.6,934.8,90,0,7,269,934.8
2026-09-20T05:50:00+08:00,2026-09-20 05:50:00,20.8,21.3,0.8,1.9,4.4,275,0,0,0,0,0.7,1.6,934.7,90,0,4.3,278,934.7
2026-09-20T05:45:00+08:00,2026-09-20 05:45:00,20.7,21.2,0.7,1.3,4.4,276,0,0,0,0,0.7,1.6,934.8,91,0,2.1,278,934.8
2026-09-20T05:40:00+08:00,2026-09-20 05:40:00,20.7,21.3,0.5,1.5,4.4,239,0,0,0,0,0.7,1.6,934.8,92,0,0.9,291,934.8
2026-09-20T05:35:00+08:00,2026-09-20 05:35:00,20.5,21,0.8,1.7,4.4,273,0,0,0,0,0.7,1.6,934.7,92,0,0.4,283,934.7
2026-09-20T05:30:00+08:00,2026-09-20 05:30:00,20.4,20.9,0.9,1.2,4.4,282,0,0,0,0,0.7,1.6,934.7,93,0,0.1,269,934.7
2026-09-20T05:25:00+08:00,2026-09-20 05:25:00,20.5,21.1,0,1.1,4.4,280,0,0,0,0,0.7,1.6,934.8,94,0,0,263,934.8
2026-09-20T05:20:00+08:00,2026-09-20 05:20:00,20.5,21.1,0,0.9,4.4,330,0,0,0,0,0.7,1.6,934.5,94,0,0,230,934.5
2026-09-20T05:15:00+08:00,2026-09-20 05:15:00,20.5,21.1,0,0.8,4.4,223,0,0,0,0,0.7,1.6,934.5,94,0,0,196,934.5
2026-09-20T05:10:00+08:00,2026-09-20 05:10:00,20.6,21.2,0.5,0.8,4.4,201,0,0,0,0,0.7,1.6,934.4,94,0,0,197,934.4
2026-09-20T05:05:00+08:00,2026-09-20 05:05:00,20.6,21.2,0,0.8,4.4,281,0,0,0,0,0.7,1.6,934.3,94,0,0,28,934.3
2026-09-20T05:00:00+08:00,2026-09-20 05:00:00,20.7,21.3,0,0.5,4.4,29,0,0,0,0,0.7,1.6,934.3,94,0,0,126,934.3
2026-09-20T04:55:00+08:00,2026-09-20 04:55:00,20.8,21.4,0,0.8,4.4,135,0,0,0,0,0.7,1.6,934.3,94,0,0,135,934.3
2026-09-20T04:50:00+08:00,2026-09-20 04:50:00,20.8,21.3,0,0.5,4.4,107,0,0,0,0,0.7,1.6,934.3,93,0,0,122,934.3
2026-09-20T04:45:00+08:00,2026-09-20 04:45:00,20.9,21.5,0.5,1.1,4.4,138,0,0,0,0,0.7,1.6,934.4,93,0,0,115,934.4
2026-09-20T04:40:00+08:00,2026-09-20 04:40:00,20.9,21.5,0.6,0.6,4.4,120,0,0,0,0,0.7,1.6,934.2,93,0,0,124,934.2
2026-09-20T04:35:00+08:00,2026-09-20 04:35:00,21,21.6,0.6,0.9,4.4,116,0,0,0,0,0.7,1.6,934.1,93,0,0,128,934.1
2026-09-20T04:30:00+08:00,2026-09-20 04:30:00,21,21.6,0,0.8,4.4,166,0,0,0,0,0.7,1.6,934.1,93,0,0,128,934.1
2026-09-20T04:25:00+08:00,2026-09-20 04:25:00,21,21.6,1.1,1.5,4.4,133,0,0,0,0,0.7,1.6,933.9,92,0,0,107,933.9
2026-09-20T04:20:00+08:00,2026-09-20 04:20:00,21,21.6,0.8,1.3,4.4,104,0,0,0,0,0.7,1.6,934,92,0,0,131,934
2026-09-20T04:15:00+08:00,2026-09-20 04:15:00,21,21.6,0,1.3,4.4,148,0,0,0,0,0.7,1.6,933.7,92,0,0,128,933.7
2026-09-20T04:10:00+08:00,2026-09-20 04:10:00,21,21.6,0,0,4.4,195,0,0,0,0,0.7,1.6,934,92,0,0,269,934
2026-09-20T04:05:00+08:00,2026-09-20 04:05:00,21.1,21.7,0,0.8,4.4,309,0,0,0,0,0.7,1.6,933.9,92,0,0,269,933.9
2026-09-20T04:00:00+08:00,2026-09-20 04:00:00,21.1,21.7,0.7,1,4.4,276,0,0,0,0,0.7,1.6,934,92,0,0,293,934
2026-09-20T03:55:00+08:00,2026-09-20 03:55:00,21,21.6,0.6,0.8,4.4,298,0,0,0,0,0.7,1.6,933.9,92,0,0,285,933.9
2026-09-20T03:50:00+08:00,2026-09-20 03:50:00,21,21.6,0,0.7,4.4,283,0,0,0,0,0.7,1.6,934.1,92,0,0,264,934.1
2026-09-20T03:45:00+08:00,2026-09-20 03:45:00,21,21.6,0.6,0.8,4.4,259,0,0,0,0,0.7,1.6,933.9,92,0,0,271,933.9
2026-09-20T03:40:00+08:00,2026-09-20 03:40:00,21.1,21.7,0.8,1.3,4.4,279,0,0,0,0,0.7,1.6,934,92,0,0,269,934
2026-09-20T03:35:00+08:00,2026-09-20 03:35:00,21.1,21.7,1,1.5,4.4,277,0,0,0,0,0.7,1.6,934,92,0,0,273,934
2026-09-20T03:30:00+08:00,2026-09-20 03:30:00,21,21.6,0,1,4.4,202,0,0,0,0,0.7,1.6,934,92,0,0,211,934
2026-09-20T03:25:00+08:00,2026-09-20 03:25:00,21.1,21.7,0,0.9,4.4,224,0,0,0,0,0.7,1.6,934,92,0,0,241,934
2026-09-20T03:20:00+08:00,2026-09-20 03:20:00,21.1,21.7,0,0,4.4,235,0,0,0,0,0.7,1.6,934,92,0,0,184,934
2026-09-20T03:15:00+08:00,2026-09-20 03:15:00,21.1,21.7,0.7,0.9,4.4,168,0,0,0,0,0.7,1.6,934.1,91,0,0,184,934.1
2026-09-20T03:10:00+08:00,2026-09-20 03:10:00,21.1,21.7,0,0.6,4.4,102,0,0,0,0,0.7,1.6,934,92,0,0,183,934
2026-09-20T03:05:00+08:00,2026-09-20 03:05:00,21,21.5,0.5,1,4.4,188,0,0,0,0,0.7,1.6,934,91,0,0,195,934
2026-09-20T03:00:00+08:00,2026-09-20 03:00:00,21,21.6,0,0.6,4.4,214,0,0,0,0,0.7,1.6,934,92,0,0,120,934
2026-09-20T02:55:00+08:00,2026-09-20 02:55:00,21,21.6,0,0.7,4.4,136,0,0,0,0,0.7,1.6,933.8,92,0,0,114,933.8
2026-09-20T02:50:00+08:00,2026-09-20 02:50:00,21,21.6,0.9,1.2,4.4,114,0,0,0,0,0.7,1.6,933.7,92,0,0,118,933.7
2026-09-20T02:45:00+08:00,2026-09-20 02:45:00,21,21.6,1.5,1.6,4.4,117,0,0,0,0,0.7,1.6,933.8,92,0,0,118,933.8
2026-09-20T02:40:00+08:00,2026-09-20 02:40:00,21,21.6,0.7,1.3,4.4,118,0,0,0,0,0.7,1.6,934,92,0,0,109,934
2026-09-20T02:35:00+08:00,2026-09-20 02:35:00,21,21.6,2.2,2.2,4.4,110,0,0,0,0,0.7,1.6,934,92,0,0,102,934
2026-09-20T02:30:00+08:00,2026-09-20 02:30:00,21.1,21.7,2,2.4,4.4,100,0,0,0,0,0.7,1.6,933.9,93,0,0,96,933.9
2026-09-20T02:25:00+08:00,2026-09-20 02:25:00,21.1,21.7,1.9,2.7,4.4,100,0,0,0,0,0.7,1.6,933.8,92,0,0,98,933.8
2026-09-20T02:20:00+08:00,2026-09-20 02:20:00,21.1,21.7,2.1,3,4.4,98,0,0,0,0,0.7,1.6,933.8,93,0,0,99,933.8
2026-09-20T02:16:00+08:00,2026-09-20 02:16:00,21.1,21.7,2.2,3,4.4,105,0,0,0,0,0.7,1.6,933.8,93,0,0,100,933.8
2026-09-20T02:10:00+08:00,2026-09-20 02:10:00,21.1,21.7,2.5,3,4.4,97,0,0,0,0,0.7,1.6,933.9,93,0,0,100,933.9
2026-09-20T02:05:00+08:00,2026-09-20 02:05:00,21.2,21.8,2.1,2.8,4.4,106,0,0,0,0,0.7,1.6,933.9,93,0,0,98,933.9
2026-09-20T02:00:00+08:00,2026-09-20 02:00:00,21.3,21.9,2,3.9,4.4,107,0,0,0,0,0.7,1.6,933.9,92,0,0,101,933.9
2026-09-20T01:55:00+08:00,2026-09-20 01:55:00,21.3,21.9,3.1,3.7,4.4,96,0,0,0,0,0.7,1.6,933.9,92,0,0,102,933.9
2026-09-20T01:50:00+08:00,2026-09-20 01:50:00,21.4,22,2.6,2.8,4.4,98,0,0,0,0,0.7,1.6,934.1,92,0,0,105,934.1
2026-09-20T01:45:00+08:00,2026-09-20 01:45:00,21.3,21.9,1.2,2,4.4,120,0,0,0,0,0.7,1.6,934.1,92,0,0,125,934.1
2026-09-20T01:40:00+08:00,2026-09-20 01:40:00,21.3,21.9,0.8,2.1,4.4,168,0,0,0,0,0.7,1.6,934,92,0,0,115,934
2026-09-20T01:35:00+08:00,2026-09-20 01:35:00,21.3,21.9,1.6,2.4,4.4,106,0,0,0,0,0.7,1.6,934.1,92,0,0,115,934.1
2026-09-20T01:30:00+08:00,2026-09-20 01:30:00,21.4,22,1.4,1.9,4.4,85,0,0,0,0,0.7,1.6,934.2,92,0,0,100,934.2
2026-09-20T01:25:00+08:00,2026-09-20 01:25:00,21.3,21.9,0.8,1.5,4.4,111,0,0,0,0,0.7,1.6,934,92,0,0,102,934
2026-09-20T01:20:00+08:00,2026-09-20 01:20:00,21.3,21.9,2.5,2.8,4.4,112,0,0,0,0,0.7,1.6,934.2,92,0,0,104,934.2
2026-09-20T01:15:00+08:00,2026-09-20 01:15:00,21.4,22,1.9,2.9,4.4,102,0,0,0,0,0.7,1.6,934.1,92,0,0,104,934.1
2026-09-20T01:10:00+08:00,2026-09-20 01:10:00,21.5,22.1,2.1,3.3,4.4,103,0,0,0,0,0.7,1.6,934,91,0,0,104,934
2026-09-20T01:05:00+08:00,2026-09-20 01:05:00,21.4,22,2.5,4.1,4.4,107,0,0,0,0,0.7,1.6,934.1,91,0,0,103,934.1
2026-09-20T01:00:00+08:00,2026-09-20 01:00:00,21.5,22.1,2.5,3.8,4.4,109,0,0,0,0,0.7,1.6,934.1,91,0,0,68,934.1
2026-09-20T00:55:00+08:00,2026-09-20 00:55:00,21.5,22.1,2.8,4,4.4,78,0,0,0,0,0.7,1.6,934.3,91,0,0,68,934.3
2026-09-20T00:50:00+08:00,2026-09-20 00:50:00,21.5,22.1,2.6,3.8,3.9,71,0,0,0,0,0.7,1.6,934.4,91,0,0,71,934.4
2026-09-20T00:45:00+08:00,2026-09-20 00:45:00,21.5,22.1,2.4,3.9,3.9,65,0,0,0,0,0.7,1.6,934.4,91,0,0,67,934.4
2026-09-20T00:40:00+08:00,2026-09-20 00:40:00,21.4,22,2.5,3.3,3.8,75,0,0,0,0,0.7,1.6,934.3,91,0,0,69,934.3
2026-09-20T00:35:00+08:00,2026-09-20 00:35:00,21.5,22.1,2.5,3.3,3.8,65,0,0,0,0,0.7,1.6,934.5,91,0,0,57,934.5
2026-09-20T00:30:00+08:00,2026-09-20 00:30:00,21.5,22.1,2.5,3.5,3.8,62,0,0,0,0,0.7,1.6,934.6,91,0,0,66,934.6
2026-09-20T00:25:00+08:00,2026-09-20 00:25:00,21.5,22.1,2.2,3,3.8,67,0,0,0,0,0.7,1.6,934.5,91,0,0,63,934.5
2026-09-20T00:20:00+08:00,2026-09-20 00:20:00,21.5,22.1,2.8,3.3,3.8,72,0,0,0,0,0.7,1.6,934.6,91,0,0,66,934.6
2026-09-20T00:15:00+08:00,2026-09-20 00:15:00,21.6,22.2,2.2,3.8,3.8,73,0,0,0,0,0.7,1.6,934.7,91,0,0,80,934.7
2026-09-20T00:10:00+08:00,2026-09-20 00:10:00,21.4,22,2.6,2.6,2.6,67,0,0,0,0,0.7,1.6,934.7,91,0,0,87,934.7
2026-09-20T00:05:00+08:00,2026-09-20 00:05:00,21.5,22.1,1.4,1.6,2.1,85,0,0,0,0,0.7,1.6,934.9,91,0,0,80,934.9
2026-09-20T00:00:00+08:00,2026-09-20 00:00:00,21.4,22,1.3,2.1,2.1,104,0,0,0,0,0.7,1.6,935,91,0,0,86,935
2026-09-19T23:55:00+08:00,2026-09-19 23:55:00,21.4,22,1.5,2.9,11.4,86,0,0,0,0.6,0.7,1.6,934.9,91,0,0,77,934.9
2026-09-19T23:50:00+08:00,2026-09-19 23:50:00,21.4,22,1.9,2.9,11.4,76,0,0,0,0.6,0.7,1.6,934.9,91,0,0,85,934.9
2026-09-19T23:45:00+08:00,2026-09-19 23:45:00,21.4,22,1.5,2.5,11.4,76,0,0,0,0.6,0.7,1.6,935,91,0,0,86,935
2026-09-19T23:40:00+08:00,2026-09-19 23:40:00,21.4,22,1.8,2.9,11.4,77,0,0,0,0.6,0.7,1.6,935.1,91,0,0,86,935.1
2026-09-19T23:35:00+08:00,2026-09-19 23:35:00,21.5,22.1,1.5,1.8,11.4,87,0,0,0,0.6,0.7,1.6,935,91,0,0,86,935
2026-09-19T23:30:00+08:00,2026-09-19 23:30:00,21.5,22.1,2.2,2.6,11.4,91,0,0,0,0.6,0.7,1.6,935.1,91,0,0,96,935.1
2026-09-19T23:25:00+08:00,2026-09-19 23:25:00,21.6,22.2,2.1,2.5,11.4,102,0,0,0,0.6,0.7,1.6,935,90,0,0,96,935
2026-09-19T23:20:00+08:00,2026-09-19 23:20:00,21.6,22.2,2,2.7,11.4,112,0,0,0,0.6,0.7,1.6,935.1,91,0,0,94,935.1
2026-09-19T23:15:00+08:00,2026-09-19 23:15:00,21.6,22.2,1,1.7,11.4,95,0,0,0,0.6,0.7,1.6,935.3,91,0,0,97,935.3
2026-09-19T23:10:00+08:00,2026-09-19 23:10:00,21.4,22,1.2,1.5,11.4,92,0,0,0,0.6,0.7,1.6,935.1,91,0,0,101,935.1
2026-09-19T23:05:00+08:00,2026-09-19 23:05:00,21.4,22,0.7,1.3,11.4,13,0,0,0,0.6,0.7,1.6,935.3,91,0,0,74,935.3
2026-09-19T23:00:00+08:00,2026-09-19 23:00:00,21.3,21.9,0.8,1.1,11.4,89,0,0,0,0.6,0.7,1.6,935.3,92,0,0,88,935.3
2026-09-19T22:55:00+08:00,2026-09-19 22:55:00,21.3,21.9,0.9,1.6,11.4,83,0,0,0,0.6,0.7,1.6,935.2,92,0,0,87,935.2
2026-09-19T22:50:00+08:00,2026-09-19 22:50:00,21.3,21.9,2.4,2.5,11.4,94,0,0,0,0.6,0.7,1.6,935.1,92,0,0,91,935.1
2026-09-19T22:45:00+08:00,2026-09-19 22:45:00,21.4,22,2.3,3.3,11.4,93,0,0,0,0.6,0.7,1.6,935.2,92,0,0,96,935.2
2026-09-19T22:40:00+08:00,2026-09-19 22:40:00,21.5,22.1,2,2.5,11.4,105,0,0,0,0.6,0.7,1.6,935.2,91,0,0,96,935.2
2026-09-19T22:35:00+08:00,2026-09-19 22:35:00,21.5,22.1,2.8,3,11.4,94,0,0,0,0.6,0.7,1.6,935.3,91,0,0,100,935.3
2026-09-19T22:30:00+08:00,2026-09-19 22:30:00,21.5,22.1,2.6,2.9,11.4,96,0,0,0,0.6,0.7,1.6,935.2,91,0,0,102,935.2
2026-09-19T22:25:00+08:00,2026-09-19 22:25:00,21.6,22.2,2.6,3,11.4,93,0,0,0,0.6,0.7,1.6,935.2,90,0,0,108,935.2
2026-09-19T22:20:00+08:00,2026-09-19 22:20:00,21.6,22.2,1.7,2.6,11.4,102,0,0,0,0.6,0.7,1.6,935,91,0,0,91,935
2026-09-19T22:15:00+08:00,2026-09-19 22:15:00,21.7,22.3,2.9,3.7,11.4,101,0,0,0,0.6,0.7,1.6,935.2,90,0,0,91,935.2
2026-09-19T22:10:00+08:00,2026-09-19 22:10:00,21.6,22.2,1.7,2.9,11.4,89,0,0,0,0.6,0.7,1.6,935.4,90,0,0,98,935.4
2026-09-19T22:05:00+08:00,2026-09-19 22:05:00,21.8,22.4,2.4,2.8,11.4,100,0,0,0,0.6,0.7,1.6,935.4,90,0,0,96,935.4
2026-09-19T22:00:00+08:00,2026-09-19 22:00:00,21.8,22.3,2.7,3,11.4,96,0,0,0,0.6,0.7,1.6,935.3,89,0,0,96,935.3
2026-09-19T21:55:00+08:00,2026-09-19 21:55:00,21.7,22.3,2.4,3.6,11.4,87,0,0,0,0.6,0.7,1.6,935.4,89,0,0,89,935.4
2026-09-19T21:50:00+08:00,2026-09-19 21:50:00,21.8,22.3,3.5,4.5,11.4,89,0,0,0,0.6,0.7,1.6,935.2,89,0,0,95,935.2
2026-09-19T21:45:00+08:00,2026-09-19 21:45:00,21.9,22.5,2.7,3.6,11.4,94,0,0,0,0.6,0.7,1.6,935.4,89,0,0,92,935.4
2026-09-19T21:40:00+08:00,2026-09-19 21:40:00,22,22.6,2.4,3.7,11.4,97,0,0,0,0.6,0.7,1.6,935.2,88,0,0,92,935.2
2026-09-19T21:35:00+08:00,2026-09-19 21:35:00,22,22.6,3.2,4.5,11.4,97,0,0,0,0.6,0.7,1.6,935.2,88,0,0,92,935.2
2026-09-19T21:30:00+08:00,2026-09-19 21:30:00,21.8,22.3,3.3,3.5,11.4,101,0,0,0,0.6,0.7,1.6,935.2,89,0,0,94,935.2
2026-09-19T21:25:00+08:00,2026-09-19 21:25:00,21.9,22.5,2.8,3.3,11.4,95,0,0,0,0.6,0.7,1.6,934.9,89,0,0,87,934.9
2026-09-19T21:20:00+08:00,2026-09-19 21:20:00,21.7,22.3,2.7,2.7,11.4,96,0,0,0,0.6,0.7,1.6,934.9,90,0,0,92,934.9
2026-09-19T21:15:00+08:00,2026-09-19 21:15:00,21.8,22.4,2.2,3,11.4,79,0,0,0,0.6,0.7,1.6,934.7,91,0,0,86,934.7
2026-09-19T21:10:00+08:00,2026-09-19 21:10:00,21.8,22.4,3.2,3.9,11.4,87,0,0,0,0.6,0.7,1.6,934.8,91,0,0,89,934.8
2026-09-19T21:05:00+08:00,2026-09-19 21:05:00,22,22.6,2.5,3.8,11.4,85,0,0,0,0.6,0.7,1.6,934.8,90,0,0,98,934.8
2026-09-19T21:00:00+08:00,2026-09-19 21:00:00,22,22.6,3.2,3.8,11.4,94,0,0,0,0.6,0.7,1.6,934.7,89,0,0,94,934.7
2026-09-19T20:55:00+08:00,2026-09-19 20:55:00,22,22.6,3.5,5,11.4,95,0,0,0,0.6,0.7,1.6,934.5,89,0,0,89,934.5
2026-09-19T20:50:00+08:00,2026-09-19 20:50:00,21.9,22.5,3.6,4,11.4,91,0,0,0,0.6,0.7,1.6,934.5,90,0,0,88,934.5
2026-09-19T20:45:00+08:00,2026-09-19 20:45:00,22,22.6,3.3,3.9,11.4,94,0,0,0,0.6,0.7,1.6,934.6,90,0,0,93,934.6
2026-09-19T20:40:00+08:00,2026-09-19 20:40:00,22,22.6,2.8,4.1,11.4,93,0,0,0,0.6,0.7,1.6,934.4,90,0,0,95,934.4
2026-09-19T20:35:00+08:00,2026-09-19 20:35:00,22.1,22.7,2.9,4.4,11.4,97,0,0,0,0.6,0.7,1.6,934.5,90,0,0,92,934.5
2026-09-19T20:30:00+08:00,2026-09-19 20:30:00,22.2,22.9,2.9,4,11.4,97,0,0,0,0.6,0.7,1.6,934.5,90,0,0,94,934.5
2026-09-19T20:25:00+08:00,2026-09-19 20:25:00,22.2,22.8,2.1,3.7,11.4,93,0,0,0,0.6,0.7,1.6,934.3,89,0,0,91,934.3
2026-09-19T20:20:00+08:00,2026-09-19 20:20:00,22.3,22.9,3,3.9,11.4,85,0,0,0,0.6,0.7,1.6,934.4,89,0,0,97,934.4
2026-09-19T20:15:00+08:00,2026-09-19 20:15:00,22.3,22.9,3,3.6,11.4,87,0,0,0,0.6,0.7,1.6,934.2,89,0,0,97,934.2
2026-09-19T20:11:00+08:00,2026-09-19 20:11:00,22.3,22.9,2.8,3.7,11.4,94,0,0,0,0.6,0.7,1.6,934.3,89,0,0,102,934.3
2026-09-19T20:05:00+08:00,2026-09-19 20:05:00,22.1,22.7,2.6,3.5,11.4,72,0,0,0,0.6,0.7,1.6,934.3,90,0,0,100,934.3
2026-09-19T20:00:00+08:00,2026-09-19 20:00:00,22.2,22.9,2.2,2.9,11.4,88,0,0,0,0.6,0.7,1.6,934.3,90,0,0,86,934.3
2026-09-19T19:55:00+08:00,2026-09-19 19:55:00,22.3,22.9,2.1,3.6,11.4,88,0,0,0,0.6,0.7,1.6,934.1,89,0,0,91,934.1
2026-09-19T19:50:00+08:00,2026-09-19 19:50:00,22.3,22.9,2.5,4.1,11.4,84,0,0,0,0.6,0.7,1.6,934,89,0,0,87,934
2026-09-19T19:45:00+08:00,2026-09-19 19:45:00,22.3,22.9,2.1,4.2,11.4,85,0,0,0,0.6,0.7,1.6,934,89,0,0,92,934
2026-09-19T19:40:00+08:00,2026-09-19 19:40:00,22.5,23.1,4.5,5,11.4,91,0,0,0,0.6,0.7,1.6,933.8,88,0,0,100,933.8
2026-09-19T19:35:00+08:00,2026-09-19 19:35:00,22.3,22.9,2.1,4.5,11.4,103,0,0,0,0.6,0.7,1.6,933.9,88,0,0,105,933.9
2026-09-19T19:30:00+08:00,2026-09-19 19:30:00,22.5,23.1,3.4,3.5,11.4,108,0,0,0,0.6,0.7,1.6,933.7,88,0,0,97,933.7
2026-09-19T19:25:00+08:00,2026-09-19 19:25:00,22.6,23.2,4.3,5.7,11.4,98,0,0,0,0.6,0.7,1.6,933.6,87,0,0,94,933.6
2026-09-19T19:20:00+08:00,2026-09-19 19:20:00,22.7,23.3,3.5,5.1,11.4,96,0,0,0,0.6,0.7,1.6,933.5,87,0,0,105,933.5
2026-09-19T19:15:00+08:00,2026-09-19 19:15:00,22.7,23.3,4.3,5.4,11.4,107,0,0,0,0.6,0.7,1.6,933.6,86,0,0,106,933.6
2026-09-19T19:10:00+08:00,2026-09-19 19:10:00,22.7,23.3,4.3,5.5,11.4,99,0,0,0,0.6,0.7,1.6,933.7,86,0,0,100,933.7
2026-09-19T19:05:00+08:00,2026-09-19 19:05:00,22.7,23.3,3.5,5.5,11.4,91,0,0,0,0.6,0.7,1.6,933.6,86,0,0,102,933.6
2026-09-19T19:00:00+08:00,2026-09-19 19:00:00,22.7,23.3,3.6,5.2,11.4,99,0,0,0,0.6,0.7,1.6,933.4,87,0,0,101,933.4
2026-09-19T18:55:00+08:00,2026-09-19 18:55:00,22.9,23.5,3.2,5,11.4,99,0,0,0,0.6,0.7,1.6,933.2,86,0,0,95,933.2
2026-09-19T18:50:00+08:00,2026-09-19 18:50:00,23.1,23.7,4,5.3,11.4,117,0,0,0,0.6,0.7,1.6,933.2,85,0,0,98,933.2
2026-09-19T18:45:00+08:00,2026-09-19 18:45:00,23.1,23.7,3.6,4.9,11.4,94,0,0,0,0.6,0.7,1.6,933.1,85,0,0,96,933.1
2026-09-19T18:40:00+08:00,2026-09-19 18:40:00,23.1,23.7,4.3,5.4,11.4,94,0,0,0,0.6,0.7,1.6,932.9,84,0,0,87,932.9
2026-09-19T18:35:00+08:00,2026-09-19 18:35:00,23.1,23.7,4.3,5.4,11.4,93,0,0,0,0.6,0.7,1.6,932.9,84,0,0,95,932.9
2026-09-19T18:30:00+08:00,2026-09-19 18:30:00,23.2,23.8,3.5,4.5,11.4,93,0,0,0,0.6,0.7,1.6,932.8,84,0,0,97,932.8
2026-09-19T18:25:00+08:00,2026-09-19 18:25:00,23.3,23.8,4.1,5.6,11.4,96,0,0,0,0.6,0.7,1.6,932.6,83,0,0,95,932.6
2026-09-19T18:20:00+08:00,2026-09-19 18:20:00,23.4,24,5,5.9,11.4,97,0,0,0,0.6,0.7,1.6,932.6,83,0,0,94,932.6
2026-09-19T18:15:00+08:00,2026-09-19 18:15:00,23.4,24,4.6,6.7,11.4,107,0,0,0,0.6,0.7,1.6,932.6,83,0,0,96,932.6
2026-09-19T18:10:00+08:00,2026-09-19 18:10:00,23.5,24,5.3,6.8,11.4,97,0,0,0,0.6,0.7,1.6,932.5,82,0,0,102,932.5
2026-09-19T18:05:00+08:00,2026-09-19 18:05:00,23.5,24,4.2,4.7,11.4,108,0,0,0,0.6,0.7,1.6,932.5,82,0,0.1,100,932.5
2026-09-19T18:00:00+08:00,2026-09-19 18:00:00,23.4,23.9,3.8,5.9,11.4,105,0,0,0,0.6,0.7,1.6,932.2,82,0,0.5,109,932.2
2026-09-19T17:55:00+08:00,2026-09-19 17:55:00,23.7,24.3,4.9,5.5,11.4,107,0,0,0,0.6,0.7,1.6,932.2,82,0,1.5,102,932.2
2026-09-19T17:50:00+08:00,2026-09-19 17:50:00,23.7,24.3,5.2,6.8,11.4,102,0,0,0,0.6,0.7,1.6,931.9,82,0,3.3,98,931.9
2026-09-19T17:45:00+08:00,2026-09-19 17:45:00,23.8,24.3,5.3,6.7,11.4,99,0,0,0,0.6,0.7,1.6,931.9,81,0,6.2,93,931.9
2026-09-19T17:40:00+08:00,2026-09-19 17:40:00,23.9,24.4,5.2,6.3,11.4,87,0,0,0,0.6,0.7,1.6,931.9,80,0,9.6,93,931.9
2026-09-19T17:35:00+08:00,2026-09-19 17:35:00,24,24.5,4.5,6,11.4,94,0,0,0,0.6,0.7,1.6,931.8,80,0,13.2,89,931.8
2026-09-19T17:30:00+08:00,2026-09-19 17:30:00,24.2,24.8,5.4,7.3,11.4,88,0,0,0,0.6,0.7,1.6,931.7,79,0,17.8,92,931.7
2026-09-19T17:25:00+08:00,2026-09-19 17:25:00,24.4,24.9,6.8,7.9,11.4,85,0,0,0,0.6,0.7,1.6,931.7,78,0,23.1,92,931.7
2026-09-19T17:20:00+08:00,2026-09-19 17:20:00,24.5,25,4.7,6.6,11.4,88,0,0,0,0.6,0.7,1.6,931.5,78,0,27.9,99,931.5
2026-09-19T17:15:00+08:00,2026-09-19 17:15:00,24.6,25.1,5.5,8.9,11.4,80,0,0,0,0.6,0.7,1.6,931.4,77,0,36.2,93,931.4
2026-09-19T17:10:00+08:00,2026-09-19 17:10:00,24.9,25.4,6.1,9,10.2,96,0,0,0,0.6,0.7,1.6,931.2,76,0,47.1,89,931.2
2026-09-19T17:05:00+08:00,2026-09-19 17:05:00,24.8,25.3,9.3,9.4,10.2,97,0,0,0,0.6,0.7,1.6,931.1,76,0,56.4,94,931.1
2026-09-19T17:00:00+08:00,2026-09-19 17:00:00,25,25.5,7.9,8.5,10.2,100,0,0,0,0.6,0.7,1.6,931.1,76,0,76.4,98,931.1
2026-09-19T16:55:00+08:00,2026-09-19 16:55:00,25.4,25.9,6.4,8.4,10.2,95,0,0,0,0.6,0.7,1.6,931,74,0,92.3,94,931
2026-09-19T16:50:00+08:00,2026-09-19 16:50:00,25.6,26.2,5.1,10,10,107,0,0,0,0.6,0.7,1.6,931.1,74,0,102.2,98,931.1
2026-09-19T16:45:00+08:00,2026-09-19 16:45:00,25.7,26.3,5.9,8.3,9.7,99,0,0,0,0.6,0.7,1.6,931.1,73,1,111.8,91,931.1
2026-09-19T16:40:00+08:00,2026-09-19 16:40:00,25.9,26.4,5,8.5,9.7,98,0,0,0,0.6,0.7,1.6,930.7,71,1,146.3,89,930.7
2026-09-19T16:35:00+08:00,2026-09-19 16:35:00,26.1,26.6,7.3,9.3,9.7,89,0,0,0,0.6,0.7,1.6,930.7,71,1,159.3,83,930.7
2026-09-19T16:30:00+08:00,2026-09-19 16:30:00,26.5,27,7.2,8.7,9.1,85,0,0,0,0.6,0.7,1.6,930.6,69,1,179.7,77,930.6
2026-09-19T16:25:00+08:00,2026-09-19 16:25:00,26.8,28.3,6.7,8.2,9.1,83,0,0,0,0.6,0.7,1.6,930.7,68,1,197.7,77,930.7
2026-09-19T16:20:00+08:00,2026-09-19 16:20:00,26.6,27.1,6.1,7.8,9.1,74,0,0,0,0.6,0.7,1.6,930.9,68,2,228,79,930.9
2026-09-19T16:15:00+08:00,2026-09-19 16:15:00,26.9,28.4,6.3,8.3,9.1,75,0,0,0,0.6,0.7,1.6,930.6,67,2,252.8,79,930.6
2026-09-19T16:10:00+08:00,2026-09-19 16:10:00,27,28.6,7.1,8.3,9,83,0,0,0,0.6,0.7,1.6,930.5,67,2,262,81,930.5
2026-09-19T16:05:00+08:00,2026-09-19 16:05:00,27,28.6,6.2,8.5,9,81,0,0,0,0.6,0.7,1.6,930.6,67,2,293.7,80,930.6
2026-09-19T16:00:00+08:00,2026-09-19 16:00:00,27.5,29.2,4.9,7.1,9,72,0,0,0,0.6,0.7,1.6,930.5,65,2,309.9,79,930.5
2026-09-19T15:55:00+08:00,2026-09-19 15:55:00,27.8,29.6,7.3,7.6,9,80,0,0,0,0.6,0.7,1.6,930.5,64,2,312.3,82,930.5
2026-09-19T15:50:00+08:00,2026-09-19 15:50:00,27.7,29.4,4.5,7.6,9,83,0,0,0,0.6,0.7,1.6,930.5,63,2,322.6,80,930.5
2026-09-19T15:45:00+08:00,2026-09-19 15:45:00,27.6,29.3,5.5,9,9,83,0,0,0,0.6,0.7,1.6,930.4,64,3,354,80,930.4
2026-09-19T15:40:00+08:00,2026-09-19 15:40:00,27.9,29.7,4.8,7.3,8.6,73,0,0,0,0.6,0.7,1.6,930.3,64,3,399.8,71,930.3
2026-09-19T15:35:00+08:00,2026-09-19 15:35:00,28.3,30.1,5.5,7.2,8.6,86,0,0,0,0.6,0.7,1.6,930.5,62,4,439.7,83,930.5
2026-09-19T15:30:00+08:00,2026-09-19 15:30:00,28.2,29.9,5.2,7.3,8.6,79,0,0,0,0.6,0.7,1.6,930.6,61,4,444.2,83,930.6
2026-09-19T15:25:00+08:00,2026-09-19 15:25:00,28.3,29.9,4.6,8.6,8.6,91,0,0,0,0.6,0.7,1.6,930.5,60,4,470.6,80,930.5
2026-09-19T15:20:00+08:00,2026-09-19 15:20:00,28.2,29.9,6.2,7.7,8.6,92,0,0,0,0.6,0.7,1.6,930.5,61,4,513.4,79,930.5
2026-09-19T15:15:00+08:00,2026-09-19 15:15:00,27.8,29.3,5.1,8.5,8.6,78,0,0,0,0.6,0.7,1.6,930.6,62,4,497.7,76,930.6
2026-09-19T15:10:00+08:00,2026-09-19 15:10:00,28.1,29.7,6.6,8.6,8.6,72,0,0,0,0.6,0.7,1.6,930.5,61,4,508.3,80,930.5
2026-09-19T15:06:00+08:00,2026-09-19 15:06:00,28.1,29.7,4.7,8.1,8.5,75,0,0,0,0.6,0.7,1.6,930.7,61,4,537.8,78,930.7
2026-09-19T15:00:00+08:00,2026-09-19 15:00:00,28.5,30.1,6.8,7.8,8.5,83,0,0,0,0.6,0.7,1.6,930.5,59,5,556.8,77,930.5
2026-09-19T14:55:00+08:00,2026-09-19 14:55:00,28.8,30.5,5,7.4,8.5,81,0,0,0,0.6,0.7,1.6,930.7,59,5,568.8,75,930.7
2026-09-19T14:50:00+08:00,2026-09-19 14:50:00,28.7,30.3,5.1,7.1,8.5,76,0,0,0,0.6,0.7,1.6,930.7,58,5,596.5,75,930.7
2026-09-19T14:45:00+08:00,2026-09-19 14:45:00,29.1,30.8,2.8,6.4,8.5,88,0,0,0,0.6,0.7,1.6,930.9,57,5,614.8,85,930.9
2026-09-19T14:40:00+08:00,2026-09-19 14:40:00,28.5,30,5.1,7.4,8.5,63,0,0,0,0.6,0.7,1.6,930.6,58,5,635.8,77,930.6
2026-09-19T14:35:00+08:00,2026-09-19 14:35:00,28.3,29.6,2.2,6.8,8.5,81,0,0,0,0.6,0.7,1.6,930.9,58,6,682.4,79,930.9
2026-09-19T14:30:00+08:00,2026-09-19 14:30:00,27.7,28.9,4.7,7.7,8.5,57,0,0,0,0.6,0.7,1.6,930.7,58,6,702.9,77,930.7
2026-09-19T14:25:00+08:00,2026-09-19 14:25:00,28.8,30.2,4.4,7.1,8.2,84,0,0,0,0.6,0.7,1.6,930.9,57,6,696.6,76,930.9
2026-09-19T14:20:00+08:00,2026-09-19 14:20:00,28.8,30.4,3.1,6.3,8.2,57,0,0,0,0.6,0.7,1.6,930.9,58,6,698.5,72,930.9
2026-09-19T14:15:00+08:00,2026-09-19 14:15:00,28.4,29.9,3.9,5.7,8.2,87,0,0,0,0.6,0.7,1.6,930.9,59,6,733,79,930.9
2026-09-19T14:10:00+08:00,2026-09-19 14:10:00,28.9,30.4,5,5.9,8.2,82,0,0,0,0.6,0.7,1.6,930.9,57,6,714.8,75,930.9
2026-09-19T14:06:00+08:00,2026-09-19 14:06:00,28.1,29.3,2.8,5.2,8.2,72,0,0,0,0.6,0.7,1.6,931.1,57,6,712.7,76,931.1
2026-09-19T14:00:00+08:00,2026-09-19 14:00:00,28.8,30.2,4.2,5.9,8.2,83,0,0,0,0.6,0.7,1.6,931,57,7,768.2,81,931
2026-09-19T13:55:00+08:00,2026-09-19 13:55:00,28.3,29.5,2.8,6.3,8.2,86,0,0,0,0.6,0.7,1.6,931.2,57,7,763.5,83,931.2
2026-09-19T13:50:00+08:00,2026-09-19 13:50:00,28.6,30,5.7,5.7,8.2,72,0,0,0,0.6,0.7,1.6,931.2,57,7,788.5,86,931.2
2026-09-19T13:45:00+08:00,2026-09-19 13:45:00,28.4,29.7,4.6,6.2,8.2,68,0,0,0,0.6,0.7,1.6,931.4,57,7,818,86,931.4
2026-09-19T13:40:00+08:00,2026-09-19 13:40:00,28.2,29.5,4,5.1,8.2,99,0,0,0,0.6,0.7,1.6,931.1,58,7,788.1,84,931.1
2026-09-19T13:35:00+08:00,2026-09-19 13:35:00,28.4,29.8,3.3,7.7,8.2,94,0,0,0,0.6,0.7,1.6,931.5,58,7,824.1,83,931.5
2026-09-19T13:30:00+08:00,2026-09-19 13:30:00,28,29.2,3.5,5.1,8.2,51,0,0,0,0.6,0.7,1.6,931.4,58,7,860.3,75,931.4
2026-09-19T13:25:00+08:00,2026-09-19 13:25:00,28.6,29.9,4.5,6,8.2,97,0,0,0,0.6,0.7,1.6,931.5,56,7,822.7,84,931.5
2026-09-19T13:20:00+08:00,2026-09-19 13:20:00,28.5,30,2.5,6.2,8.2,85,0,0,0,0.6,0.7,1.6,931.6,58,7,769.7,67,931.6
2026-09-19T13:15:00+08:00,2026-09-19 13:15:00,29.2,30.8,3.3,4.9,8.2,87,0,0,0,0.6,0.7,1.6,931.9,56,8,865.4,62,931.9
2026-09-19T13:10:00+08:00,2026-09-19 13:10:00,28.3,29.6,3.7,6,8.2,78,0,0,0,0.6,0.7,1.6,931.8,58,7,856,85,931.8
2026-09-19T13:05:00+08:00,2026-09-19 13:05:00,28.2,29.5,2.8,5,8.2,78,0,0,0,0.6,0.7,1.6,931.8,58,8,864.6,86,931.8
2026-09-19T13:00:00+08:00,2026-09-19 13:00:00,28.1,29.5,4,4.3,8.2,82,0,0,0,0.6,0.7,1.6,932,59,7,848.8,71,932
2026-09-19T12:55:00+08:00,2026-09-19 12:55:00,27.9,29.2,2.1,4.7,8.2,56,0,0,0,0.6,0.7,1.6,932,59,8,865.8,67,932
2026-09-19T12:50:00+08:00,2026-09-19 12:50:00,28.2,29.8,3.7,5.5,8.2,69,0,0,0,0.6,0.7,1.6,932,60,7,824.5,71,932
2026-09-19T12:45:00+08:00,2026-09-19 12:45:00,27.7,29,5.6,5.7,8.2,75,0,0,0,0.6,0.7,1.6,932,60,7,847.8,69,932
2026-09-19T12:40:00+08:00,2026-09-19 12:40:00,27.7,29.1,4.2,6.1,8.2,68,0,0,0,0.6,0.7,1.6,932.3,61,8,866.5,69,932.3
2026-09-19T12:35:00+08:00,2026-09-19 12:35:00,27.9,29.4,3,4.7,8.2,77,0,0,0,0.6,0.7,1.6,932.3,61,8,869.2,69,932.3
2026-09-19T12:30:00+08:00,2026-09-19 12:30:00,26.7,27.9,5.9,6.7,8.2,72,0,0,0,0.6,0.7,1.6,932.2,63,8,889.8,77,932.2
2026-09-19T12:25:00+08:00,2026-09-19 12:25:00,26.5,26.8,3.4,7.4,8.2,81,0,0,0,0.6,0.7,1.6,932.3,62,8,891,78,932.3
2026-09-19T12:20:00+08:00,2026-09-19 12:20:00,27.6,29.1,5.7,6.9,8.2,59,0,0,0,0.6,0.7,1.6,932.4,62,8,869.7,78,932.4
2026-09-19T12:15:00+08:00,2026-09-19 12:15:00,26.6,27,5.7,7.5,8.2,49,0,0,0,0.6,0.7,1.6,932.4,64,8,890.8,79,932.4
2026-09-19T12:10:00+08:00,2026-09-19 12:10:00,26.5,26.9,6.2,7.3,7.5,77,0,0,0,0.6,0.7,1.6,932.4,63,7,857.9,79,932.4
2026-09-19T12:05:00+08:00,2026-09-19 12:05:00,27.1,28.5,5.2,7.4,7.5,82,0,0,0,0.6,0.7,1.6,932.7,64,8,900.8,80,932.7
2026-09-19T12:00:00+08:00,2026-09-19 12:00:00,27.4,28.9,1.8,5.1,7.5,54,0,0,0,0.6,0.7,1.6,932.8,63,7,858,80,932.8
2026-09-19T11:55:00+08:00,2026-09-19 11:55:00,27.1,28.5,2.9,4.9,7.5,84,0,0,0,0.6,0.7,1.6,932.8,64,7,815.5,83,932.8
2026-09-19T11:50:00+08:00,2026-09-19 11:50:00,27.3,28.6,1.7,4.1,7.5,100,0,0,0,0.6,0.7,1.6,932.8,62,7,848.5,76,932.8
2026-09-19T11:45:00+08:00,2026-09-19 11:45:00,26.1,26.5,3.1,6.4,7.5,63,0,0,0,0.6,0.7,1.6,933,66,8,895.5,77,933
2026-09-19T11:40:00+08:00,2026-09-19 11:40:00,26.6,27,1.7,6,7.5,63,0,0,0,0.6,0.7,1.6,933,63,7,836.7,77,933
2026-09-19T11:35:00+08:00,2026-09-19 11:35:00,26.4,26.8,4.6,7.1,7.5,68,0,0,0,0.6,0.7,1.6,933.1,65,8,886.9,80,933.1
2026-09-19T11:30:00+08:00,2026-09-19 11:30:00,26.9,28.2,4.3,6.6,7.5,93,0,0,0,0.6,0.7,1.6,933.1,63,7,849.6,79,933.1
2026-09-19T11:25:00+08:00,2026-09-19 11:25:00,27.2,28.5,5.3,5.7,6,84,0,0,0,0.6,0.7,1.6,933.1,62,8,897.2,86,933.1
2026-09-19T11:20:00+08:00,2026-09-19 11:20:00,27.3,28.4,1.5,2.7,6,54,0,0,0,0.6,0.7,1.6,933.3,60,7,813.3,80,933.3
2026-09-19T11:15:00+08:00,2026-09-19 11:15:00,27.3,28.6,0.7,5.2,6,87,0,0,0,0.6,0.7,1.6,933.4,62,7,848.9,59,933.4
2026-09-19T11:10:00+08:00,2026-09-19 11:10:00,27.8,29.1,1.8,2.6,6,165,0,0,0,0.6,0.7,1.6,933.5,60,7,799.1,68,933.5
2026-09-19T11:05:00+08:00,2026-09-19 11:05:00,27.8,29.1,1.1,4.5,6,132,0,0,0,0.6,0.7,1.6,933.5,60,7,839.5,82,933.5
2026-09-19T11:00:00+08:00,2026-09-19 11:00:00,26.7,27.9,0.8,3.1,6,72,0,0,0,0.6,0.7,1.6,933.8,63,8,882.9,80,933.8
2026-09-19T10:55:00+08:00,2026-09-19 10:55:00,26.4,26.7,4.5,4.6,6,71,0,0,0,0.6,0.7,1.6,933.9,63,7,779.9,80,933.9
2026-09-19T10:50:00+08:00,2026-09-19 10:50:00,26.2,26.6,4.5,4.9,6,85,0,0,0,0.6,0.7,1.6,933.8,64,7,816.9,81,933.8
2026-09-19T10:45:00+08:00,2026-09-19 10:45:00,25.8,26.1,1.6,4.1,6,49,0,0,0,0.6,0.7,1.6,934,66,4,507.8,79,934
2026-09-19T10:40:00+08:00,2026-09-19 10:40:00,25.8,26.1,3.4,4.6,6,94,0,0,0,0.6,0.7,1.6,934,66,6,732.6,88,934
2026-09-19T10:35:00+08:00,2026-09-19 10:35:00,25.8,26.2,1.6,5.2,6,84,0,0,0,0.6,0.7,1.6,934.1,67,7,795,61,934.1
2026-09-19T10:30:00+08:00,2026-09-19 10:30:00,26.5,26.9,1.1,5.7,6,30,0,0,0,0.6,0.7,1.6,934,66,6,748.7,63,934
2026-09-19T10:25:00+08:00,2026-09-19 10:25:00,26.5,26.9,1.5,3.2,4.3,35,0,0,0,0.6,0.7,1.6,934.2,65,7,833.5,65,934.2
2026-09-19T10:20:00+08:00,2026-09-19 10:20:00,25.8,26.1,0.7,2.1,4.3,4,0,0,0,0.6,0.7,1.6,934.5,64,6,662.7,70,934.5
2026-09-19T10:15:00+08:00,2026-09-19 10:15:00,26.3,26.6,1.9,2.2,4.3,62,0,0,0,0.6,0.7,1.6,934.4,64,5,635.8,341,934.4
2026-09-19T10:10:00+08:00,2026-09-19 10:10:00,26.6,27,0.8,2.6,4.3,52,0,0,0,0.6,0.7,1.6,934.4,64,5,625.5,6,934.4
2026-09-19T10:05:00+08:00,2026-09-19 10:05:00,26.8,28,0.6,1.9,4.3,98,0,0,0,0.6,0.7,1.6,934.5,63,7,799.8,6,934.5
2026-09-19T10:01:00+08:00,2026-09-19 10:01:00,26.2,26.5,1,2.5,4.3,206,0,0,0,0.6,0.7,1.6,934.5,63,3,333.5,353,934.5
2026-09-19T09:55:00+08:00,2026-09-19 09:55:00,26.5,26.9,0.8,2.2,4.3,329,0,0,0,0.6,0.7,1.6,934.6,64,6,738.7,19,934.6
2026-09-19T09:50:00+08:00,2026-09-19 09:50:00,25.6,26,2.1,2.8,4.3,61,0,0,0,0.6,0.7,1.6,934.7,67,6,674.5,69,934.7
2026-09-19T09:45:00+08:00,2026-09-19 09:45:00,25.1,25.5,1.5,2.6,4.3,28,0,0,0,0.6,0.7,1.6,934.8,68,5,609.8,51,934.8
2026-09-19T09:40:00+08:00,2026-09-19 09:40:00,24.5,24.8,1.2,2.7,4.3,42,0,0,0,0.6,0.7,1.6,934.7,70,2,226.8,69,934.7
2026-09-19T09:35:00+08:00,2026-09-19 09:35:00,25.2,25.6,2.3,3.3,4.3,59,0,0,0,0.6,0.7,1.6,934.9,68,2,258.6,161,934.9
2026-09-19T09:30:00+08:00,2026-09-19 09:30:00,25.5,25.9,2.1,2.1,4.3,98,0,0,0,0.6,0.7,1.6,935,67,5,553.7,159,935
2026-09-19T09:25:00+08:00,2026-09-19 09:25:00,25.6,26,1.7,2.6,4.3,69,0,0,0,0.6,0.7,1.6,935.1,66,4,474.7,74,935.1
2026-09-19T09:20:00+08:00,2026-09-19 09:20:00,25.3,25.6,0.8,2.3,4.3,122,0,0,0,0.6,0.7,1.6,935,65,3,338.8,74,935
2026-09-19T09:15:00+08:00,2026-09-19 09:15:00,26.3,26.6,0.5,1.5,4.3,39,0,0,0,0.6,0.7,1.6,935.2,64,5,560.9,321,935.2
2026-09-19T09:10:00+08:00,2026-09-19 09:10:00,25.3,25.6,0.9,3.7,4.3,159,0,0,0,0.6,0.7,1.6,935.1,66,3,410.7,6,935.1
2026-09-19T09:05:00+08:00,2026-09-19 09:05:00,26.1,26.5,0,1.6,4.3,333,0,0,0,0.6,0.7,1.6,935.1,65,5,569.5,351,935.1
2026-09-19T09:00:00+08:00,2026-09-19 09:00:00,25.4,25.8,0.6,1.5,4.3,101,0,0,0,0.6,0.7,1.6,935.2,68,4,532.1,344,935.2
2026-09-19T08:55:00+08:00,2026-09-19 08:55:00,25.5,25.9,0.9,1.1,4.3,352,0,0,0,0.6,0.7,1.6,935.2,67,4,476.4,346,935.2
2026-09-19T08:50:00+08:00,2026-09-19 08:50:00,25.7,26.1,1.3,1.7,4.3,351,0,0,0,0.6,0.7,1.6,935.2,68,4,487.4,16,935.2
2026-09-19T08:45:00+08:00,2026-09-19 08:45:00,25.1,25.5,1,1.8,4.3,350,0,0,0,0.6,0.7,1.6,935.3,69,4,480.7,7,935.3
2026-09-19T08:40:00+08:00,2026-09-19 08:40:00,24.7,25.1,2.1,2.8,4.3,315,0,0,0,0.6,0.7,1.6,935.3,72,4,457.8,6,935.3
2026-09-19T08:35:00+08:00,2026-09-19 08:35:00,23.9,24.3,1.5,1.8,4.3,31,0,0,0,0.6,0.7,1.6,935.1,76,4,463.5,38,935.1
2026-09-19T08:30:00+08:00,2026-09-19 08:30:00,23.4,23.8,1,2.2,4.3,15,0,0,0,0.6,0.7,1.6,935.3,77,3,333.9,44,935.3
2026-09-19T08:25:00+08:00,2026-09-19 08:25:00,23.7,24.1,0.5,1.6,4.3,334,0,0,0,0.6,0.7,1.6,935.2,73,2,251.5,331,935.2
2026-09-19T08:20:00+08:00,2026-09-19 08:20:00,24,24.4,1.4,2.1,4.3,21,0,0,0,0.6,0.7,1.6,935.2,74,3,391.3,80,935.2
2026-09-19T08:15:00+08:00,2026-09-19 08:15:00,23.5,23.9,0.8,2.2,4.3,98,0,0,0,0.6,0.7,1.6,935.1,75,3,336.3,4,935.1
2026-09-19T08:10:00+08:00,2026-09-19 08:10:00,23.5,23.9,0.8,2.4,4.3,21,0,0,0,0.6,0.7,1.6,935.2,77,2,261.8,46,935.2
2026-09-19T08:05:00+08:00,2026-09-19 08:05:00,24.2,24.7,1.7,2.3,4.3,67,0,0,0,0.6,0.7,1.6,935,75,2,240.3,5,935
2026-09-19T08:00:00+08:00,2026-09-19 08:00:00,23.7,24.2,1.2,2.1,4.3,27,0,0,0,0.6,0.7,1.6,935.3,77,2,317.1,356,935.3
2026-09-19T07:55:00+08:00,2026-09-19 07:55:00,24.3,24.8,1.1,1.5,4.3,21,0,0,0,0.6,0.7,1.6,935.1,77,2,311.8,14,935.1
2026-09-19T07:50:00+08:00,2026-09-19 07:50:00,24,24.4,1.5,1.6,4.3,38,0,0,0,0.6,0.7,1.6,935.1,76,2,309.6,342,935.1
2026-09-19T07:45:00+08:00,2026-09-19 07:45:00,23.2,23.6,1.3,2,4.3,6,0,0,0,0.6,0.7,1.6,935.1,77,2,256,341,935.1
2026-09-19T07:40:00+08:00,2026-09-19 07:40:00,23.2,23.6,0.8,1.5,4.3,355,0,0,0,0.6,0.7,1.6,935.1,78,2,217.5,346,935.1
2026-09-19T07:35:00+08:00,2026-09-19 07:35:00,23,23.4,1.2,1.4,4.3,336,0,0,0,0.6,0.7,1.6,935.1,78,1,190,2,935.1
2026-09-19T07:30:00+08:00,2026-09-19 07:30:00,22.4,22.8,0.9,1.4,4.3,341,0,0,0,0.6,0.7,1.6,935,81,1,193.4,2,935
2026-09-19T07:25:00+08:00,2026-09-19 07:25:00,21.3,21.7,1.2,2.2,4.3,348,0,0,0,0.6,0.7,1.6,935,85,1,176.9,350,935
2026-09-19T07:20:00+08:00,2026-09-19 07:20:00,21.1,21.5,1.7,2.8,4.3,345,0,0,0,0.6,0.7,1.6,935,87,1,162.2,344,935
2026-09-19T07:15:00+08:00,2026-09-19 07:15:00,21,21.5,2.1,2.4,4.3,324,0,0,0,0.6,0.7,1.6,935,89,1,150.6,33,935
2026-09-19T07:10:00+08:00,2026-09-19 07:10:00,20.7,21.2,1.4,2.2,4.3,27,0,0,0,0.6,0.7,1.6,934.8,90,1,146.9,35,934.8
2026-09-19T07:05:00+08:00,2026-09-19 07:05:00,20.7,21.2,2.2,2.5,4.3,43,0,0,0,0.6,0.7,1.6,934.8,90,1,122,39,934.8
2026-09-19T07:00:00+08:00,2026-09-19 07:00:00,20.6,21.1,1.6,2.5,4.3,27,0,0,0,0.6,0.7,1.6,934.9,90,1,114.4,40,934.9
2026-09-19T06:55:00+08:00,2026-09-19 06:55:00,20.6,21.1,2,2.3,4.3,43,0,0,0,0.6,0.7,1.6,934.7,90,0,99.8,43,934.7
2026-09-19T06:50:00+08:00,2026-09-19 06:50:00,20.6,21.1,1.2,2.3,4.3,24,0,0,0,0.6,0.7,1.6,934.8,90,0,97.5,43,934.8
2026-09-19T06:45:00+08:00,2026-09-19 06:45:00,20.6,21.1,2,2.1,4.3,48,0,0,0,0.6,0.7,1.6,934.7,91,0,81,34,934.7
2026-09-19T06:40:00+08:00,2026-09-19 06:40:00,20.5,21,1.4,1.9,4.3,35,0,0,0,0.6,0.7,1.6,934.7,91,0,84.1,48,934.7
2026-09-19T06:35:00+08:00,2026-09-19 06:35:00,20.4,20.9,1.3,1.7,4.3,23,0,0,0,0.6,0.7,1.6,934.8,92,0,68.5,30,934.8
2026-09-19T06:30:00+08:00,2026-09-19 06:30:00,20.3,20.8,0.9,1.6,4.3,24,0,0,0,0.6,0.7,1.6,934.7,92,0,48.4,38,934.7
2026-09-19T06:25:00+08:00,2026-09-19 06:25:00,20.2,20.7,1.3,1.5,4.3,0,0,0,0,0.6,0.7,1.6,934.5,92,0,34,6,934.5
2026-09-19T06:20:00+08:00,2026-09-19 06:20:00,20.1,20.6,1,1.6,4.3,27,0,0,0,0.6,0.7,1.6,934.6,92,0,32.1,15,934.6
2026-09-19T06:15:00+08:00,2026-09-19 06:15:00,20,20,1.3,1.9,4.3,34,0,0,0,0.6,0.7,1.6,934.3,92,0,28.9,13,934.3
2026-09-19T06:10:00+08:00,2026-09-19 06:10:00,19.9,19.9,1.2,2,4.3,4,0,0,0,0.6,0.7,1.6,934.4,92,0,25.6,353,934.4
2026-09-19T06:05:00+08:00,2026-09-19 06:05:00,19.6,19.6,0.9,1.4,4.3,356,0,0,0,0.6,0.7,1.6,934.2,91,0,18.4,341,934.2
2026-09-19T06:00:00+08:00,2026-09-19 06:00:00,19.5,19.5,1.1,2,4.3,348,0,0,0,0.6,0.7,1.6,934.2,91,0,13.4,357,934.2
2026-09-19T05:55:00+08:00,2026-09-19 05:55:00,19.4,19.4,1.7,2,4.3,320,0,0,0,0.6,0.7,1.6,934.2,91,0,9.2,346,934.2
2026-09-19T05:50:00+08:00,2026-09-19 05:50:00,19.4,19.4,1.3,2.1,4.3,0,0,0,0,0.6,0.7,1.6,934,92,0,5.8,343,934
2026-09-19T05:45:00+08:00,2026-09-19 05:45:00,19.4,19.4,1.4,1.7,4.3,347,0,0,0,0.6,0.7,1.6,934.1,91,0,2.9,347,934.1
2026-09-19T05:40:00+08:00,2026-09-19 05:40:00,19.4,19.4,1.3,1.7,4.3,352,0,0,0,0.6,0.7,1.6,934,91,0,1.1,350,934
2026-09-19T05:35:00+08:00,2026-09-19 05:35:00,19.3,19.3,1.2,1.7,4.3,356,0,0,0,0.6,0.7,1.6,933.8,92,0,0.3,346,933.8
2026-09-19T05:30:00+08:00,2026-09-19 05:30:00,19.4,19.4,1.3,1.8,4.3,3,0,0,0,0.6,0.7,1.6,934,91,0,0.1,351,934
2026-09-19T05:25:00+08:00,2026-09-19 05:25:00,19.5,19.5,1.6,1.9,4.3,338,0,0,0,0.6,0.7,1.6,933.8,91,0,0,338,933.8
2026-09-19T05:20:00+08:00,2026-09-19 05:20:00,19.5,19.5,1.3,1.8,4.3,355,0,0,0,0.6,0.7,1.6,933.9,91,0,0,355,933.9
2026-09-19T05:15:00+08:00,2026-09-19 05:15:00,19.6,19.6,1.9,2.4,4.3,342,0,0,0,0.6,0.7,1.6,933.5,91,0,0,351,933.5
2026-09-19T05:10:00+08:00,2026-09-19 05:10:00,19.5,19.5,1.4,1.9,4.3,351,0,0,0,0.6,0.7,1.6,933.7,91,0,0,355,933.7
2026-09-19T05:05:00+08:00,2026-09-19 05:05:00,19.6,19.6,1.4,1.8,4.3,353,0,0,0,0.6,0.7,1.6,933.6,91,0,0,355,933.6
2026-09-19T05:00:00+08:00,2026-09-19 05:00:00,19.7,19.7,1.5,2,4.3,1,0,0,0,0.6,0.7,1.6,933.7,91,0,0,348,933.7
2026-09-19T04:55:00+08:00,2026-09-19 04:55:00,19.7,19.7,1.7,1.7,4.3,346,0,0,0,0.6,0.7,1.6,933.6,92,0,0,352,933.6
2026-09-19T04:50:00+08:00,2026-09-19 04:50:00,19.5,19.5,1.7,1.7,4.3,344,0,0,0,0.6,0.7,1.6,933.6,92,0,0,354,933.6
2026-09-19T04:45:00+08:00,2026-09-19 04:45:00,19.6,19.6,1.3,1.4,4.3,2,0,0,0,0.6,0.7,1.6,933.6,92,0,0,2,933.6
2026-09-19T04:40:00+08:00,2026-09-19 04:40:00,19.5,19.5,1.2,1.4,4.3,1,0,0,0,0.6,0.7,1.6,933.4,91,0,0,352,933.4
2026-09-19T04:35:00+08:00,2026-09-19 04:35:00,19.7,19.7,1.2,1.5,4.3,356,0,0,0,0.6,0.7,1.6,933.4,91,0,0,343,933.4
2026-09-19T04:30:00+08:00,2026-09-19 04:30:00,19.8,19.8,1.8,2.3,4.3,329,0,0,0,0.6,0.7,1.6,933.5,91,0,0,329,933.5
2026-09-19T04:25:00+08:00,2026-09-19 04:25:00,19.8,19.8,1.7,2.2,4.3,334,0,0,0,0.6,0.7,1.6,933.4,92,0,0,352,933.4
2026-09-19T04:20:00+08:00,2026-09-19 04:20:00,19.7,19.7,1.2,1.7,4.3,351,0,0,0,0.6,0.7,1.6,933.2,91,0,0,357,933.2
2026-09-19T04:15:00+08:00,2026-09-19 04:15:00,19.8,19.8,2.3,2.5,4.3,343,0,0,0,0.6,0.7,1.6,933.2,92,0,0,349,933.2
2026-09-19T04:10:00+08:00,2026-09-19 04:10:00,19.9,19.9,2.2,2.4,4.3,340,0,0,0,0.6,0.7,1.6,933.2,92,0,0,353,933.2
2026-09-19T04:05:00+08:00,2026-09-19 04:05:00,20,20,1.8,1.8,4.3,353,0,0,0,0.6,0.7,1.6,933.1,92,0,0,7,933.1
2026-09-19T04:00:00+08:00,2026-09-19 04:00:00,20,20,1.8,1.9,4.3,359,0,0,0,0.6,0.7,1.6,933.3,92,0,0,7,933.3
2026-09-19T03:56:00+08:00,2026-09-19 03:56:00,19.9,19.9,1.5,1.5,4.3,26,0,0,0,0.6,0.7,1.6,933.1,91,0,0,359,933.1
2026-09-19T03:50:00+08:00,2026-09-19 03:50:00,19.9,19.9,1.3,1.4,4.3,0,0,0,0,0.6,0.7,1.6,933.1,91,0,0,355,933.1
2026-09-19T03:45:00+08:00,2026-09-19 03:45:00,20,20,1.2,1.5,4.3,354,0,0,0,0.6,0.7,1.6,933,91,0,0,352,933
2026-09-19T03:40:00+08:00,2026-09-19 03:40:00,20.1,20.6,0.8,1.3,4.3,4,0,0,0,0.6,0.7,1.6,933.1,91,0,0,16,933.1
2026-09-19T03:35:00+08:00,2026-09-19 03:35:00,20.2,20.7,1.5,2.2,4.3,12,0,0,0,0.6,0.7,1.6,933,91,0,0,5,933
2026-09-19T03:30:00+08:00,2026-09-19 03:30:00,20.2,20.7,1.7,1.9,4.3,12,0,0,0,0.6,0.7,1.6,933.1,92,0,0,358,933.1
2026-09-19T03:25:00+08:00,2026-09-19 03:25:00,20.2,20.7,1.6,2,4.3,354,0,0,0,0.6,0.7,1.6,933,92,0,0,359,933
2026-09-19T03:20:00+08:00,2026-09-19 03:20:00,20.2,20.7,1.6,2,4.3,345,0,0,0,0.6,0.7,1.6,933.1,92,0,0,13,933.1
2026-09-19T03:15:00+08:00,2026-09-19 03:15:00,20.2,20.7,1.9,2.1,4.3,10,0,0,0,0.6,0.7,1.6,933.2,92,0,0,19,933.2
2026-09-19T03:10:00+08:00,2026-09-19 03:10:00,20.1,20.6,1.7,2,4.3,19,0,0,0,0.6,0.7,1.6,933.1,92,0,0,358,933.1
2026-09-19T03:05:00+08:00,2026-09-19 03:05:00,20.1,20.6,1.6,2,4.3,2,0,0,0,0.6,0.7,1.6,933.1,92,0,0,359,933.1
2026-09-19T03:00:00+08:00,2026-09-19 03:00:00,20.1,20.6,1.5,2,4.3,6,0,0,0,0.6,0.7,1.6,933.1,93,0,0,1,933.1
2026-09-19T02:55:00+08:00,2026-09-19 02:55:00,20.1,20.6,1.9,2,4.3,0,0,0,0,0.6,0.7,1.6,933.1,93,0,0,0,933.1
2026-09-19T02:50:00+08:00,2026-09-19 02:50:00,20.1,20.6,1.5,1.8,4.3,354,0,0,0,0.6,0.7,1.6,933,93,0,0,358,933
2026-09-19T02:45:00+08:00,2026-09-19 02:45:00,20.1,20.6,1.7,2.2,4.3,359,0,0,0,0.6,0.7,1.6,933,93,0,0,1,933
2026-09-19T02:40:00+08:00,2026-09-19 02:40:00,20.1,20.6,2,2.1,4.3,0,0,0,0,0.6,0.7,1.6,932.9,93,0,0,1,932.9
2026-09-19T02:35:00+08:00,2026-09-19 02:35:00,20.2,20.7,1.9,2.1,4.3,354,0,0,0,0.6,0.7,1.6,933,93,0,0,7,933
2026-09-19T02:30:00+08:00,2026-09-19 02:30:00,20.1,20.6,1.7,1.7,4.3,26,0,0,0,0.6,0.7,1.6,933,93,0,0,21,933
2026-09-19T02:25:00+08:00,2026-09-19 02:25:00,20.1,20.6,1,1.7,4.3,12,0,0,0,0.6,0.7,1.6,933.1,93,0,0,22,933.1
2026-09-19T02:20:00+08:00,2026-09-19 02:20:00,20.2,20.7,1.7,2,4.3,25,0,0,0,0.6,0.7,1.6,933.2,93,0,0,29,933.2
2026-09-19T02:15:00+08:00,2026-09-19 02:15:00,20.2,20.7,2.3,2.4,4.3,38,0,0,0,0.6,0.7,1.6,933.3,93,0,0,31,933.3
2026-09-19T02:10:00+08:00,2026-09-19 02:10:00,20.2,20.7,1.8,2,4.3,10,0,0,0,0.6,0.7,1.6,933.1,93,0,0,17,933.1
2026-09-19T02:05:00+08:00,2026-09-19 02:05:00,20.2,20.7,1.7,2.2,4.3,19,0,0,0,0.6,0.7,1.6,933.3,93,0,0,23,933.3
2026-09-19T02:00:00+08:00,2026-09-19 02:00:00,20.3,20.8,1.4,2.3,4.3,23,0,0,0,0.6,0.7,1.6,933.3,93,0,0,20,933.3
2026-09-19T01:55:00+08:00,2026-09-19 01:55:00,20.3,20.8,1.9,2.7,4.3,21,0,0,0,0.6,0.7,1.6,933.1,92,0,0,14,933.1
2026-09-19T01:50:00+08:00,2026-09-19 01:50:00,20.3,20.8,2,2.3,4.3,7,0,0,0,0.6,0.7,1.6,933.2,92,0,0,46,933.2
2026-09-19T01:45:00+08:00,2026-09-19 01:45:00,20.5,21,2.2,2.9,4.3,58,0,0,0,0.6,0.7,1.6,933.3,92,0,0,60,933.3
2026-09-19T01:40:00+08:00,2026-09-19 01:40:00,20.5,21,2.5,2.9,4.3,56,0,0,0,0.6,0.7,1.6,933.5,92,0,0,56,933.5
2026-09-19T01:35:00+08:00,2026-09-19 01:35:00,20.4,20.9,2.3,2.9,4.3,66,0,0,0,0.6,0.7,1.6,933.5,92,0,0,63,933.5
2026-09-19T01:30:00+08:00,2026-09-19 01:30:00,20.4,20.9,2.2,3,4.3,56,0,0,0,0.6,0.7,1.6,933.6,92,0,0,58,933.6
2026-09-19T01:25:00+08:00,2026-09-19 01:25:00,20.4,20.9,3.1,3.3,4.3,41,0,0,0,0.6,0.7,1.6,933.4,92,0,0,44,933.4
2026-09-19T01:20:00+08:00,2026-09-19 01:20:00,20.5,21,2.8,3.2,4.3,72,0,0,0,0.6,0.7,1.6,933.6,92,0,0,57,933.6
2026-09-19T01:15:00+08:00,2026-09-19 01:15:00,20.5,21,2.3,4,4.3,66,0,0,0,0.6,0.7,1.6,933.7,92,0,0,50,933.7
2026-09-19T01:10:00+08:00,2026-09-19 01:10:00,20.3,20.8,2.6,3.3,4.3,60,0,0,0,0.6,0.7,1.6,933.6,92,0,0,37,933.6
2026-09-19T01:05:00+08:00,2026-09-19 01:05:00,20.4,20.9,2.4,2.7,4.3,37,0,0,0,0.6,0.7,1.6,933.6,92,0,0,47,933.6
2026-09-19T01:00:00+08:00,2026-09-19 01:00:00,20.4,20.9,2.5,3.2,4.3,62,0,0,0,0.6,0.7,1.6,933.6,92,0,0,48,933.6
2026-09-19T00:55:00+08:00,2026-09-19 00:55:00,20.4,20.9,2.2,3.2,4.3,35,0,0,0,0.6,0.7,1.6,933.7,92,0,0,50,933.7
2026-09-19T00:50:00+08:00,2026-09-19 00:50:00,20.4,20.9,2.9,3.5,4.3,55,0,0,0,0.6,0.7,1.6,933.9,92,0,0,61,933.9
2026-09-19T00:45:00+08:00,2026-09-19 00:45:00,20.5,21,2.9,3.4,4.3,47,0,0,0,0.6,0.7,1.6,933.9,91,0,0,60,933.9
2026-09-19T00:40:00+08:00,2026-09-19 00:40:00,20.7,21.2,3,3.8,4.3,67,0,0,0,0.6,0.7,1.6,933.8,91,0,0,60,933.8
2026-09-19T00:35:00+08:00,2026-09-19 00:35:00,20.6,21.1,2.8,3.7,4.3,60,0,0,0,0.6,0.7,1.6,933.9,91,0,0,62,933.9
2026-09-19T00:30:00+08:00,2026-09-19 00:30:00,20.6,21.1,1.7,3.1,4.3,59,0,0,0,0.6,0.7,1.6,933.9,91,0,0,61,933.9
2026-09-19T00:25:00+08:00,2026-09-19 00:25:00,20.7,21.2,2.9,3.4,4.3,73,0,0,0,0.6,0.7,1.6,934,90,0,0,61,934
2026-09-19T00:20:00+08:00,2026-09-19 00:20:00,20.6,21.1,2.4,3.7,4.3,48,0,0,0,0.6,0.7,1.6,933.9,90,0,0,63,933.9
2026-09-19T00:15:00+08:00,2026-09-19 00:15:00,20.6,21.1,3.5,4.3,4.3,70,0,0,0,0.6,0.7,1.6,934,90,0,0,63,934
2026-09-19T00:10:00+08:00,2026-09-19 00:10:00,20.5,21,2.6,3.1,4.1,63,0,0,0,0.6,0.7,1.6,934.1,91,0,0,48,934.1
2026-09-19T00:05:00+08:00,2026-09-19 00:05:00,20.3,20.7,3.1,4.1,4.1,48,0,0,0,0.6,0.7,1.6,934,91,0,0,52,934
2026-09-19T00:00:00+08:00,2026-09-19 00:00:00,20.4,20.9,2.9,3.7,9.6,48,0,0,0,0.6,0.7,1.6,934.1,91,0,0,34,934.1
2026-09-18T23:55:00+08:00,2026-09-18 23:55:00,20.2,20.7,2.3,3.1,9.6,38,0,0,0,0.6,0.7,1.6,934.1,92,0,0,33,934.1
2026-09-18T23:50:00+08:00,2026-09-18 23:50:00,20.1,20.6,2.5,2.8,9.6,47,0,0,0,0.6,0.7,1.6,934,92,0,0,40,934
2026-09-18T23:45:00+08:00,2026-09-18 23:45:00,20.2,20.7,2.4,2.8,9.6,44,0,0,0,0.6,0.7,1.6,934,92,0,0,39,934
2026-09-18T23:40:00+08:00,2026-09-18 23:40:00,20.2,20.7,3,3.3,9.6,55,0,0,0,0.6,0.7,1.6,934.2,92,0,0,59,934.2
2026-09-18T23:35:00+08:00,2026-09-18 23:35:00,20.3,20.8,3.6,4.8,9.6,63,0,0,0,0.6,0.7,1.6,934.2,92,0,0,65,934.2
2026-09-18T23:30:00+08:00,2026-09-18 23:30:00,20.5,21,3.2,4,9.6,64,0,0,0,0.6,0.7,1.6,934.1,91,0,0,68,934.1
2026-09-18T23:25:00+08:00,2026-09-18 23:25:00,20.5,21,3.4,5,9.6,66,0,0,0,0.6,0.7,1.6,934.2,92,0,0,64,934.2
2026-09-18T23:20:00+08:00,2026-09-18 23:20:00,20.5,21,3.3,4.1,9.6,70,0,0,0,0.6,0.7,1.6,934.4,91,0,0,60,934.4
2026-09-18T23:15:00+08:00,2026-09-18 23:15:00,20.5,21,3.3,3.8,9.6,69,0,0,0,0.6,0.7,1.6,934.2,91,0,0,63,934.2
2026-09-18T23:10:00+08:00,2026-09-18 23:10:00,20.5,21,3.2,3.6,9.6,64,0,0,0,0.6,0.7,1.6,934.4,91,0,0,63,934.4
2026-09-18T23:05:00+08:00,2026-09-18 23:05:00,20.4,20.9,3.1,4,9.6,63,0,0,0,0.6,0.7,1.6,934.4,91,0,0,65,934.4
2026-09-18T23:00:00+08:00,2026-09-18 23:00:00,20.4,20.9,3.1,4.7,9.6,72,0,0,0,0.6,0.7,1.6,934.4,91,0,0,64,934.4
2026-09-18T22:55:00+08:00,2026-09-18 22:55:00,20.4,20.9,3.7,4.9,9.6,72,0,0,0,0.6,0.7,1.6,934.5,91,0,0,64,934.5
2026-09-18T22:51:00+08:00,2026-09-18 22:51:00,20.4,20.9,3.5,4.1,9.6,70,0,0,0,0.6,0.7,1.6,934.4,91,0,0,64,934.4
2026-09-18T22:45:00+08:00,2026-09-18 22:45:00,20.4,20.9,3.8,4.2,9.6,66,0,0,0,0.6,0.7,1.6,934.3,91,0,0,61,934.3
2026-09-18T22:40:00+08:00,2026-09-18 22:40:00,20.3,20.7,3,3.7,9.6,74,0,0,0,0.6,0.7,1.6,934.4,91,0,0,57,934.4
2026-09-18T22:35:00+08:00,2026-09-18 22:35:00,20.4,20.9,2.9,3.9,9.6,53,0,0,0,0.6,0.7,1.6,934.3,91,0,0,72,934.3
2026-09-18T22:30:00+08:00,2026-09-18 22:30:00,20.4,20.9,3.9,4,9.6,64,0,0,0,0.6,0.7,1.6,934.4,91,0,0,70,934.4
2026-09-18T22:25:00+08:00,2026-09-18 22:25:00,20.5,21,3.7,5.4,9.6,66,0,0,0,0.6,0.7,1.6,934.1,90,0,0,62,934.1
2026-09-18T22:20:00+08:00,2026-09-18 22:20:00,20.5,21,3.6,4.3,9.6,64,0,0,0,0.6,0.7,1.6,934.2,91,0,0,66,934.2
2026-09-18T22:15:00+08:00,2026-09-18 22:15:00,20.5,21,3.9,4.3,9.6,68,0,0,0,0.6,0.7,1.6,934.2,90,0,0,66,934.2
2026-09-18T22:10:00+08:00,2026-09-18 22:10:00,20.7,21.2,3.6,5.5,9.6,60,0,0,0,0.6,0.7,1.6,934.2,90,0,0,76,934.2
2026-09-18T22:05:00+08:00,2026-09-18 22:05:00,20.7,21.2,4.2,5,9.6,67,0,0,0,0.6,0.7,1.6,934.3,90,0,0,70,934.3
2026-09-18T22:00:00+08:00,2026-09-18 22:00:00,20.7,21.2,4.7,4.9,9.6,74,0,0,0,0.6,0.7,1.6,934,90,0,0,70,934
2026-09-18T21:55:00+08:00,2026-09-18 21:55:00,20.7,21.2,3.1,4.2,9.6,94,0,0,0,0.6,0.7,1.6,934,90,0,0,93,934
2026-09-18T21:50:00+08:00,2026-09-18 21:50:00,20.7,21.2,3.1,3.9,9.6,88,0,0,0,0.6,0.7,1.6,933.9,90,0,0,93,933.9
2026-09-18T21:45:00+08:00,2026-09-18 21:45:00,20.6,21.1,2.3,4.5,9.6,87,0,0,0,0.6,0.7,1.6,934,90,0,0,87,934
2026-09-18T21:40:00+08:00,2026-09-18 21:40:00,20.7,21.2,3.8,5.5,9.6,98,0,0,0,0.6,0.7,1.6,934,90,0,0,83,934
2026-09-18T21:35:00+08:00,2026-09-18 21:35:00,20.8,21.3,3.3,4.7,9.6,80,0,0,0,0.6,0.7,1.6,933.9,90,0,0,89,933.9
2026-09-18T21:30:00+08:00,2026-09-18 21:30:00,20.9,21.4,3.3,4.7,9.6,88,0,0,0,0.6,0.7,1.6,933.7,89,0,0,83,933.7
2026-09-18T21:25:00+08:00,2026-09-18 21:25:00,20.8,21.2,2.5,3.3,9.6,84,0,0,0,0.6,0.7,1.6,933.8,89,0,0,88,933.8
2026-09-18T21:20:00+08:00,2026-09-18 21:20:00,20.8,21.2,3.5,3.6,9.6,93,0,0,0,0.6,0.7,1.6,933.6,89,0,0,82,933.6
2026-09-18T21:15:00+08:00,2026-09-18 21:15:00,20.7,21.2,2.1,2.4,9.6,78,0,0,0,0.6,0.7,1.6,933.5,90,0,0,82,933.5
2026-09-18T21:10:00+08:00,2026-09-18 21:10:00,20.6,21.1,1.7,2.6,9.6,83,0,0,0,0.6,0.7,1.6,933.6,90,0,0,80,933.6
2026-09-18T21:05:00+08:00,2026-09-18 21:05:00,20.5,21,2.2,2.6,9.6,83,0,0,0,0.6,0.7,1.6,933.4,90,0,0,80,933.4
2026-09-18T21:00:00+08:00,2026-09-18 21:00:00,20.5,21,2.1,2.4,9.6,74,0,0,0,0.6,0.7,1.6,933.4,90,0,0,73,933.4
2026-09-18T20:55:00+08:00,2026-09-18 20:55:00,20.5,21,1.8,2.4,9.6,73,0,0,0,0.6,0.7,1.6,933.5,90,0,0,72,933.5
2026-09-18T20:50:00+08:00,2026-09-18 20:50:00,20.6,21.1,1.2,2.9,9.6,38,0,0,0,0.6,0.7,1.6,933.4,90,0,0,75,933.4
2026-09-18T20:45:00+08:00,2026-09-18 20:45:00,20.7,21.2,2.7,3.2,9.6,80,0,0,0,0.6,0.7,1.6,933.1,90,0,0,86,933.1
2026-09-18T20:40:00+08:00,2026-09-18 20:40:00,20.7,21.2,2.5,3.5,9.6,84,0,0,0,0.6,0.7,1.6,933.2,89,0,0,70,933.2
2026-09-18T20:35:00+08:00,2026-09-18 20:35:00,20.9,21.3,3.6,4.6,9.6,85,0,0,0,0.6,0.7,1.6,933,88,0,0,87,933
2026-09-18T20:30:00+08:00,2026-09-18 20:30:00,20.8,21.2,3.3,4.4,9.6,98,0,0,0,0.6,0.7,1.6,932.9,89,0,0,93,932.9
2026-09-18T20:25:00+08:00,2026-09-18 20:25:00,20.8,21.2,3.4,4.6,9.6,91,0,0,0,0.6,0.7,1.6,933,88,0,0,89,933
2026-09-18T20:20:00+08:00,2026-09-18 20:20:00,20.8,21.2,2.6,3.8,9.6,83,0,0,0,0.6,0.7,1.6,932.8,88,0,0,92,932.8
2026-09-18T20:15:00+08:00,2026-09-18 20:15:00,20.9,21.3,3.4,4.8,9.6,88,0,0,0,0.6,0.7,1.6,933,88,0,0,87,933
2026-09-18T20:10:00+08:00,2026-09-18 20:10:00,20.9,21.3,1.5,3.8,9.6,63,0,0,0,0.6,0.7,1.6,932.9,88,0,0,85,932.9
2026-09-18T20:05:00+08:00,2026-09-18 20:05:00,20.9,21.3,2.6,3.8,9.6,76,0,0,0,0.6,0.7,1.6,932.8,87,0,0,92,932.8
2026-09-18T20:00:00+08:00,2026-09-18 20:00:00,20.9,21.3,2.9,3.5,9.6,84,0,0,0,0.6,0.7,1.6,932.8,87,0,0,89,932.8
2026-09-18T19:55:00+08:00,2026-09-18 19:55:00,21,21.4,2.6,4.6,9.6,92,0,0,0,0.6,0.7,1.6,932.7,86,0,0,88,932.7
2026-09-18T19:50:00+08:00,2026-09-18 19:50:00,21.1,21.5,2.8,4,9.6,74,0,0,0,0.6,0.7,1.6,932.7,86,0,0,88,932.7
2026-09-18T19:45:00+08:00,2026-09-18 19:45:00,21.1,21.5,3.6,4.9,9.6,94,0,0,0,0.6,0.7,1.6,932.4,85,0,0,85,932.4
2026-09-18T19:40:00+08:00,2026-09-18 19:40:00,21,21.4,3.3,3.7,9.6,74,0,0,0,0.6,0.7,1.6,932.5,85,0,0,85,932.5
2026-09-18T19:35:00+08:00,2026-09-18 19:35:00,21.2,21.6,3.4,4.4,9.6,84,0,0,0,0.6,0.7,1.6,932.4,84,0,0,87,932.4
2026-09-18T19:30:00+08:00,2026-09-18 19:30:00,21.4,21.8,2.3,3.9,9.6,78,0,0,0,0.6,0.7,1.6,932.4,83,0,0,85,932.4
2026-09-18T19:25:00+08:00,2026-09-18 19:25:00,21.3,21.6,2.2,2.8,9.6,76,0,0,0,0.6,0.7,1.6,932.3,83,0,0,85,932.3
2026-09-18T19:20:00+08:00,2026-09-18 19:20:00,21.3,21.6,3.2,4.3,9.6,87,0,0,0,0.6,0.7,1.6,932.2,82,0,0,91,932.2
2026-09-18T19:15:00+08:00,2026-09-18 19:15:00,21.5,21.8,2.2,3.8,9.6,85,0,0,0,0.6,0.7,1.6,932.3,81,0,0,91,932.3
2026-09-18T19:10:00+08:00,2026-09-18 19:10:00,21.5,21.8,3.8,4.5,9.6,93,0,0,0,0.6,0.7,1.6,932.1,81,0,0,88,932.1
2026-09-18T19:05:00+08:00,2026-09-18 19:05:00,21.6,21.9,2.7,3.1,9.6,101,0,0,0,0.6,0.7,1.6,932.1,81,0,0,88,932.1
2026-09-18T19:00:00+08:00,2026-09-18 19:00:00,21.8,22.1,2.8,4,9.6,73,0,0,0,0.6,0.7,1.6,931.9,80,0,0,93,931.9
2026-09-18T18:55:00+08:00,2026-09-18 18:55:00,21.8,22.1,3.3,5,9.6,97,0,0,0,0.6,0.7,1.6,931.8,80,0,0,87,931.8
2026-09-18T18:50:00+08:00,2026-09-18 18:50:00,21.9,22.2,4.1,6.3,9.6,86,0,0,0,0.6,0.7,1.6,931.9,80,0,0,91,931.9
2026-09-18T18:45:00+08:00,2026-09-18 18:45:00,22,22.3,3.5,4.6,9.6,91,0,0,0,0.6,0.7,1.6,931.8,80,0,0,87,931.8
2026-09-18T18:40:00+08:00,2026-09-18 18:40:00,22,22.3,3.3,5.7,9.6,95,0,0,0,0.6,0.7,1.6,931.7,80,0,0,89,931.7
2026-09-18T18:35:00+08:00,2026-09-18 18:35:00,22,22.4,2.8,4.8,9.6,85,0,0,0,0.6,0.7,1.6,931.7,81,0,0,80,931.7
2026-09-18T18:30:00+08:00,2026-09-18 18:30:00,22.1,22.5,4,6.1,9.6,94,0,0,0,0.6,0.7,1.6,931.5,80,0,0,93,931.5
2026-09-18T18:25:00+08:00,2026-09-18 18:25:00,22.2,22.6,4.5,5.7,9.6,97,0,0,0,0.6,0.7,1.6,931.4,81,0,0,93,931.4
2026-09-18T18:20:00+08:00,2026-09-18 18:20:00,22.5,22.9,3.6,5.3,9.6,96,0,0,0,0.6,0.7,1.6,931.3,80,0,0,93,931.3
2026-09-18T18:15:00+08:00,2026-09-18 18:15:00,22.4,22.8,4.7,5.3,9.6,94,0,0,0,0.6,0.7,1.6,931.3,81,0,0,92,931.3
2026-09-18T18:10:00+08:00,2026-09-18 18:10:00,22.7,23.1,3.3,4.6,9.6,94,0,0,0,0.6,0.7,1.6,931.3,80,0,0,95,931.3
2026-09-18T18:05:00+08:00,2026-09-18 18:05:00,22.6,23,4.3,6.2,9.6,96,0,0,0,0.6,0.7,1.6,931.1,80,0,0.2,95,931.1
2026-09-18T18:00:00+08:00,2026-09-18 18:00:00,22.7,23.1,4,6.1,9.6,72,0,0,0,0.6,0.7,1.6,931,80,0,0.9,91,931
2026-09-18T17:55:00+08:00,2026-09-18 17:55:00,23,23.4,3.3,5.7,9.6,87,0,0,0,0.6,0.7,1.6,931.1,79,0,2.2,95,931.1
2026-09-18T17:50:00+08:00,2026-09-18 17:50:00,23,23.4,4.2,6.5,9.6,92,0,0,0,0.6,0.7,1.6,930.9,79,0,4.5,91,930.9
2026-09-18T17:46:00+08:00,2026-09-18 17:46:00,23.1,23.5,4.2,6.2,9.6,95,0,0,0,0.6,0.7,1.6,930.8,79,0,8,89,930.8
2026-09-18T17:40:00+08:00,2026-09-18 17:40:00,23.3,23.7,3.6,5.3,9.6,84,0,0,0,0.6,0.7,1.6,930.8,78,0,13.3,98,930.8
2026-09-18T17:35:00+08:00,2026-09-18 17:35:00,23.5,23.9,4.8,6.3,9.6,92,0,0,0,0.6,0.7,1.6,930.6,78,0,18.6,85,930.6
2026-09-18T17:30:00+08:00,2026-09-18 17:30:00,23.5,23.9,5,7,9.6,101,0,0,0,0.6,0.7,1.6,930.5,77,0,26.2,92,930.5
2026-09-18T17:25:00+08:00,2026-09-18 17:25:00,23.7,24.2,6.4,7.8,9.6,94,0,0,0,0.6,0.7,1.6,930.5,77,0,33.5,92,930.5
2026-09-18T17:20:00+08:00,2026-09-18 17:20:00,23.9,24.3,5.3,7.4,9.6,99,0,0,0,0.6,0.7,1.6,930.3,76,0,40.6,88,930.3
2026-09-18T17:15:00+08:00,2026-09-18 17:15:00,23.9,24.3,4.8,6.7,9.6,98,0,0,0,0.6,0.7,1.6,930.2,77,0,44.8,100,930.2
2026-09-18T17:10:00+08:00,2026-09-18 17:10:00,24.3,24.7,2.2,5.6,9.6,111,0,0,0,0.6,0.7,1.6,930.2,76,0,53.1,97,930.2
2026-09-18T17:05:00+08:00,2026-09-18 17:05:00,24.2,24.7,4.4,7.5,9.6,93,0,0,0,0.6,0.7,1.6,930,76,0,59.6,96,930
2026-09-18T17:00:00+08:00,2026-09-18 17:00:00,24.5,25,5.7,7.4,9.6,98,0,0,0,0.6,0.7,1.6,930.1,75,0,67.5,94,930.1
2026-09-18T16:55:00+08:00,2026-09-18 16:55:00,24.8,25.2,4.3,7.2,9.6,96,0,0,0,0.6,0.7,1.6,930,73,0,77.2,107,930
2026-09-18T16:50:00+08:00,2026-09-18 16:50:00,24.8,25.2,4,6.7,9.6,103,0,0,0,0.6,0.7,1.6,929.8,73,0,89,106,929.8
2026-09-18T16:45:00+08:00,2026-09-18 16:45:00,24.9,25.3,5.8,7.8,9.6,102,0,0,0,0.6,0.7,1.6,929.6,73,0,60.5,106,929.6
2026-09-18T16:40:00+08:00,2026-09-18 16:40:00,24.9,25.3,5,6.4,9.6,104,0,0,0,0.6,0.7,1.6,929.8,72,0,55.6,103,929.8
2026-09-18T16:35:00+08:00,2026-09-18 16:35:00,25.2,25.7,5.7,6.8,9.6,112,0,0,0,0.6,0.7,1.6,930,72,0,58.7,103,930
2026-09-18T16:30:00+08:00,2026-09-18 16:30:00,25.5,25.9,4.2,7.9,9.6,97,0,0,0,0.6,0.7,1.6,929.9,70,0,88.4,105,929.9
2026-09-18T16:25:00+08:00,2026-09-18 16:25:00,25.8,26.2,6.1,7.3,9.6,112,0,0,0,0.6,0.7,1.6,929.8,70,1,193.8,113,929.8
2026-09-18T16:20:00+08:00,2026-09-18 16:20:00,26,26.5,3.6,7.2,9.6,117,0,0,0,0.6,0.7,1.6,929.7,70,1,189.7,104,929.7
2026-09-18T16:15:00+08:00,2026-09-18 16:15:00,26,26.5,5.8,8.2,9.6,103,0,0,0,0.6,0.7,1.6,929.5,69,2,261.9,91,929.5
2026-09-18T16:10:00+08:00,2026-09-18 16:10:00,26.4,26.9,4.6,7.5,9.6,85,0,0,0,0.6,0.7,1.6,929.5,68,2,272.5,93,929.5
2026-09-18T16:05:00+08:00,2026-09-18 16:05:00,26.2,26.7,5.6,8.5,9.6,74,0,0,0,0.6,0.7,1.6,929.5,69,2,299.4,92,929.5
2026-09-18T16:00:00+08:00,2026-09-18 16:00:00,26.6,27.1,6.4,7.9,9.6,101,0,0,0,0.6,0.7,1.6,929.2,67,3,328,93,929.2
2026-09-18T15:55:00+08:00,2026-09-18 15:55:00,26.4,26.9,5.1,7.8,9.6,77,0,0,0,0.6,0.7,1.6,929.2,68,3,344,95,929.2
2026-09-18T15:50:00+08:00,2026-09-18 15:50:00,26.7,28.1,6.2,9.2,9.6,95,0,0,0,0.6,0.7,1.6,929.1,66,3,362.5,94,929.1
2026-09-18T15:45:00+08:00,2026-09-18 15:45:00,27,28.5,5.1,7.3,9.6,105,0,0,0,0.6,0.7,1.6,929.2,65,3,388.1,102,929.2
2026-09-18T15:40:00+08:00,2026-09-18 15:40:00,26.5,26.9,6.2,8.9,9.6,95,0,0,0,0.6,0.7,1.6,929.1,66,3,406.2,89,929.1
2026-09-18T15:35:00+08:00,2026-09-18 15:35:00,26.7,28.1,6.8,8,9.6,93,0,0,0,0.6,0.7,1.6,929.3,65,4,450.8,93,929.3
2026-09-18T15:30:00+08:00,2026-09-18 15:30:00,26.9,28.3,5.2,7.8,9.6,92,0,0,0,0.6,0.7,1.6,929.2,65,4,453.1,96,929.2
2026-09-18T15:25:00+08:00,2026-09-18 15:25:00,26.9,28.3,5.2,8,9.6,88,0,0,0,0.6,0.7,1.6,929.2,65,4,458.1,97,929.2
2026-09-18T15:20:00+08:00,2026-09-18 15:20:00,27.2,28.7,5,7.4,9.6,94,0,0,0,0.6,0.7,1.6,929.3,64,4,482,98,929.3
2026-09-18T15:15:00+08:00,2026-09-18 15:15:00,27.5,29.1,7.6,8.3,9.6,104,0,0,0,0.6,0.7,1.6,929.2,64,4,519.5,97,929.2
2026-09-18T15:10:00+08:00,2026-09-18 15:10:00,27.9,29.6,6,7.4,9.6,92,0,0,0,0.6,0.7,1.6,929.3,63,5,548,96,929.3
2026-09-18T15:05:00+08:00,2026-09-18 15:05:00,27.4,28.8,4.9,6.9,9.6,94,0,0,0,0.6,0.7,1.6,929.3,62,5,549,92,929.3
2026-09-18T15:00:00+08:00,2026-09-18 15:00:00,27.1,28.5,5,8,9.6,93,0,0,0,0.6,0.7,1.6,929.3,63,5,559.1,92,929.3
2026-09-18T14:55:00+08:00,2026-09-18 14:55:00,27.3,28.7,8.4,9.6,9.6,96,0,0,0,0.6,0.7,1.6,929.2,63,5,587.2,98,929.2
2026-09-18T14:50:00+08:00,2026-09-18 14:50:00,27.2,28.8,5,8.8,8.8,89,0,0,0,0.6,0.7,1.6,929.5,65,5,627,93,929.5
2026-09-18T14:45:00+08:00,2026-09-18 14:45:00,27.7,29.3,4.8,7.1,8.7,98,0,0,0,0.6,0.7,1.6,929.5,62,5,633.5,94,929.5
2026-09-18T14:40:00+08:00,2026-09-18 14:40:00,27.2,28.7,4.4,8.3,8.7,74,0,0,0,0.6,0.7,1.6,929.4,64,6,653,89,929.4
2026-09-18T14:35:00+08:00,2026-09-18 14:35:00,27.8,29.2,6.4,7.6,8.7,95,0,0,0,0.6,0.7,1.6,929.4,61,6,666,94,929.4
2026-09-18T14:30:00+08:00,2026-09-18 14:30:00,28.1,29.5,4.8,8.3,8.7,91,0,0,0,0.6,0.7,1.6,929.5,59,6,688.1,95,929.5
2026-09-18T14:25:00+08:00,2026-09-18 14:25:00,28,29.3,5,6,8.4,92,0,0,0,0.6,0.7,1.6,929.4,59,6,703.7,93,929.4
2026-09-18T14:20:00+08:00,2026-09-18 14:20:00,27.8,28.8,5.7,6.9,8.4,91,0,0,0,0.6,0.7,1.6,929.3,57,6,719.8,105,929.3
2026-09-18T14:15:00+08:00,2026-09-18 14:15:00,28.1,29.1,3.8,4.1,8.4,87,0,0,0,0.6,0.7,1.6,929.5,55,6,733.1,105,929.5
2026-09-18T14:10:00+08:00,2026-09-18 14:10:00,28.2,29.4,3.8,4.5,8.4,117,0,0,0,0.6,0.7,1.6,929.6,57,6,740.2,100,929.6
2026-09-18T14:05:00+08:00,2026-09-18 14:05:00,29,30.3,6.1,6.2,8.4,92,0,0,0,0.6,0.7,1.6,929.5,55,6,715.7,110,929.5
2026-09-18T14:00:00+08:00,2026-09-18 14:00:00,28.4,29.3,3.1,4.3,8.4,119,0,0,0,0.6,0.7,1.6,929.9,54,6,732,106,929.9
2026-09-18T13:55:00+08:00,2026-09-18 13:55:00,27.8,28.8,2.3,3.9,8.4,103,0,0,0,0.6,0.7,1.6,929.9,57,7,814.1,98,929.9
2026-09-18T13:50:00+08:00,2026-09-18 13:50:00,27.5,28.6,4.9,5.2,8.4,124,0,0,0,0.6,0.7,1.6,929.9,58,7,831.9,103,929.9
2026-09-18T13:45:00+08:00,2026-09-18 13:45:00,26.6,26.9,2.5,5.1,8.4,97,0,0,0,0.6,0.7,1.6,930.1,59,7,860.4,118,930.1
2026-09-18T13:40:00+08:00,2026-09-18 13:40:00,28.1,29.4,3.4,5.7,8.4,125,0,0,0,0.6,0.7,1.6,929.9,58,7,811.4,121,929.9
2026-09-18T13:35:00+08:00,2026-09-18 13:35:00,27,28.1,1.5,5.7,8.4,114,0,0,0,0.6,0.7,1.6,930,60,7,824.4,92,930
2026-09-18T13:30:00+08:00,2026-09-18 13:30:00,26.9,27.8,5.4,6.9,8.4,104,0,0,0,0.6,0.7,1.6,929.9,58,7,832.4,100,929.9
2026-09-18T13:25:00+08:00,2026-09-18 13:25:00,26.3,26.6,7,7,8.3,108,0,0,0,0.6,0.7,1.6,930,61,5,557.9,101,930
2026-09-18T13:20:00+08:00,2026-09-18 13:20:00,26.1,26.5,4,6.6,8.3,131,0,0,0,0.6,0.7,1.6,930.1,66,8,932.4,103,930.1
2026-09-18T13:15:00+08:00,2026-09-18 13:15:00,25.9,26.2,4.8,6,8.3,110,0,0,0,0.6,0.7,1.6,930.1,65,8,951.8,116,930.1
2026-09-18T13:10:00+08:00,2026-09-18 13:10:00,26,26.4,4.5,6.4,8.3,118,0,0,0,0.6,0.7,1.6,930.2,66,8,866.8,111,930.2
2026-09-18T13:05:00+08:00,2026-09-18 13:05:00,25.9,26.2,5.7,6.3,8.3,107,0,0,0,0.6,0.7,1.6,930.4,64,4,519.3,113,930.4
2026-09-18T13:00:00+08:00,2026-09-18 13:00:00,26,26.4,4.8,6.3,8.3,111,0,0,0,0.6,0.7,1.6,930.5,65,6,672.7,100,930.5
2026-09-18T12:55:00+08:00,2026-09-18 12:55:00,26.3,26.7,4.6,6.4,8.3,94,0,0,0,0.6,0.7,1.6,930.4,66,5,610.9,96,930.4
2026-09-18T12:50:00+08:00,2026-09-18 12:50:00,25.9,26.3,4.9,7.7,8.3,87,0,0,0,0.6,0.7,1.6,930.5,68,6,726.8,91,930.5
2026-09-18T12:45:00+08:00,2026-09-18 12:45:00,25.8,26.2,6.7,7.2,8.3,98,0,0,0,0.6,0.7,1.6,930.5,67,8,966.9,98,930.5
2026-09-18T12:40:00+08:00,2026-09-18 12:40:00,25.7,26.1,4.9,6.9,8.3,93,0,0,0,0.6,0.7,1.6,930.7,67,4,517.8,102,930.7
2026-09-18T12:35:00+08:00,2026-09-18 12:35:00,25.5,25.8,5.2,6.6,8.3,91,0,0,0,0.6,0.7,1.6,930.7,66,4,459.6,101,930.7
2026-09-18T12:30:00+08:00,2026-09-18 12:30:00,25.2,25.6,4.6,7.4,8.3,110,0,0,0,0.6,0.7,1.6,930.8,70,3,426.4,110,930.8
2026-09-18T12:25:00+08:00,2026-09-18 12:25:00,26.3,26.7,4.6,8.3,8.3,102,0,0,0,0.6,0.7,1.6,931,65,3,409.8,105,931
2026-09-18T12:20:00+08:00,2026-09-18 12:20:00,26.9,28.1,3.5,7.1,7.7,103,0,0,0,0.6,0.7,1.6,931.1,62,9,977.5,110,931.1
2026-09-18T12:15:00+08:00,2026-09-18 12:15:00,26.8,27.7,4.8,7.1,7.2,79,0,0,0,0.6,0.7,1.6,931,58,7,773.6,113,931
2026-09-18T12:10:00+08:00,2026-09-18 12:10:00,27.4,28.1,4.3,5.8,7.2,116,0,0,0,0.6,0.7,1.6,931.1,54,6,656.3,117,931.1
2026-09-18T12:05:00+08:00,2026-09-18 12:05:00,27.4,28.1,1.8,3.8,7.2,107,0,0,0,0.6,0.7,1.6,931.5,54,5,596.6,107,931.5
2026-09-18T12:00:00+08:00,2026-09-18 12:00:00,26.6,26.8,3.1,4.7,7.2,98,0,0,0,0.6,0.7,1.6,931.3,55,6,720.9,107,931.3
2026-09-18T11:55:00+08:00,2026-09-18 11:55:00,28,28.6,1.5,3.4,7.2,167,0,0,0,0.6,0.7,1.6,931.5,52,6,752.6,124,931.5
2026-09-18T11:50:00+08:00,2026-09-18 11:50:00,27.2,28,2.8,7.2,7.2,124,0,0,0,0.6,0.7,1.6,931.5,55,8,960.6,124,931.5
2026-09-18T11:45:00+08:00,2026-09-18 11:45:00,27.1,27.9,2.6,7.2,7.2,148,0,0,0,0.6,0.7,1.6,931.7,55,10,1181.8,100,931.7
2026-09-18T11:41:00+08:00,2026-09-18 11:41:00,25.8,26,2.6,5.6,5.6,359,0,0,0,0.6,0.7,1.6,931.8,59,8,956,33,931.8
2026-09-18T11:35:00+08:00,2026-09-18 11:35:00,26.1,26.3,4,5.4,5.6,63,0,0,0,0.6,0.7,1.6,931.8,59,5,640,36,931.8
2026-09-18T11:30:00+08:00,2026-09-18 11:30:00,26.5,26.7,2.8,3.6,5.1,20,0,0,0,0.6,0.7,1.6,931.9,59,6,748.5,4,931.9
2026-09-18T11:25:00+08:00,2026-09-18 11:25:00,25.6,25.8,2.1,3.8,5.1,15,0,0,0,0.6,0.7,1.6,932.1,62,7,773.6,357,932.1
2026-09-18T11:20:00+08:00,2026-09-18 11:20:00,25.4,25.7,1.3,4.8,5.1,67,0,0,0,0.6,0.7,1.6,932.1,64,9,1045.9,95,932.1
2026-09-18T11:15:00+08:00,2026-09-18 11:15:00,25.7,26,1.5,3.9,5.1,95,0,0,0,0.6,0.7,1.6,932.2,63,9,1015.7,104,932.2
2026-09-18T11:10:00+08:00,2026-09-18 11:10:00,25.7,26.1,1.3,4.3,5.1,164,0,0,0,0.6,0.7,1.6,932.4,66,8,934,119,932.4
2026-09-18T11:05:00+08:00,2026-09-18 11:05:00,25,25.3,3.4,3.8,5.1,111,0,0,0,0.6,0.7,1.6,932.3,66,5,584.8,100,932.3
2026-09-18T11:00:00+08:00,2026-09-18 11:00:00,24.2,24.5,2.8,3.8,5.1,114,0,0,0,0.6,0.7,1.6,932.5,69,4,494.6,100,932.5
2026-09-18T10:55:00+08:00,2026-09-18 10:55:00,24.2,24.6,3.9,4.5,5.1,93,0,0,0,0.6,0.7,1.6,932.6,71,4,460.1,93,932.6
2026-09-18T10:50:00+08:00,2026-09-18 10:50:00,24,24.3,3.7,4.8,4.8,103,0,0,0,0.6,0.7,1.6,932.6,71,3,403.6,102,932.6
2026-09-18T10:45:00+08:00,2026-09-18 10:45:00,24.4,24.7,3.2,3.8,4.2,97,0,0,0,0.6,0.7,1.6,932.8,71,3,392,104,932.8
2026-09-18T10:40:00+08:00,2026-09-18 10:40:00,24.5,24.8,1.5,3,4.2,162,0,0,0,0.6,0.7,1.6,932.8,70,3,367.2,134,932.8
2026-09-18T10:35:00+08:00,2026-09-18 10:35:00,24.1,24.5,1.5,2.7,4.2,10,0,0,0,0.6,0.7,1.6,932.8,72,3,368.8,110,932.8
2026-09-18T10:30:00+08:00,2026-09-18 10:30:00,24.8,25,0.9,2.1,4.2,182,0,0,0,0.6,0.7,1.6,933.1,66,3,351.1,155,933.1
2026-09-18T10:25:00+08:00,2026-09-18 10:25:00,24.8,25.1,0.7,2.6,4.2,194,0,0,0,0.6,0.7,1.6,933,70,2,293.6,194,933
2026-09-18T10:20:00+08:00,2026-09-18 10:20:00,24.4,24.7,0.6,1.8,2.4,177,0,0,0,0.6,0.7,1.6,933.3,68,2,321.4,329,933.3
2026-09-18T10:15:00+08:00,2026-09-18 10:15:00,24.3,24.5,2.7,3.4,5,340,0,0,0,0.6,0.7,1.6,933.4,67,3,335.8,340,933.4
2026-09-18T10:10:00+08:00,2026-09-18 10:10:00,24.8,25,2.3,3.3,5,223,0,0,0,0.6,0.7,1.6,933.3,64,3,334.6,204,933.3
2026-09-18T10:05:00+08:00,2026-09-18 10:05:00,25.5,25.9,0.9,2,5,223,0,0,0,0.6,0.7,1.6,933.6,70,3,360.2,236,933.6
2026-09-18T10:00:00+08:00,2026-09-18 10:00:00,25.4,25.8,0,2.6,5,181,0,0,0,0.6,0.7,1.6,933.5,71,3,375.7,196,933.5
2026-09-18T09:55:00+08:00,2026-09-18 09:55:00,25.8,26.2,1.9,3.2,5,204,0,0,0,0.6,0.7,1.6,933.8,69,5,577.2,204,933.8
2026-09-18T09:50:00+08:00,2026-09-18 09:50:00,24.2,24.5,1.8,1.9,5,199,0,0,0,0.6,0.7,1.6,933.8,70,6,738,188,933.8
2026-09-18T09:45:00+08:00,2026-09-18 09:45:00,23.7,24.2,1,2.2,5,181,0,0,0,0.6,0.7,1.6,933.8,77,3,422.5,104,933.8
2026-09-18T09:40:00+08:00,2026-09-18 09:40:00,22.9,23.3,2.5,5,5,103,0,0,0,0.6,0.7,1.6,933.8,80,3,335.3,130,933.8
2026-09-18T09:35:00+08:00,2026-09-18 09:35:00,22.7,23.2,2.7,3.9,4.5,86,0,0,0,0.6,0.7,1.6,933.9,81,2,298.2,104,933.9
2026-09-18T09:30:00+08:00,2026-09-18 09:30:00,22.7,23.2,3.1,4,4.5,105,0,0,0,0.6,0.7,1.6,933.9,81,2,283.4,109,933.9
2026-09-18T09:25:00+08:00,2026-09-18 09:25:00,22.9,23.3,2.1,4.3,4.5,111,0,0,0,0.6,0.7,1.6,934,81,2,289.3,105,934
2026-09-18T09:20:00+08:00,2026-09-18 09:20:00,22.7,23.2,2.5,3.5,4.5,152,0,0,0,0.6,0.7,1.6,934,82,2,284.2,105,934
2026-09-18T09:15:00+08:00,2026-09-18 09:15:00,22.9,23.4,2.9,4.5,4.5,118,0,0,0,0.6,0.7,1.6,933.8,82,2,286,98,933.8
2026-09-18T09:10:00+08:00,2026-09-18 09:10:00,22.9,23.4,0.9,3.8,3.8,128,0,0,0,0.6,0.7,1.6,934.1,82,3,372.4,104,934.1
2026-09-18T09:05:00+08:00,2026-09-18 09:05:00,22.8,23.3,2,3.4,3.7,106,0,0,0,0.6,0.7,1.6,934.1,84,3,371.4,107,934.1
2026-09-18T09:00:00+08:00,2026-09-18 09:00:00,23.6,24.1,2.6,2.6,3.2,95,0,0,0,0.6,0.7,1.6,934,80,3,338.8,115,934
2026-09-18T08:55:00+08:00,2026-09-18 08:55:00,24.1,24.5,0.5,1.2,3.2,145,0,0,0,0.6,0.7,1.6,934.2,73,2,303.1,149,934.2
2026-09-18T08:50:00+08:00,2026-09-18 08:50:00,23.8,24.2,0.5,1.8,3.2,210,0,0,0,0.6,0.7,1.6,934.2,75,2,246.4,205,934.2
2026-09-18T08:45:00+08:00,2026-09-18 08:45:00,23.5,23.9,0,1.3,3.2,213,0,0,0,0.6,0.7,1.6,934,76,2,276.8,205,934
2026-09-18T08:40:00+08:00,2026-09-18 08:40:00,23.3,23.6,0,2,3.2,173,0,0,0,0.6,0.7,1.6,934.2,75,2,259.1,205,934.2
2026-09-18T08:35:00+08:00,2026-09-18 08:35:00,23.7,24.1,0,1.2,3.2,230,0,0,0,0.6,0.7,1.6,934.2,75,2,233.9,192,934.2
2026-09-18T08:30:00+08:00,2026-09-18 08:30:00,23.6,24,0.5,2,3.2,202,0,0,0,0.6,0.7,1.6,934.3,74,2,234.5,198,934.3
2026-09-18T08:25:00+08:00,2026-09-18 08:25:00,23.6,24,1.6,1.6,3.2,202,0,0,0,0.6,0.7,1.6,934.1,74,2,266.3,204,934.1
2026-09-18T08:20:00+08:00,2026-09-18 08:20:00,23,23.3,0.6,1.8,3.2,208,0,0,0,0.6,0.7,1.6,934.2,75,2,263.6,201,934.2
2026-09-18T08:15:00+08:00,2026-09-18 08:15:00,23.2,23.6,0.6,1.2,3.2,226,0,0,0,0.6,0.7,1.6,934.3,75,2,261.4,267,934.3
2026-09-18T08:10:00+08:00,2026-09-18 08:10:00,22.8,23.1,0,0.8,3.2,275,0,0,0,0.6,0.7,1.6,934.2,77,2,238.1,226,934.2
2026-09-18T08:05:00+08:00,2026-09-18 08:05:00,22.6,22.9,0,0.7,3.2,251,0,0,0,0.6,0.7,1.6,934,77,1,177.8,171,934
2026-09-18T08:00:00+08:00,2026-09-18 08:00:00,22.2,22.5,0,1.4,3.2,192,0,0,0,0.6,0.7,1.6,934.3,77,1,169.1,179,934.3
2026-09-18T07:55:00+08:00,2026-09-18 07:55:00,22.1,22.4,1.6,1.7,3.2,182,0,0,0,0.6,0.7,1.6,934.3,77,1,146.9,179,934.3
2026-09-18T07:50:00+08:00,2026-09-18 07:50:00,22.1,22.5,0,1.6,3.2,147,0,0,0,0.6,0.7,1.6,934.1,81,1,116.3,202,934.1
2026-09-18T07:45:00+08:00,2026-09-18 07:45:00,21.9,22.2,0,1.2,3.2,212,0,0,0,0.6,0.7,1.6,934.2,80,1,113.2,204,934.2
2026-09-18T07:40:00+08:00,2026-09-18 07:40:00,22,22.5,0,0.8,3.2,210,0,0,0,0.6,0.7,1.6,934.1,85,1,115.5,290,934.1
2026-09-18T07:35:00+08:00,2026-09-18 07:35:00,21.7,22.2,0,0.5,3.2,224,0,0,0,0.6,0.7,1.6,934.2,86,0,102.7,262,934.2
2026-09-18T07:30:00+08:00,2026-09-18 07:30:00,21.7,22.2,0,1,3.2,290,0,0,0,0.6,0.7,1.6,934.1,86,0,99.8,262,934.1
2026-09-18T07:25:00+08:00,2026-09-18 07:25:00,21.4,21.8,1,1.1,3.2,194,0,0,0,0.6,0.7,1.6,933.9,85,0,82.3,259,933.9
2026-09-18T07:20:00+08:00,2026-09-18 07:20:00,21.3,21.8,0.7,1.2,3.2,239,0,0,0,0.6,0.7,1.6,934,88,0,84.3,282,934
2026-09-18T07:15:00+08:00,2026-09-18 07:15:00,21.2,21.7,1,1.8,3.2,274,0,0,0,0.6,0.7,1.6,934,89,0,87.2,282,934
2026-09-18T07:10:00+08:00,2026-09-18 07:10:00,21.3,21.8,0.8,1.2,3.2,276,0,0,0,0.6,0.7,1.6,934.1,89,0,79.6,261,934.1
2026-09-18T07:05:00+08:00,2026-09-18 07:05:00,21.2,21.7,0,1.2,3.2,287,0,0,0,0.6,0.7,1.6,934,89,0,50.7,260,934
2026-09-18T07:00:00+08:00,2026-09-18 07:00:00,21.1,21.6,1,1.3,3.2,236,0,0,0,0.6,0.7,1.6,933.8,88,0,38,260,933.8
2026-09-18T06:55:00+08:00,2026-09-18 06:55:00,21.1,21.6,0,0.8,3.2,245,0,0,0,0.6,0.7,1.6,934,88,0,27,247,934
2026-09-18T06:50:00+08:00,2026-09-18 06:50:00,21.1,21.6,0,0.8,3.2,202,0,0,0,0.6,0.7,1.6,933.9,88,0,23.3,204,933.9
2026-09-18T06:45:00+08:00,2026-09-18 06:45:00,21,21.5,0,0.8,3.2,278,0,0,0,0.6,0.7,1.6,933.8,89,0,20.1,208,933.8
2026-09-18T06:40:00+08:00,2026-09-18 06:40:00,20.9,21.3,1,1.5,3.2,208,0,0,0,0.6,0.7,1.6,933.7,88,0,17.3,230,933.7
2026-09-18T06:35:00+08:00,2026-09-18 06:35:00,20.9,21.4,0.7,1.1,3.2,231,0,0,0,0.6,0.7,1.6,933.6,89,0,13.6,230,933.6
2026-09-18T06:30:00+08:00,2026-09-18 06:30:00,20.9,21.4,0.6,1.1,3.2,240,0,0,0,0.6,0.7,1.6,933.6,89,0,11.3,203,933.6
2026-09-18T06:25:00+08:00,2026-09-18 06:25:00,20.8,21.2,0,1.4,3.2,218,0,0,0,0.6,0.7,1.6,933.7,89,0,9.7,201,933.7
2026-09-18T06:20:00+08:00,2026-09-18 06:20:00,20.8,21.3,0,1.1,3.2,273,0,0,0,0.6,0.7,1.6,933.6,90,0,8.6,201,933.6
2026-09-18T06:15:00+08:00,2026-09-18 06:15:00,20.8,21.3,0.5,1.1,3.2,198,0,0,0,0.6,0.7,1.6,933.6,90,0,6.7,195,933.6
2026-09-18T06:10:00+08:00,2026-09-18 06:10:00,20.8,21.3,0,1.3,3.2,228,0,0,0,0.6,0.7,1.6,933.4,90,0,5,161,933.4
2026-09-18T06:05:00+08:00,2026-09-18 06:05:00,20.8,21.3,0.6,1.3,3.2,159,0,0,0,0.6,0.7,1.6,933.5,91,0,5.3,157,933.5
2026-09-18T06:00:00+08:00,2026-09-18 06:00:00,20.8,21.3,0,0.9,3.2,211,0,0,0,0.6,0.7,1.6,933.3,91,0,3.7,188,933.3
2026-09-18T05:55:00+08:00,2026-09-18 05:55:00,20.8,21.3,0.5,1.2,3.2,151,0,0,0,0.6,0.7,1.6,933.3,91,0,2.5,186,933.3
2026-09-18T05:50:00+08:00,2026-09-18 05:50:00,20.8,21.3,0.5,1.1,3.2,178,0,0,0,0.6,0.7,1.6,933.2,91,0,1.3,186,933.2
2026-09-18T05:45:00+08:00,2026-09-18 05:45:00,20.9,21.4,0.7,1.1,3.2,211,0,0,0,0.6,0.7,1.6,933.2,91,0,0.6,247,933.2
2026-09-18T05:41:00+08:00,2026-09-18 05:41:00,20.9,21.4,1.1,1.1,3.2,210,0,0,0,0.6,0.7,1.6,933.2,91,0,0.3,188,933.2
2026-09-18T05:35:00+08:00,2026-09-18 05:35:00,20.9,21.4,0,0.8,3.2,122,0,0,0,0.6,0.7,1.6,933,91,0,0.1,169,933
2026-09-18T05:30:00+08:00,2026-09-18 05:30:00,20.9,21.4,0,1.1,3.2,258,0,0,0,0.6,0.7,1.6,932.9,91,0,0,276,932.9
2026-09-18T05:25:00+08:00,2026-09-18 05:25:00,20.9,21.4,0,1,3.2,309,0,0,0,0.6,0.7,1.6,932.9,91,0,0,268,932.9
2026-09-18T05:20:00+08:00,2026-09-18 05:20:00,20.9,21.4,0.6,3.1,3.2,254,0,0,0,0.6,0.7,1.6,933.1,91,0,0,204,933.1
2026-09-18T05:15:00+08:00,2026-09-18 05:15:00,20.9,21.4,0.5,0.7,3.1,351,0,0,0,0.6,0.7,1.6,933,92,0,0,198,933
2026-09-18T05:10:00+08:00,2026-09-18 05:10:00,20.8,21.3,0.6,0.8,3.1,279,0,0,0,0.6,0.7,1.6,932.9,92,0,0,245,932.9
2026-09-18T05:05:00+08:00,2026-09-18 05:05:00,20.8,21.3,0,1.2,3.1,268,0,0,0,0.6,0.7,1.6,933,92,0,0,277,933
2026-09-18T05:00:00+08:00,2026-09-18 05:00:00,20.8,21.3,0.9,1.2,3.1,269,0,0,0,0.6,0.7,1.6,932.8,92,0,0,279,932.8
2026-09-18T04:55:00+08:00,2026-09-18 04:55:00,20.8,21.3,0.8,1.7,3.1,306,0,0,0,0.6,0.7,1.6,932.8,93,0,0,331,932.8
2026-09-18T04:50:00+08:00,2026-09-18 04:50:00,20.7,21.3,0.5,1.1,3.1,241,0,0,0,0.6,0.7,1.6,932.7,92,0,0,259,932.7
2026-09-18T04:45:00+08:00,2026-09-18 04:45:00,20.7,21.3,0,1.1,3.1,202,0,0,0,0.6,0.7,1.6,932.8,93,0,0,294,932.8
2026-09-18T04:40:00+08:00,2026-09-18 04:40:00,20.7,21.3,1.1,1.2,3.1,296,0,0,0,0.6,0.7,1.6,932.7,93,0,0,190,932.7
2026-09-18T04:35:00+08:00,2026-09-18 04:35:00,20.7,21.3,0,1,3.1,185,0,0,0,0.6,0.7,1.6,932.7,93,0,0,190,932.7
2026-09-18T04:30:00+08:00,2026-09-18 04:30:00,20.7,21.3,0,0,3.1,195,0,0,0,0.6,0.7,1.6,932.6,93,0,0,315,932.6
2026-09-18T04:25:00+08:00,2026-09-18 04:25:00,20.6,21.2,1.1,1.2,3.1,280,0,0,0,0.6,0.7,1.6,932.6,93,0,0,262,932.6
2026-09-18T04:20:00+08:00,2026-09-18 04:20:00,20.6,21.2,0,0.8,3.1,248,0,0,0,0.6,0.7,1.6,932.5,93,0,0,204,932.5
2026-09-18T04:15:00+08:00,2026-09-18 04:15:00,20.7,21.3,0,1.2,3.1,199,0,0,0,0.6,0.7,1.6,932.4,93,0,0,274,932.4
2026-09-18T04:10:00+08:00,2026-09-18 04:10:00,20.7,21.3,0,0.8,3.1,192,0,0,0,0.6,0.7,1.6,932.5,93,0,0,230,932.5
2026-09-18T04:05:00+08:00,2026-09-18 04:05:00,20.8,21.3,0.5,1.3,3.1,251,0,0,0,0.6,0.7,1.6,932.4,93,0,0,224,932.4
2026-09-18T04:00:00+08:00,2026-09-18 04:00:00,20.8,21.3,0,1,3.1,245,0,0,0,0.6,0.7,1.6,932.4,93,0,0,225,932.4
2026-09-18T03:55:00+08:00,2026-09-18 03:55:00,20.8,21.3,0,1.1,3.1,225,0,0,0,0.6,0.7,1.6,932.5,93,0,0,248,932.5
2026-09-18T03:50:00+08:00,2026-09-18 03:50:00,20.9,21.5,0,0.8,3.1,211,0,0,0,0.6,0.7,1.6,932.4,93,0,0,260,932.4
2026-09-18T03:45:00+08:00,2026-09-18 03:45:00,20.8,21.3,0,0.6,3.1,155,0,0,0,0.6,0.7,1.6,932.3,93,0,0,260,932.3
2026-09-18T03:40:00+08:00,2026-09-18 03:40:00,20.8,21.3,0.6,0.7,3.1,264,0,0,0,0.6,0.7,1.6,932.3,93,0,0,202,932.3
2026-09-18T03:35:00+08:00,2026-09-18 03:35:00,20.9,21.5,0,0.7,3.1,191,0,0,0,0.6,0.7,1.6,932.4,93,0,0,210,932.4
2026-09-18T03:30:00+08:00,2026-09-18 03:30:00,20.9,21.4,0,0.7,3.1,203,0,0,0,0.6,0.7,1.6,932.3,92,0,0,203,932.3
2026-09-18T03:25:00+08:00,2026-09-18 03:25:00,20.8,21.3,0,0.7,3.1,212,0,0,0,0.6,0.7,1.6,932.2,92,0,0,205,932.2
2026-09-18T03:20:00+08:00,2026-09-18 03:20:00,20.8,21.3,0.7,0.7,3.1,205,0,0,0,0.6,0.7,1.6,932.3,92,0,0,212,932.3
2026-09-18T03:15:00+08:00,2026-09-18 03:15:00,20.9,21.5,0,0,3.1,142,0,0,0,0.6,0.7,1.6,932.2,93,0,0,120,932.2
2026-09-18T03:10:00+08:00,2026-09-18 03:10:00,20.8,21.3,0.8,1.2,3.1,113,0,0,0,0.6,0.7,1.6,932.5,93,0,0,117,932.5
2026-09-18T03:05:00+08:00,2026-09-18 03:05:00,20.7,21.3,0,0,3.1,168,0,0,0,0.6,0.7,1.6,932.4,93,0,0,186,932.4
2026-09-18T03:00:00+08:00,2026-09-18 03:00:00,20.7,21.3,0,0.6,3.1,263,0,0,0,0.6,0.7,1.6,932.2,92,0,0,269,932.2
2026-09-18T02:56:00+08:00,2026-09-18 02:56:00,20.8,21.3,0,1,3.1,269,0,0,0,0.6,0.7,1.6,932.3,93,0,0,265,932.3
2026-09-18T02:50:00+08:00,2026-09-18 02:50:00,20.7,21.3,0.9,1.2,3.1,272,0,0,0,0.6,0.7,1.6,932.3,92,0,0,245,932.3
2026-09-18T02:45:00+08:00,2026-09-18 02:45:00,20.8,21.3,0,0.5,3.1,235,0,0,0,0.6,0.7,1.6,932.4,93,0,0,233,932.4
2026-09-18T02:40:00+08:00,2026-09-18 02:40:00,20.7,21.3,0,0.6,3.1,212,0,0,0,0.6,0.7,1.6,932.4,93,0,0,212,932.4
2026-09-18T02:35:00+08:00,2026-09-18 02:35:00,20.7,21.3,0.6,0.9,3.1,256,0,0,0,0.6,0.7,1.6,932.5,93,0,0,262,932.5
2026-09-18T02:30:00+08:00,2026-09-18 02:30:00,20.7,21.3,0.5,0.9,3.1,255,0,0,0,0.6,0.7,1.6,932.5,93,0,0,212,932.5
2026-09-18T02:25:00+08:00,2026-09-18 02:25:00,20.6,21.2,0,0.6,3.1,252,0,0,0,0.6,0.7,1.6,932.5,93,0,0,212,932.5
2026-09-18T02:20:00+08:00,2026-09-18 02:20:00,20.5,21,0.8,0.9,3.1,207,0,0,0,0.6,0.7,1.6,932.5,93,0,0,291,932.5
2026-09-18T02:15:00+08:00,2026-09-18 02:15:00,20.5,21,0.9,1.6,3.1,278,0,0,0,0.6,0.7,1.6,932.5,93,0,0,291,932.5
2026-09-18T02:10:00+08:00,2026-09-18 02:10:00,20.6,21.2,1.3,1.8,3.1,285,0,0,0,0.6,0.7,1.6,932.5,93,0,0,74,932.5
2026-09-18T02:05:00+08:00,2026-09-18 02:05:00,20.7,21.3,0.6,0.6,3.1,21,0,0,0,0.6,0.7,1.6,932.6,93,0,0,82,932.6
2026-09-18T02:00:00+08:00,2026-09-18 02:00:00,20.7,21.3,1,1.5,3.1,79,0,0,0,0.6,0.7,1.6,932.6,93,0,0,110,932.6
2026-09-18T01:55:00+08:00,2026-09-18 01:55:00,20.6,21.2,1.1,1.6,3.1,106,0,0,0,0.6,0.7,1.6,932.5,93,0,0,114,932.5
2026-09-18T01:50:00+08:00,2026-09-18 01:50:00,20.6,21.2,0.6,1.1,3.1,114,0,0,0,0.6,0.7,1.6,932.6,93,0,0,98,932.6
2026-09-18T01:45:00+08:00,2026-09-18 01:45:00,20.7,21.3,0.8,1.5,3.1,93,0,0,0,0.6,0.7,1.6,932.7,93,0,0,89,932.7
2026-09-18T01:40:00+08:00,2026-09-18 01:40:00,20.8,21.3,1.9,2.2,3.1,104,0,0,0,0.6,0.7,1.6,932.7,93,0,0,93,932.7
2026-09-18T01:35:00+08:00,2026-09-18 01:35:00,20.9,21.5,1.6,2.4,3.1,92,0,0,0,0.6,0.7,1.6,932.6,93,0,0,97,932.6
2026-09-18T01:30:00+08:00,2026-09-18 01:30:00,21,21.6,1.7,3.1,3.1,96,0,0,0,0.6,0.7,1.6,932.6,92,0,0,93,932.6
2026-09-18T01:25:00+08:00,2026-09-18 01:25:00,20.7,21.2,1.2,2.2,2.2,105,0,0,0,0.6,0.7,1.6,932.8,91,0,0,97,932.8
2026-09-18T01:20:00+08:00,2026-09-18 01:20:00,20.6,21.1,1.1,1.2,2.2,101,0,0,0,0.6,0.7,1.6,932.6,92,0,0,325,932.6
2026-09-18T01:15:00+08:00,2026-09-18 01:15:00,20.6,21.1,0,0,2.2,290,0,0,0,0.6,0.7,1.6,932.6,92,0,0,341,932.6
2026-09-18T01:10:00+08:00,2026-09-18 01:10:00,20.6,21.1,0.5,0.8,2.2,344,0,0,0,0.6,0.7,1.6,932.7,92,0,0,279,932.7
2026-09-18T01:05:00+08:00,2026-09-18 01:05:00,20.7,21.3,0,1.6,2.2,15,0,0,0,0.6,0.7,1.6,932.8,92,0,0,98,932.8
2026-09-18T01:00:00+08:00,2026-09-18 01:00:00,20.6,21.1,0.8,1.2,2.2,64,0,0,0,0.6,0.7,1.6,932.8,92,0,0,108,932.8
2026-09-18T00:55:00+08:00,2026-09-18 00:55:00,20.6,21.1,0.5,1,2.2,88,0,0,0,0.6,0.7,1.6,932.8,92,0,0,84,932.8
2026-09-18T00:50:00+08:00,2026-09-18 00:50:00,20.6,21.1,0.6,1.4,2.2,67,0,0,0,0.6,0.7,1.6,932.8,92,0,0,92,932.8
2026-09-18T00:45:00+08:00,2026-09-18 00:45:00,20.6,21.1,0.6,0.9,2.2,73,0,0,0,0.6,0.7,1.6,932.9,92,0,0,79,932.9
2026-09-18T00:40:00+08:00,2026-09-18 00:40:00,20.6,21.1,0.7,1.1,2.2,76,0,0,0,0.6,0.7,1.6,932.9,92,0,0,79,932.9
2026-09-18T00:35:00+08:00,2026-09-18 00:35:00,20.8,21.3,1.4,1.8,2.2,76,0,0,0,0.6,0.7,1.6,932.9,92,0,0,92,932.9
2026-09-18T00:30:00+08:00,2026-09-18 00:30:00,20.8,21.3,1,2.1,2.2,118,0,0,0,0.6,0.7,1.6,933,91,0,0,98,933
2026-09-18T00:25:00+08:00,2026-09-18 00:25:00,20.7,21.2,1.1,1.7,1.7,108,0,0,0,0.6,0.7,1.6,933,91,0,0,98,933
2026-09-18T00:20:00+08:00,2026-09-18 00:20:00,20.7,21.2,0,0.7,1.7,291,0,0,0,0.6,0.7,1.6,933,91,0,0,324,933
2026-09-18T00:15:00+08:00,2026-09-18 00:15:00,20.6,21.1,1.2,1.3,1.7,87,0,0.6,0,0.6,0.7,1.6,933.2,91,0,0,60,933.2
2026-09-18T00:10:00+08:00,2026-09-18 00:10:00,20.5,21,0,1,1.7,89,0,0.6,0,0.6,0.7,1.6,933.2,92,0,0,95,933.2
2026-09-18T00:05:00+08:00,2026-09-18 00:05:00,20.4,20.9,0.5,1.3,1.7,168,0,0.6,0,0.6,0.7,1.6,933.3,92,0,0,119,933.3
2026-09-18T00:00:00+08:00,2026-09-18 00:00:00,20.3,20.8,1.1,1.5,1.5,134,0,0.6,0,0.6,0.7,1.6,933.3,93,0,0,88,933.3